Master Record Number,Date,Weekend?,Hour,Collision Type,Injury Type,Primary Factor,Reported_Location,Latitude,Longitude,Location,Number of Bars,Weather Condition,Severity,geometry,area_number,bar_location,Hour of Day,Visibility (mi)
902472602,2015-06-03,Weekday,12:00:00,2-Car,No injury/unknown,UNSAFE BACKING,EAST 7TH,39.168752,-86.5436,"39.168752,-86.5436",42,Clear,1,POINT (-86.5436 39.168752),0.0,"POLYGON ((-86.52910724637681 39.168752, -86.52917703294678 39.16733146173435, -86.52938572057387 39.16592460402875, -86.52973129948214 39.16454497569196, -86.5302104415578 39.163205863299055, -86.53081853240074 39.161920163234406, -86.53154971576373 39.160700257492465, -86.53239694995126 39.15955789443241, -86.53335207563498 39.15850407563497, -86.53440589443241 39.15754894995126, -86.53554825749247 39.15670171576373, -86.5367681632344 39.155970532400744, -86.53805386329906 39.155362441557806, -86.53939297569197 39.15488329948214, -86.54077260402875 39.15453772057386, -86.54217946173435 39.15432903294678, -86.5436 39.15425924637681, -86.54502053826565 39.15432903294678, -86.54642739597125 39.15453772057386, -86.54780702430803 39.15488329948214, -86.54914613670094 39.155362441557806, -86.5504318367656 39.155970532400744, -86.55165174250753 39.15670171576373, -86.55279410556759 39.15754894995126, -86.55384792436502 39.15850407563497, -86.55480305004873 39.15955789443241, -86.55565028423626 39.160700257492465, -86.55638146759925 39.161920163234406, -86.5569895584422 39.163205863299055, -86.55746870051786 39.16454497569196, -86.55781427942613 39.16592460402875, -86.55802296705322 39.16733146173435, -86.55809275362319 39.168752, -86.55802296705322 39.170172538265646, -86.55781427942613 39.17157939597124, -86.55746870051786 39.172959024308035, -86.5569895584422 39.17429813670094, -86.55638146759925 39.17558383676559, -86.55565028423626 39.17680374250753, -86.55480305004873 39.177946105567585, -86.55384792436502 39.17899992436502, -86.55279410556759 39.17995505004873, -86.55165174250753 39.180802284236265, -86.5504318367656 39.18153346759925, -86.54914613670094 39.18214155844219, -86.54780702430803 39.18262070051786, -86.54642739597125 39.18296627942613, -86.54502053826565 39.18317496705322, -86.5436 39.183244753623185, -86.54217946173435 39.18317496705322, -86.54077260402875 39.18296627942613, -86.53939297569197 39.18262070051786, -86.53805386329906 39.18214155844219, -86.5367681632344 39.18153346759925, -86.53554825749247 39.180802284236265, -86.53440589443241 39.17995505004873, -86.53335207563498 39.17899992436502, -86.53239694995126 39.177946105567585, -86.53154971576373 39.17680374250753, -86.53081853240074 39.17558383676559, -86.5302104415578 39.17429813670094, -86.52973129948214 39.172959024308035, -86.52938572057387 39.17157939597124, -86.52917703294678 39.170172538265646, -86.52910724637681 39.168752))",12,6
902430992,2015-04-07,Weekend,14:00:00,2-Car,Non-incapacitating,FOLLOWING TOO CLOSELY,17TH & SR46,39.17984,-86.507088,"39.17984,-86.507088",1,Patchy rain possible,2,POINT (-86.507088 39.17984),0.0,"POLYGON ((-86.49259524637681 39.17984, -86.49266503294677 39.17841946173435, -86.49287372057387 39.177012604028754, -86.49321929948213 39.17563297569196, -86.4936984415578 39.174293863299056, -86.49430653240074 39.17300816323441, -86.49503771576373 39.171788257492466, -86.49588494995126 39.17064589443241, -86.49684007563498 39.169592075634974, -86.49789389443241 39.168636949951264, -86.49903625749246 39.16778971576373, -86.5002561632344 39.167058532400745, -86.50154186329905 39.16645044155781, -86.50288097569197 39.16597129948214, -86.50426060402874 39.165625720573864, -86.50566746173435 39.16541703294678, -86.507088 39.16534724637681, -86.50850853826564 39.16541703294678, -86.50991539597125 39.165625720573864, -86.51129502430803 39.16597129948214, -86.51263413670094 39.16645044155781, -86.5139198367656 39.167058532400745, -86.51513974250753 39.16778971576373, -86.51628210556758 39.168636949951264, -86.51733592436501 39.169592075634974, -86.51829105004873 39.17064589443241, -86.51913828423626 39.171788257492466, -86.51986946759925 39.17300816323441, -86.5204775584422 39.174293863299056, -86.52095670051786 39.17563297569196, -86.52130227942612 39.177012604028754, -86.52151096705322 39.17841946173435, -86.52158075362318 39.17984, -86.52151096705322 39.18126053826565, -86.52130227942612 39.182667395971244, -86.52095670051786 39.184047024308036, -86.5204775584422 39.18538613670094, -86.51986946759925 39.18667183676559, -86.51913828423626 39.18789174250753, -86.51829105004873 39.189034105567586, -86.51733592436501 39.190087924365024, -86.51628210556758 39.191043050048734, -86.51513974250753 39.191890284236266, -86.5139198367656 39.19262146759925, -86.51263413670094 39.19322955844219, -86.51129502430803 39.19370870051786, -86.50991539597125 39.19405427942613, -86.50850853826564 39.19426296705322, -86.507088 39.194332753623186, -86.50566746173435 39.19426296705322, -86.50426060402874 39.19405427942613, -86.50288097569197 39.19370870051786, -86.50154186329905 39.19322955844219, -86.5002561632344 39.19262146759925, -86.49903625749246 39.191890284236266, -86.49789389443241 39.191043050048734, -86.49684007563498 39.190087924365024, -86.49588494995126 39.189034105567586, -86.49503771576373 39.18789174250753, -86.49430653240074 39.18667183676559, -86.4936984415578 39.18538613670094, -86.49321929948213 39.184047024308036, -86.49287372057387 39.182667395971244, -86.49266503294677 39.18126053826565, -86.49259524637681 39.17984))",14,6
902458081,2015-06-07,Weekend,22:00:00,1-Car,No injury/unknown,ANIMAL/OBJECT IN ROADWAY,ACUFF & SR37S,39.2123076,-86.55386352,"39.2123076,-86.55386352",0,Clear,1,POINT (-86.55386352 39.2123076),0.0,,22,1
902450952,2015-05-03,Weekday,01:00:00,2-Car,No injury/unknown,UNSAFE BACKING,ALEXANDER & W 11TH,39.173344,-86.549296,"39.173344,-86.549296",30,Clear,1,POINT (-86.549296 39.173344),0.0,"POLYGON ((-86.53480324637681 39.173344, -86.53487303294678 39.17192346173435, -86.53508172057387 39.170516604028755, -86.53542729948214 39.16913697569196, -86.5359064415578 39.16779786329906, -86.53651453240074 39.16651216323441, -86.53724571576373 39.16529225749247, -86.53809294995126 39.16414989443241, -86.53904807563498 39.163096075634975, -86.54010189443241 39.162140949951265, -86.54124425749247 39.16129371576373, -86.5424641632344 39.160562532400746, -86.54374986329906 39.15995444155781, -86.54508897569197 39.15947529948214, -86.54646860402875 39.159129720573866, -86.54787546173435 39.15892103294678, -86.549296 39.15885124637681, -86.55071653826565 39.15892103294678, -86.55212339597125 39.159129720573866, -86.55350302430803 39.15947529948214, -86.55484213670094 39.15995444155781, -86.5561278367656 39.160562532400746, -86.55734774250753 39.16129371576373, -86.55849010556759 39.162140949951265, -86.55954392436502 39.163096075634975, -86.56049905004873 39.16414989443241, -86.56134628423627 39.16529225749247, -86.56207746759925 39.16651216323441, -86.5626855584422 39.16779786329906, -86.56316470051786 39.16913697569196, -86.56351027942613 39.170516604028755, -86.56371896705322 39.17192346173435, -86.56378875362319 39.173344, -86.56371896705322 39.17476453826565, -86.56351027942613 39.176171395971245, -86.56316470051786 39.17755102430804, -86.5626855584422 39.17889013670094, -86.56207746759925 39.18017583676559, -86.56134628423627 39.18139574250753, -86.56049905004873 39.18253810556759, -86.55954392436502 39.183591924365025, -86.55849010556759 39.184547050048735, -86.55734774250753 39.18539428423627, -86.5561278367656 39.186125467599254, -86.55484213670094 39.18673355844219, -86.55350302430803 39.18721270051786, -86.55212339597125 39.187558279426135, -86.55071653826565 39.18776696705322, -86.549296 39.18783675362319, -86.54787546173435 39.18776696705322, -86.54646860402875 39.187558279426135, -86.54508897569197 39.18721270051786, -86.54374986329906 39.18673355844219, -86.5424641632344 39.186125467599254, -86.54124425749247 39.18539428423627, -86.54010189443241 39.184547050048735, -86.53904807563498 39.183591924365025, -86.53809294995126 39.18253810556759, -86.53724571576373 39.18139574250753, -86.53651453240074 39.18017583676559, -86.5359064415578 39.17889013670094, -86.53542729948214 39.17755102430804, -86.53508172057387 39.176171395971245, -86.53487303294678 39.17476453826565, -86.53480324637681 39.173344))",1,6
902583683,2015-12-02,Weekday,21:00:00,1-Car,No injury/unknown,OTHER (DRIVER) - EXPLAIN IN NARRATIVE,MCNEELY & N UNION VALLEY,39.15804397,-86.59277983,"39.15804397,-86.59277983",2,Clear,1,POINT (-86.59277983 39.15804397),0.0,"POLYGON ((-86.57828707637681 39.15804397, -86.57835686294678 39.15662343173435, -86.57856555057387 39.155216574028756, -86.57891112948214 39.153836945691964, -86.5793902715578 39.15249783329906, -86.57999836240074 39.15121213323441, -86.58072954576373 39.14999222749247, -86.58157677995126 39.148849864432414, -86.58253190563498 39.147796045634976, -86.58358572443241 39.146840919951266, -86.58472808749246 39.145993685763735, -86.5859479932344 39.14526250240075, -86.58723369329905 39.14465441155781, -86.58857280569197 39.14417526948214, -86.58995243402875 39.14382969057387, -86.59135929173435 39.14362100294678, -86.59277983 39.143551216376814, -86.59420036826565 39.14362100294678, -86.59560722597125 39.14382969057387, -86.59698685430803 39.14417526948214, -86.59832596670094 39.14465441155781, -86.5996116667656 39.14526250240075, -86.60083157250753 39.145993685763735, -86.60197393556759 39.146840919951266, -86.60302775436502 39.147796045634976, -86.60398288004873 39.148849864432414, -86.60483011423626 39.14999222749247, -86.60556129759925 39.15121213323441, -86.6061693884422 39.15249783329906, -86.60664853051786 39.153836945691964, -86.60699410942613 39.155216574028756, -86.60720279705322 39.15662343173435, -86.60727258362319 39.15804397, -86.60720279705322 39.15946450826565, -86.60699410942613 39.160871365971246, -86.60664853051786 39.16225099430804, -86.6061693884422 39.163590106700944, -86.60556129759925 39.16487580676559, -86.60483011423626 39.166095712507534, -86.60398288004873 39.16723807556759, -86.60302775436502 39.16829189436503, -86.60197393556759 39.169247020048736, -86.60083157250753 39.17009425423627, -86.5996116667656 39.170825437599255, -86.59832596670094 39.17143352844219, -86.59698685430803 39.17191267051786, -86.59560722597125 39.172258249426136, -86.59420036826565 39.17246693705322, -86.59277983 39.17253672362319, -86.59135929173435 39.17246693705322, -86.58995243402875 39.172258249426136, -86.58857280569197 39.17191267051786, -86.58723369329905 39.17143352844219, -86.5859479932344 39.170825437599255, -86.58472808749246 39.17009425423627, -86.58358572443241 39.169247020048736, -86.58253190563498 39.16829189436503, -86.58157677995126 39.16723807556759, -86.58072954576373 39.166095712507534, -86.57999836240074 39.16487580676559, -86.5793902715578 39.163590106700944, -86.57891112948214 39.16225099430804, -86.57856555057387 39.160871365971246, -86.57835686294678 39.15946450826565, -86.57828707637681 39.15804397))",21,6
902532925,2015-10-06,Weekday,15:00:00,2-Car,No injury/unknown,LEFT OF CENTER,ROCKPORT & VICTOR,39.06010496,-86.60378321,"39.06010496,-86.60378321",0,Clear,1,POINT (-86.60378321 39.06010496),0.0,,15,6
902565300,2015-11-04,Weekday,08:00:00,2-Car,No injury/unknown,SPEED TOO FAST FOR WEATHER CONDITIONS,3600 S WALNUT ST & HEATHER,39.12398948,-86.52669977,"39.12398948,-86.52669977",1,Clear,1,POINT (-86.52669977 39.12398948),0.0,"POLYGON ((-86.5122070163768 39.12398948, -86.51227680294677 39.12256894173435, -86.51248549057387 39.121162084028754, -86.51283106948213 39.11978245569196, -86.5133102115578 39.118443343299056, -86.51391830240074 39.11715764323441, -86.51464948576373 39.115937737492466, -86.51549671995126 39.11479537443241, -86.51645184563498 39.113741555634974, -86.5175056644324 39.112786429951264, -86.51864802749246 39.11193919576373, -86.5198679332344 39.111208012400745, -86.52115363329905 39.11059992155781, -86.52249274569196 39.11012077948214, -86.52387237402874 39.109775200573864, -86.52527923173434 39.10956651294678, -86.52669977 39.10949672637681, -86.52812030826564 39.10956651294678, -86.52952716597125 39.109775200573864, -86.53090679430802 39.11012077948214, -86.53224590670094 39.11059992155781, -86.53353160676559 39.111208012400745, -86.53475151250753 39.11193919576373, -86.53589387556758 39.112786429951264, -86.53694769436501 39.113741555634974, -86.53790282004873 39.11479537443241, -86.53875005423626 39.115937737492466, -86.53948123759925 39.11715764323441, -86.54008932844219 39.118443343299056, -86.54056847051785 39.11978245569196, -86.54091404942612 39.121162084028754, -86.54112273705321 39.12256894173435, -86.54119252362318 39.12398948, -86.54112273705321 39.12541001826565, -86.54091404942612 39.126816875971244, -86.54056847051785 39.128196504308036, -86.54008932844219 39.12953561670094, -86.53948123759925 39.13082131676559, -86.53875005423626 39.13204122250753, -86.53790282004873 39.133183585567586, -86.53694769436501 39.134237404365024, -86.53589387556758 39.135192530048734, -86.53475151250753 39.136039764236266, -86.53353160676559 39.13677094759925, -86.53224590670094 39.13737903844219, -86.53090679430802 39.13785818051786, -86.52952716597125 39.13820375942613, -86.52812030826564 39.13841244705322, -86.52669977 39.138482233623186, -86.52527923173434 39.13841244705322, -86.52387237402874 39.13820375942613, -86.52249274569196 39.13785818051786, -86.52115363329905 39.13737903844219, -86.5198679332344 39.13677094759925, -86.51864802749246 39.136039764236266, -86.5175056644324 39.135192530048734, -86.51645184563498 39.134237404365024, -86.51549671995126 39.133183585567586, -86.51464948576373 39.13204122250753, -86.51391830240074 39.13082131676559, -86.5133102115578 39.12953561670094, -86.51283106948213 39.128196504308036, -86.51248549057387 39.126816875971244, -86.51227680294677 39.12541001826565, -86.5122070163768 39.12398948))",8,6
902456147,2015-06-03,Weekday,16:00:00,2-Car,No injury/unknown,,SOUTH STATE ROAD 46,39.206312,-86.571312,"39.206312,-86.571312",0,Clear,1,POINT (-86.571312 39.206312),0.0,,16,6
902379686,2015-01-07,Weekend,08:00:00,2-Car,Non-incapacitating,FAILURE TO YIELD RIGHT OF WAY,N MADISON & W 17TH,39.178992,-86.537792,"39.178992,-86.537792",33,Overcast,2,POINT (-86.537792 39.178992),0.0,"POLYGON ((-86.52329924637681 39.178992, -86.52336903294677 39.17757146173435, -86.52357772057387 39.176164604028756, -86.52392329948214 39.17478497569196, -86.5244024415578 39.17344586329906, -86.52501053240074 39.17216016323441, -86.52574171576373 39.17094025749247, -86.52658894995126 39.16979789443241, -86.52754407563498 39.168744075634976, -86.52859789443241 39.167788949951266, -86.52974025749246 39.166941715763734, -86.5309601632344 39.16621053240075, -86.53224586329905 39.16560244155781, -86.53358497569197 39.16512329948214, -86.53496460402874 39.164777720573866, -86.53637146173435 39.16456903294678, -86.537792 39.16449924637681, -86.53921253826564 39.16456903294678, -86.54061939597125 39.164777720573866, -86.54199902430803 39.16512329948214, -86.54333813670094 39.16560244155781, -86.5446238367656 39.16621053240075, -86.54584374250753 39.166941715763734, -86.54698610556758 39.167788949951266, -86.54803992436501 39.168744075634976, -86.54899505004873 39.16979789443241, -86.54984228423626 39.17094025749247, -86.55057346759925 39.17216016323441, -86.5511815584422 39.17344586329906, -86.55166070051786 39.17478497569196, -86.55200627942612 39.176164604028756, -86.55221496705322 39.17757146173435, -86.55228475362318 39.178992, -86.55221496705322 39.18041253826565, -86.55200627942612 39.181819395971246, -86.55166070051786 39.18319902430804, -86.5511815584422 39.184538136700944, -86.55057346759925 39.18582383676559, -86.54984228423626 39.187043742507534, -86.54899505004873 39.18818610556759, -86.54803992436501 39.189239924365026, -86.54698610556758 39.190195050048736, -86.54584374250753 39.19104228423627, -86.5446238367656 39.191773467599255, -86.54333813670094 39.19238155844219, -86.54199902430803 39.19286070051786, -86.54061939597125 39.193206279426136, -86.53921253826564 39.19341496705322, -86.537792 39.19348475362319, -86.53637146173435 39.19341496705322, -86.53496460402874 39.193206279426136, -86.53358497569197 39.19286070051786, -86.53224586329905 39.19238155844219, -86.5309601632344 39.191773467599255, -86.52974025749246 39.19104228423627, -86.52859789443241 39.190195050048736, -86.52754407563498 39.189239924365026, -86.52658894995126 39.18818610556759, -86.52574171576373 39.187043742507534, -86.52501053240074 39.18582383676559, -86.5244024415578 39.184538136700944, -86.52392329948214 39.18319902430804, -86.52357772057387 39.181819395971246, -86.52336903294677 39.18041253826565, -86.52329924637681 39.178992))",8,6
902547335,2015-10-03,Weekday,20:00:00,2-Car,Non-incapacitating,SPEED TOO FAST FOR WEATHER CONDITIONS,HILLSIDE & NANCY,39.15050983,-86.51106029,"39.15050983,-86.51106029",6,Heavy rain at times,2,POINT (-86.51106029 39.15050983),0.0,"POLYGON ((-86.49656753637682 39.15050983, -86.49663732294678 39.14908929173435, -86.49684601057388 39.14768243402875, -86.49719158948214 39.14630280569196, -86.4976707315578 39.144963693299054, -86.49827882240075 39.143677993234405, -86.49901000576374 39.142458087492464, -86.49985723995127 39.14131572443241, -86.50081236563499 39.14026190563497, -86.50186618443242 39.13930677995126, -86.50300854749247 39.13845954576373, -86.5042284532344 39.13772836240074, -86.50551415329906 39.137120271557805, -86.50685326569197 39.136641129482136, -86.50823289402875 39.13629555057386, -86.50963975173435 39.136086862946776, -86.51106029 39.13601707637681, -86.51248082826565 39.136086862946776, -86.51388768597126 39.13629555057386, -86.51526731430803 39.136641129482136, -86.51660642670095 39.137120271557805, -86.5178921267656 39.13772836240074, -86.51911203250754 39.13845954576373, -86.52025439556759 39.13930677995126, -86.52130821436502 39.14026190563497, -86.52226334004874 39.14131572443241, -86.52311057423627 39.142458087492464, -86.52384175759926 39.143677993234405, -86.5244498484422 39.144963693299054, -86.52492899051786 39.14630280569196, -86.52527456942613 39.14768243402875, -86.52548325705322 39.14908929173435, -86.52555304362319 39.15050983, -86.52548325705322 39.151930368265646, -86.52527456942613 39.15333722597124, -86.52492899051786 39.154716854308035, -86.5244498484422 39.15605596670094, -86.52384175759926 39.15734166676559, -86.52311057423627 39.15856157250753, -86.52226334004874 39.159703935567585, -86.52130821436502 39.16075775436502, -86.52025439556759 39.16171288004873, -86.51911203250754 39.162560114236264, -86.5178921267656 39.16329129759925, -86.51660642670095 39.16389938844219, -86.51526731430803 39.16437853051786, -86.51388768597126 39.16472410942613, -86.51248082826565 39.16493279705322, -86.51106029 39.165002583623185, -86.50963975173435 39.16493279705322, -86.50823289402875 39.16472410942613, -86.50685326569197 39.16437853051786, -86.50551415329906 39.16389938844219, -86.5042284532344 39.16329129759925, -86.50300854749247 39.162560114236264, -86.50186618443242 39.16171288004873, -86.50081236563499 39.16075775436502, -86.49985723995127 39.159703935567585, -86.49901000576374 39.15856157250753, -86.49827882240075 39.15734166676559, -86.4976707315578 39.15605596670094, -86.49719158948214 39.154716854308035, -86.49684601057388 39.15333722597124, -86.49663732294678 39.151930368265646, -86.49656753637682 39.15050983))",20,4
902400766,2015-02-02,Weekday,16:00:00,2-Car,No injury/unknown,UNSAFE BACKING,17TH & WALNUT GROVE,39.17896861,-86.52179368,"39.17896861,-86.52179368",32,Overcast,1,POINT (-86.52179368 39.17896861),0.0,"POLYGON ((-86.50730092637681 39.17896861, -86.50737071294678 39.17754807173435, -86.50757940057387 39.17614121402875, -86.50792497948214 39.17476158569196, -86.5084041215578 39.173422473299055, -86.50901221240075 39.172136773234406, -86.50974339576373 39.170916867492465, -86.51059062995127 39.16977450443241, -86.51154575563498 39.16872068563497, -86.51259957443241 39.16776555995126, -86.51374193749247 39.16691832576373, -86.5149618432344 39.166187142400744, -86.51624754329906 39.165579051557806, -86.51758665569197 39.16509990948214, -86.51896628402875 39.164754330573864, -86.52037314173435 39.16454564294678, -86.52179368 39.16447585637681, -86.52321421826565 39.16454564294678, -86.52462107597125 39.164754330573864, -86.52600070430803 39.16509990948214, -86.52733981670094 39.165579051557806, -86.5286255167656 39.166187142400744, -86.52984542250753 39.16691832576373, -86.53098778556759 39.16776555995126, -86.53204160436502 39.16872068563497, -86.53299673004874 39.16977450443241, -86.53384396423627 39.170916867492465, -86.53457514759926 39.172136773234406, -86.5351832384422 39.173422473299055, -86.53566238051786 39.17476158569196, -86.53600795942613 39.17614121402875, -86.53621664705322 39.17754807173435, -86.53628643362319 39.17896861, -86.53621664705322 39.18038914826565, -86.53600795942613 39.18179600597124, -86.53566238051786 39.183175634308036, -86.5351832384422 39.18451474670094, -86.53457514759926 39.18580044676559, -86.53384396423627 39.18702035250753, -86.53299673004874 39.188162715567586, -86.53204160436502 39.18921653436502, -86.53098778556759 39.19017166004873, -86.52984542250753 39.191018894236265, -86.5286255167656 39.19175007759925, -86.52733981670094 39.19235816844219, -86.52600070430803 39.19283731051786, -86.52462107597125 39.19318288942613, -86.52321421826565 39.19339157705322, -86.52179368 39.193461363623186, -86.52037314173435 39.19339157705322, -86.51896628402875 39.19318288942613, -86.51758665569197 39.19283731051786, -86.51624754329906 39.19235816844219, -86.5149618432344 39.19175007759925, -86.51374193749247 39.191018894236265, -86.51259957443241 39.19017166004873, -86.51154575563498 39.18921653436502, -86.51059062995127 39.188162715567586, -86.50974339576373 39.18702035250753, -86.50901221240075 39.18580044676559, -86.5084041215578 39.18451474670094, -86.50792497948214 39.183175634308036, -86.50757940057387 39.18179600597124, -86.50737071294678 39.18038914826565, -86.50730092637681 39.17896861))",16,6
902556610,2015-11-01,Weekend,03:00:00,2-Car,Non-incapacitating,DISREGARD SIGNAL/REG SIGN,10TH & COLLEGE,39.171744,-86.534768,"39.171744,-86.534768",39,Overcast,2,POINT (-86.534768 39.171744),0.0,"POLYGON ((-86.52027524637681 39.171744, -86.52034503294678 39.17032346173435, -86.52055372057387 39.16891660402875, -86.52089929948214 39.16753697569196, -86.5213784415578 39.166197863299054, -86.52198653240075 39.164912163234405, -86.52271771576373 39.163692257492464, -86.52356494995126 39.16254989443241, -86.52452007563498 39.16149607563497, -86.52557389443241 39.16054094995126, -86.52671625749247 39.15969371576373, -86.5279361632344 39.15896253240074, -86.52922186329906 39.158354441557805, -86.53056097569197 39.157875299482136, -86.53194060402875 39.15752972057386, -86.53334746173435 39.157321032946776, -86.534768 39.15725124637681, -86.53618853826565 39.157321032946776, -86.53759539597125 39.15752972057386, -86.53897502430803 39.157875299482136, -86.54031413670094 39.158354441557805, -86.5415998367656 39.15896253240074, -86.54281974250753 39.15969371576373, -86.54396210556759 39.16054094995126, -86.54501592436502 39.16149607563497, -86.54597105004873 39.16254989443241, -86.54681828423627 39.163692257492464, -86.54754946759925 39.164912163234405, -86.5481575584422 39.166197863299054, -86.54863670051786 39.16753697569196, -86.54898227942613 39.16891660402875, -86.54919096705322 39.17032346173435, -86.54926075362319 39.171744, -86.54919096705322 39.173164538265645, -86.54898227942613 39.17457139597124, -86.54863670051786 39.175951024308034, -86.5481575584422 39.17729013670094, -86.54754946759925 39.17857583676559, -86.54681828423627 39.17979574250753, -86.54597105004873 39.180938105567584, -86.54501592436502 39.18199192436502, -86.54396210556759 39.18294705004873, -86.54281974250753 39.183794284236264, -86.5415998367656 39.18452546759925, -86.54031413670094 39.18513355844219, -86.53897502430803 39.18561270051786, -86.53759539597125 39.18595827942613, -86.53618853826565 39.18616696705322, -86.534768 39.186236753623184, -86.53334746173435 39.18616696705322, -86.53194060402875 39.18595827942613, -86.53056097569197 39.18561270051786, -86.52922186329906 39.18513355844219, -86.5279361632344 39.18452546759925, -86.52671625749247 39.183794284236264, -86.52557389443241 39.18294705004873, -86.52452007563498 39.18199192436502, -86.52356494995126 39.180938105567584, -86.52271771576373 39.17979574250753, -86.52198653240075 39.17857583676559, -86.5213784415578 39.17729013670094, -86.52089929948214 39.175951024308034, -86.52055372057387 39.17457139597124, -86.52034503294678 39.173164538265645, -86.52027524637681 39.171744))",3,5
902519732,2015-09-07,Weekend,14:00:00,Moped/Motorcycle,Non-incapacitating,FAILURE TO YIELD RIGHT OF WAY,E ATWATER & S FESS,39.163328,-86.525808,"39.163328,-86.525808",43,Clear,2,POINT (-86.525808 39.163328),0.0,"POLYGON ((-86.51131524637681 39.163328, -86.51138503294678 39.16190746173435, -86.51159372057387 39.160500604028755, -86.51193929948214 39.15912097569196, -86.5124184415578 39.15778186329906, -86.51302653240074 39.15649616323441, -86.51375771576373 39.15527625749247, -86.51460494995126 39.15413389443241, -86.51556007563498 39.153080075634975, -86.51661389443241 39.152124949951265, -86.51775625749247 39.15127771576373, -86.5189761632344 39.150546532400746, -86.52026186329905 39.14993844155781, -86.52160097569197 39.14945929948214, -86.52298060402875 39.149113720573865, -86.52438746173435 39.14890503294678, -86.525808 39.14883524637681, -86.52722853826565 39.14890503294678, -86.52863539597125 39.149113720573865, -86.53001502430803 39.14945929948214, -86.53135413670094 39.14993844155781, -86.5326398367656 39.150546532400746, -86.53385974250753 39.15127771576373, -86.53500210556759 39.152124949951265, -86.53605592436502 39.153080075634975, -86.53701105004873 39.15413389443241, -86.53785828423626 39.15527625749247, -86.53858946759925 39.15649616323441, -86.5391975584422 39.15778186329906, -86.53967670051786 39.15912097569196, -86.54002227942613 39.160500604028755, -86.54023096705322 39.16190746173435, -86.54030075362319 39.163328, -86.54023096705322 39.16474853826565, -86.54002227942613 39.166155395971245, -86.53967670051786 39.16753502430804, -86.5391975584422 39.16887413670094, -86.53858946759925 39.17015983676559, -86.53785828423626 39.17137974250753, -86.53701105004873 39.17252210556759, -86.53605592436502 39.173575924365025, -86.53500210556759 39.174531050048735, -86.53385974250753 39.17537828423627, -86.5326398367656 39.176109467599254, -86.53135413670094 39.17671755844219, -86.53001502430803 39.17719670051786, -86.52863539597125 39.177542279426135, -86.52722853826565 39.17775096705322, -86.525808 39.17782075362319, -86.52438746173435 39.17775096705322, -86.52298060402875 39.177542279426135, -86.52160097569197 39.17719670051786, -86.52026186329905 39.17671755844219, -86.5189761632344 39.176109467599254, -86.51775625749247 39.17537828423627, -86.51661389443241 39.174531050048735, -86.51556007563498 39.173575924365025, -86.51460494995126 39.17252210556759, -86.51375771576373 39.17137974250753, -86.51302653240074 39.17015983676559, -86.5124184415578 39.16887413670094, -86.51193929948214 39.16753502430804, -86.51159372057387 39.166155395971245, -86.51138503294678 39.16474853826565, -86.51131524637681 39.163328))",14,6
902437612,2015-04-04,Weekday,14:00:00,1-Car,No injury/unknown,UNSAFE BACKING,S FAIRFAX,39.09294436,-86.5167456,"39.09294436,-86.5167456",0,Cloudy,1,POINT (-86.5167456 39.09294436),0.0,,14,6
902399727,2015-02-07,Weekend,01:00:00,2-Car,No injury/unknown,SPEED TOO FAST FOR WEATHER CONDITIONS,INDIANA & THIRD,39.16430652,-86.52691309,"39.16430652,-86.52691309",43,Clear,1,POINT (-86.52691309 39.16430652),0.0,"POLYGON ((-86.5124203363768 39.16430652, -86.51249012294677 39.16288598173435, -86.51269881057387 39.16147912402875, -86.51304438948213 39.16009949569196, -86.5135235315578 39.158760383299054, -86.51413162240074 39.157474683234405, -86.51486280576373 39.156254777492464, -86.51571003995126 39.15511241443241, -86.51666516563498 39.15405859563497, -86.5177189844324 39.15310346995126, -86.51886134749246 39.15225623576373, -86.5200812532344 39.15152505240074, -86.52136695329905 39.150916961557805, -86.52270606569196 39.150437819482136, -86.52408569402874 39.15009224057386, -86.52549255173435 39.149883552946775, -86.52691309 39.14981376637681, -86.52833362826564 39.149883552946775, -86.52974048597125 39.15009224057386, -86.53112011430802 39.150437819482136, -86.53245922670094 39.150916961557805, -86.53374492676559 39.15152505240074, -86.53496483250753 39.15225623576373, -86.53610719556758 39.15310346995126, -86.53716101436501 39.15405859563497, -86.53811614004873 39.15511241443241, -86.53896337423626 39.156254777492464, -86.53969455759925 39.157474683234405, -86.54030264844219 39.158760383299054, -86.54078179051785 39.16009949569196, -86.54112736942612 39.16147912402875, -86.54133605705321 39.16288598173435, -86.54140584362318 39.16430652, -86.54133605705321 39.165727058265645, -86.54112736942612 39.16713391597124, -86.54078179051785 39.168513544308034, -86.54030264844219 39.16985265670094, -86.53969455759925 39.17113835676559, -86.53896337423626 39.17235826250753, -86.53811614004873 39.173500625567584, -86.53716101436501 39.17455444436502, -86.53610719556758 39.17550957004873, -86.53496483250753 39.17635680423626, -86.53374492676559 39.17708798759925, -86.53245922670094 39.17769607844219, -86.53112011430802 39.17817522051786, -86.52974048597125 39.17852079942613, -86.52833362826564 39.17872948705322, -86.52691309 39.178799273623184, -86.52549255173435 39.17872948705322, -86.52408569402874 39.17852079942613, -86.52270606569196 39.17817522051786, -86.52136695329905 39.17769607844219, -86.5200812532344 39.17708798759925, -86.51886134749246 39.17635680423626, -86.5177189844324 39.17550957004873, -86.51666516563498 39.17455444436502, -86.51571003995126 39.173500625567584, -86.51486280576373 39.17235826250753, -86.51413162240074 39.17113835676559, -86.5135235315578 39.16985265670094, -86.51304438948213 39.168513544308034, -86.51269881057387 39.16713391597124, -86.51249012294677 39.165727058265645, -86.5124203363768 39.16430652))",1,6