Master Record Number,Date,Weekend?,Hour,Collision Type,Injury Type,Primary Factor,Reported_Location,Latitude,Longitude,Location,Number of Bars,Weather Condition,Severity,geometry,area_number,bar_location,Hour of Day,Visibility (mi)
902405967,2015-03-02,Weekday,18:00:00,2-Car,No injury/unknown,FAILURE TO YIELD RIGHT OF WAY,RHORER & S OLD ST RD 37,39.12141994,-86.53134986,"39.12141994,-86.53134986",0,Partly cloudy,1,POINT (-86.53134986 39.12141994),0.0,,18,6
902399716,2015-02-01,Weekend,04:00:00,1-Car,No injury/unknown,SPEED TOO FAST FOR WEATHER CONDITIONS,NORTH WALNUT,39.16893387,-86.53321838,"39.16893387,-86.53321838",41,Light freezing rain,1,POINT (-86.53321838 39.16893387),0.0,"POLYGON ((-86.5187256263768 39.16893387, -86.51879541294677 39.16751333173435, -86.51900410057387 39.16610647402875, -86.51934967948213 39.16472684569196, -86.5198288215578 39.163387733299054, -86.52043691240074 39.162102033234405, -86.52116809576373 39.160882127492464, -86.52201532995126 39.15973976443241, -86.52297045563498 39.15868594563497, -86.5240242744324 39.15773081995126, -86.52516663749246 39.15688358576373, -86.5263865432344 39.15615240240074, -86.52767224329905 39.155544311557804, -86.52901135569196 39.155065169482135, -86.53039098402874 39.15471959057386, -86.53179784173435 39.154510902946775, -86.53321838 39.15444111637681, -86.53463891826564 39.154510902946775, -86.53604577597125 39.15471959057386, -86.53742540430802 39.155065169482135, -86.53876451670094 39.155544311557804, -86.5400502167656 39.15615240240074, -86.54127012250753 39.15688358576373, -86.54241248556758 39.15773081995126, -86.54346630436501 39.15868594563497, -86.54442143004873 39.15973976443241, -86.54526866423626 39.160882127492464, -86.54599984759925 39.162102033234405, -86.5466079384422 39.163387733299054, -86.54708708051785 39.16472684569196, -86.54743265942612 39.16610647402875, -86.54764134705322 39.16751333173435, -86.54771113362318 39.16893387, -86.54764134705322 39.170354408265645, -86.54743265942612 39.17176126597124, -86.54708708051785 39.173140894308034, -86.5466079384422 39.17448000670094, -86.54599984759925 39.17576570676559, -86.54526866423626 39.17698561250753, -86.54442143004873 39.178127975567584, -86.54346630436501 39.17918179436502, -86.54241248556758 39.18013692004873, -86.54127012250753 39.18098415423626, -86.5400502167656 39.18171533759925, -86.53876451670094 39.18232342844219, -86.53742540430802 39.18280257051786, -86.53604577597125 39.18314814942613, -86.53463891826564 39.18335683705322, -86.53321838 39.183426623623184, -86.53179784173435 39.18335683705322, -86.53039098402874 39.18314814942613, -86.52901135569196 39.18280257051786, -86.52767224329905 39.18232342844219, -86.5263865432344 39.18171533759925, -86.52516663749246 39.18098415423626, -86.5240242744324 39.18013692004873, -86.52297045563498 39.17918179436502, -86.52201532995126 39.178127975567584, -86.52116809576373 39.17698561250753, -86.52043691240074 39.17576570676559, -86.5198288215578 39.17448000670094, -86.51934967948213 39.173140894308034, -86.51900410057387 39.17176126597124, -86.51879541294677 39.170354408265645, -86.5187256263768 39.16893387))",4,6
902528421,2015-09-01,Weekend,00:00:00,2-Car,No injury/unknown,OTHER (DRIVER) - EXPLAIN IN NARRATIVE,E MESA,39.09961555,-86.49080387,"39.09961555,-86.49080387",0,Partly cloudy,1,POINT (-86.49080387 39.09961555),0.0,,0,3
902515564,2015-09-05,Weekday,19:00:00,Bus,No injury/unknown,IMPROPER PASSING,EAST 3RD & S BALLENTINE,39.16427024,-86.51912972,"39.16427024,-86.51912972",36,Clear,1,POINT (-86.51912972 39.16427024),0.0,"POLYGON ((-86.50463696637681 39.16427024, -86.50470675294677 39.16284970173435, -86.50491544057387 39.161442844028755, -86.50526101948213 39.16006321569196, -86.5057401615578 39.15872410329906, -86.50634825240074 39.15743840323441, -86.50707943576373 39.15621849749247, -86.50792666995126 39.15507613443241, -86.50888179563498 39.154022315634975, -86.50993561443241 39.153067189951265, -86.51107797749246 39.152219955763734, -86.5122978832344 39.15148877240075, -86.51358358329905 39.15088068155781, -86.51492269569196 39.15040153948214, -86.51630232402874 39.150055960573866, -86.51770918173435 39.14984727294678, -86.51912972 39.14977748637681, -86.52055025826564 39.14984727294678, -86.52195711597125 39.150055960573866, -86.52333674430803 39.15040153948214, -86.52467585670094 39.15088068155781, -86.5259615567656 39.15148877240075, -86.52718146250753 39.152219955763734, -86.52832382556758 39.153067189951265, -86.52937764436501 39.154022315634975, -86.53033277004873 39.15507613443241, -86.53118000423626 39.15621849749247, -86.53191118759925 39.15743840323441, -86.5325192784422 39.15872410329906, -86.53299842051786 39.16006321569196, -86.53334399942612 39.161442844028755, -86.53355268705322 39.16284970173435, -86.53362247362318 39.16427024, -86.53355268705322 39.16569077826565, -86.53334399942612 39.167097635971245, -86.53299842051786 39.16847726430804, -86.5325192784422 39.16981637670094, -86.53191118759925 39.17110207676559, -86.53118000423626 39.17232198250753, -86.53033277004873 39.17346434556759, -86.52937764436501 39.174518164365026, -86.52832382556758 39.175473290048735, -86.52718146250753 39.17632052423627, -86.5259615567656 39.177051707599254, -86.52467585670094 39.17765979844219, -86.52333674430803 39.17813894051786, -86.52195711597125 39.178484519426135, -86.52055025826564 39.17869320705322, -86.51912972 39.17876299362319, -86.51770918173435 39.17869320705322, -86.51630232402874 39.178484519426135, -86.51492269569196 39.17813894051786, -86.51358358329905 39.17765979844219, -86.5122978832344 39.177051707599254, -86.51107797749246 39.17632052423627, -86.50993561443241 39.175473290048735, -86.50888179563498 39.174518164365026, -86.50792666995126 39.17346434556759, -86.50707943576373 39.17232198250753, -86.50634825240074 39.17110207676559, -86.5057401615578 39.16981637670094, -86.50526101948213 39.16847726430804, -86.50491544057387 39.167097635971245, -86.50470675294677 39.16569077826565, -86.50463696637681 39.16427024))",19,5
902548091,2015-10-04,Weekday,14:00:00,2-Car,No injury/unknown,SPEED TOO FAST FOR WEATHER CONDITIONS,HENDERSON & HILLSIDE,39.15064,-86.52696,"39.15064,-86.52696",5,Cloudy,1,POINT (-86.52696 39.15064),0.0,"POLYGON ((-86.51246724637681 39.15064, -86.51253703294678 39.149219461734354, -86.51274572057388 39.14781260402876, -86.51309129948214 39.146432975691965, -86.5135704415578 39.14509386329906, -86.51417853240075 39.14380816323441, -86.51490971576374 39.14258825749247, -86.51575694995127 39.141445894432415, -86.51671207563498 39.14039207563498, -86.51776589443242 39.13943694995127, -86.51890825749247 39.138589715763736, -86.5201281632344 39.13785853240075, -86.52141386329906 39.13725044155781, -86.52275297569197 39.13677129948214, -86.52413260402875 39.13642572057387, -86.52553946173435 39.13621703294678, -86.52696 39.136147246376815, -86.52838053826565 39.13621703294678, -86.52978739597125 39.13642572057387, -86.53116702430803 39.13677129948214, -86.53250613670095 39.13725044155781, -86.5337918367656 39.13785853240075, -86.53501174250754 39.138589715763736, -86.53615410556759 39.13943694995127, -86.53720792436502 39.14039207563498, -86.53816305004874 39.141445894432415, -86.53901028423627 39.14258825749247, -86.53974146759926 39.14380816323441, -86.5403495584422 39.14509386329906, -86.54082870051786 39.146432975691965, -86.54117427942613 39.14781260402876, -86.54138296705322 39.149219461734354, -86.54145275362319 39.15064, -86.54138296705322 39.15206053826565, -86.54117427942613 39.15346739597125, -86.54082870051786 39.15484702430804, -86.5403495584422 39.156186136700946, -86.53974146759926 39.157471836765595, -86.53901028423627 39.158691742507536, -86.53816305004874 39.15983410556759, -86.53720792436502 39.16088792436503, -86.53615410556759 39.16184305004874, -86.53501174250754 39.16269028423627, -86.5337918367656 39.16342146759926, -86.53250613670095 39.164029558442195, -86.53116702430803 39.164508700517864, -86.52978739597125 39.16485427942614, -86.52838053826565 39.165062967053224, -86.52696 39.16513275362319, -86.52553946173435 39.165062967053224, -86.52413260402875 39.16485427942614, -86.52275297569197 39.164508700517864, -86.52141386329906 39.164029558442195, -86.5201281632344 39.16342146759926, -86.51890825749247 39.16269028423627, -86.51776589443242 39.16184305004874, -86.51671207563498 39.16088792436503, -86.51575694995127 39.15983410556759, -86.51490971576374 39.158691742507536, -86.51417853240075 39.157471836765595, -86.5135704415578 39.156186136700946, -86.51309129948214 39.15484702430804, -86.51274572057388 39.15346739597125, -86.51253703294678 39.15206053826565, -86.51246724637681 39.15064))",14,6
902581174,2015-12-05,Weekday,14:00:00,2-Car,No injury/unknown,UNSAFE BACKING,S OLD STATE ROAD 37,39.137088,-86.53056,"39.137088,-86.53056",1,Clear,1,POINT (-86.53056 39.137088),0.0,"POLYGON ((-86.5160672463768 39.137088, -86.51613703294677 39.13566746173435, -86.51634572057387 39.13426060402875, -86.51669129948213 39.13288097569196, -86.5171704415578 39.131541863299056, -86.51777853240074 39.13025616323441, -86.51850971576373 39.129036257492466, -86.51935694995126 39.12789389443241, -86.52031207563498 39.12684007563497, -86.5213658944324 39.12588494995126, -86.52250825749246 39.12503771576373, -86.5237281632344 39.124306532400745, -86.52501386329905 39.123698441557806, -86.52635297569196 39.12321929948214, -86.52773260402874 39.122873720573864, -86.52913946173435 39.12266503294678, -86.53056 39.12259524637681, -86.53198053826564 39.12266503294678, -86.53338739597125 39.122873720573864, -86.53476702430802 39.12321929948214, -86.53610613670094 39.123698441557806, -86.5373918367656 39.124306532400745, -86.53861174250753 39.12503771576373, -86.53975410556758 39.12588494995126, -86.54080792436501 39.12684007563497, -86.54176305004873 39.12789389443241, -86.54261028423626 39.129036257492466, -86.54334146759925 39.13025616323441, -86.5439495584422 39.131541863299056, -86.54442870051786 39.13288097569196, -86.54477427942612 39.13426060402875, -86.54498296705322 39.13566746173435, -86.54505275362318 39.137088, -86.54498296705322 39.13850853826565, -86.54477427942612 39.139915395971244, -86.54442870051786 39.141295024308036, -86.5439495584422 39.14263413670094, -86.54334146759925 39.14391983676559, -86.54261028423626 39.14513974250753, -86.54176305004873 39.146282105567586, -86.54080792436501 39.147335924365024, -86.53975410556758 39.14829105004873, -86.53861174250753 39.149138284236265, -86.5373918367656 39.14986946759925, -86.53610613670094 39.15047755844219, -86.53476702430802 39.15095670051786, -86.53338739597125 39.15130227942613, -86.53198053826564 39.15151096705322, -86.53056 39.151580753623186, -86.52913946173435 39.15151096705322, -86.52773260402874 39.15130227942613, -86.52635297569196 39.15095670051786, -86.52501386329905 39.15047755844219, -86.5237281632344 39.14986946759925, -86.52250825749246 39.149138284236265, -86.5213658944324 39.14829105004873, -86.52031207563498 39.147335924365024, -86.51935694995126 39.146282105567586, -86.51850971576373 39.14513974250753, -86.51777853240074 39.14391983676559, -86.5171704415578 39.14263413670094, -86.51669129948213 39.141295024308036, -86.51634572057387 39.139915395971244, -86.51613703294677 39.13850853826565, -86.5160672463768 39.137088))",14,6
902489173,2015-07-07,Weekend,21:00:00,2-Car,No injury/unknown,UNSAFE BACKING,N WALNUT,39.18198955,-86.53374367,"39.18198955,-86.53374367",6,Partly cloudy,1,POINT (-86.53374367 39.18198955),0.0,"POLYGON ((-86.51925091637682 39.18198955, -86.51932070294679 39.18056901173435, -86.51952939057388 39.17916215402875, -86.51987496948215 39.17778252569196, -86.52035411155781 39.176443413299054, -86.52096220240075 39.175157713234405, -86.52169338576374 39.173937807492464, -86.52254061995127 39.17279544443241, -86.52349574563499 39.17174162563497, -86.52454956443242 39.17078649995126, -86.52569192749247 39.16993926576373, -86.52691183323441 39.16920808240074, -86.52819753329906 39.168599991557805, -86.52953664569198 39.168120849482136, -86.53091627402875 39.16777527057386, -86.53232313173436 39.167566582946776, -86.53374367 39.16749679637681, -86.53516420826566 39.167566582946776, -86.53657106597126 39.16777527057386, -86.53795069430804 39.168120849482136, -86.53928980670095 39.168599991557805, -86.5405755067656 39.16920808240074, -86.54179541250754 39.16993926576373, -86.5429377755676 39.17078649995126, -86.54399159436502 39.17174162563497, -86.54494672004874 39.17279544443241, -86.54579395423627 39.173937807492464, -86.54652513759926 39.175157713234405, -86.5471332284422 39.176443413299054, -86.54761237051787 39.17778252569196, -86.54795794942613 39.17916215402875, -86.54816663705323 39.18056901173435, -86.5482364236232 39.18198955, -86.54816663705323 39.183410088265646, -86.54795794942613 39.18481694597124, -86.54761237051787 39.186196574308035, -86.5471332284422 39.18753568670094, -86.54652513759926 39.18882138676559, -86.54579395423627 39.19004129250753, -86.54494672004874 39.191183655567585, -86.54399159436502 39.19223747436502, -86.5429377755676 39.19319260004873, -86.54179541250754 39.194039834236264, -86.5405755067656 39.19477101759925, -86.53928980670095 39.19537910844219, -86.53795069430804 39.19585825051786, -86.53657106597126 39.19620382942613, -86.53516420826566 39.19641251705322, -86.53374367 39.196482303623185, -86.53232313173436 39.19641251705322, -86.53091627402875 39.19620382942613, -86.52953664569198 39.19585825051786, -86.52819753329906 39.19537910844219, -86.52691183323441 39.19477101759925, -86.52569192749247 39.194039834236264, -86.52454956443242 39.19319260004873, -86.52349574563499 39.19223747436502, -86.52254061995127 39.191183655567585, -86.52169338576374 39.19004129250753, -86.52096220240075 39.18882138676559, -86.52035411155781 39.18753568670094, -86.51987496948215 39.186196574308035, -86.51952939057388 39.18481694597124, -86.51932070294679 39.183410088265646, -86.51925091637682 39.18198955))",21,6
902571711,2015-11-04,Weekday,22:00:00,2-Car,Non-incapacitating,UNSAFE SPEED,3RD & LIBERTY,39.16461021,-86.57913006,"39.16461021,-86.57913006",5,Clear,2,POINT (-86.57913006 39.16461021),0.0,"POLYGON ((-86.56463730637681 39.16461021, -86.56470709294678 39.16318967173435, -86.56491578057387 39.161782814028754, -86.56526135948214 39.16040318569196, -86.5657405015578 39.15906407329906, -86.56634859240074 39.15777837323441, -86.56707977576373 39.15655846749247, -86.56792700995126 39.15541610443241, -86.56888213563498 39.154362285634974, -86.56993595443241 39.153407159951264, -86.57107831749246 39.15255992576373, -86.5722982232344 39.151828742400745, -86.57358392329905 39.15122065155781, -86.57492303569197 39.15074150948214, -86.57630266402874 39.150395930573865, -86.57770952173435 39.15018724294678, -86.57913006 39.15011745637681, -86.58055059826565 39.15018724294678, -86.58195745597125 39.150395930573865, -86.58333708430803 39.15074150948214, -86.58467619670094 39.15122065155781, -86.5859618967656 39.151828742400745, -86.58718180250753 39.15255992576373, -86.58832416556758 39.153407159951264, -86.58937798436502 39.154362285634974, -86.59033311004873 39.15541610443241, -86.59118034423626 39.15655846749247, -86.59191152759925 39.15777837323441, -86.5925196184422 39.15906407329906, -86.59299876051786 39.16040318569196, -86.59334433942612 39.161782814028754, -86.59355302705322 39.16318967173435, -86.59362281362318 39.16461021, -86.59355302705322 39.16603074826565, -86.59334433942612 39.167437605971244, -86.59299876051786 39.16881723430804, -86.5925196184422 39.17015634670094, -86.59191152759925 39.17144204676559, -86.59118034423626 39.17266195250753, -86.59033311004873 39.17380431556759, -86.58937798436502 39.174858134365024, -86.58832416556758 39.175813260048734, -86.58718180250753 39.176660494236266, -86.5859618967656 39.17739167759925, -86.58467619670094 39.17799976844219, -86.58333708430803 39.17847891051786, -86.58195745597125 39.178824489426134, -86.58055059826565 39.17903317705322, -86.57913006 39.17910296362319, -86.57770952173435 39.17903317705322, -86.57630266402874 39.178824489426134, -86.57492303569197 39.17847891051786, -86.57358392329905 39.17799976844219, -86.5722982232344 39.17739167759925, -86.57107831749246 39.176660494236266, -86.56993595443241 39.175813260048734, -86.56888213563498 39.174858134365024, -86.56792700995126 39.17380431556759, -86.56707977576373 39.17266195250753, -86.56634859240074 39.17144204676559, -86.5657405015578 39.17015634670094, -86.56526135948214 39.16881723430804, -86.56491578057387 39.167437605971244, -86.56470709294678 39.16603074826565, -86.56463730637681 39.16461021))",22,6
902603001,2015-12-01,Weekend,16:00:00,3+ Cars,No injury/unknown,UNSAFE SPEED,W SR 45,39.14186096,-86.5799179,"39.14186096,-86.5799179",1,Overcast,1,POINT (-86.5799179 39.14186096),0.0,"POLYGON ((-86.56542514637681 39.14186096, -86.56549493294678 39.140440421734354, -86.56570362057387 39.13903356402876, -86.56604919948214 39.137653935691965, -86.5665283415578 39.13631482329906, -86.56713643240074 39.13502912323441, -86.56786761576373 39.13380921749247, -86.56871484995126 39.132666854432415, -86.56966997563498 39.13161303563498, -86.57072379443241 39.13065790995127, -86.57186615749247 39.129810675763736, -86.5730860632344 39.12907949240075, -86.57437176329906 39.12847140155781, -86.57571087569197 39.12799225948214, -86.57709050402875 39.12764668057387, -86.57849736173435 39.12743799294678, -86.5799179 39.127368206376815, -86.58133843826565 39.12743799294678, -86.58274529597125 39.12764668057387, -86.58412492430803 39.12799225948214, -86.58546403670094 39.12847140155781, -86.5867497367656 39.12907949240075, -86.58796964250753 39.129810675763736, -86.58911200556759 39.13065790995127, -86.59016582436502 39.13161303563498, -86.59112095004873 39.132666854432415, -86.59196818423626 39.13380921749247, -86.59269936759925 39.13502912323441, -86.5933074584422 39.13631482329906, -86.59378660051786 39.137653935691965, -86.59413217942613 39.13903356402876, -86.59434086705322 39.140440421734354, -86.59441065362319 39.14186096, -86.59434086705322 39.14328149826565, -86.59413217942613 39.14468835597125, -86.59378660051786 39.14606798430804, -86.5933074584422 39.147407096700945, -86.59269936759925 39.148692796765594, -86.59196818423626 39.149912702507535, -86.59112095004873 39.15105506556759, -86.59016582436502 39.15210888436503, -86.58911200556759 39.15306401004874, -86.58796964250753 39.15391124423627, -86.5867497367656 39.154642427599256, -86.58546403670094 39.155250518442195, -86.58412492430803 39.15572966051786, -86.58274529597125 39.15607523942614, -86.58133843826565 39.156283927053224, -86.5799179 39.15635371362319, -86.57849736173435 39.156283927053224, -86.57709050402875 39.15607523942614, -86.57571087569197 39.15572966051786, -86.57437176329906 39.155250518442195, -86.5730860632344 39.154642427599256, -86.57186615749247 39.15391124423627, -86.57072379443241 39.15306401004874, -86.56966997563498 39.15210888436503, -86.56871484995126 39.15105506556759, -86.56786761576373 39.149912702507535, -86.56713643240074 39.148692796765594, -86.5665283415578 39.147407096700945, -86.56604919948214 39.14606798430804, -86.56570362057387 39.14468835597125, -86.56549493294678 39.14328149826565, -86.56542514637681 39.14186096))",16,6
902471429,2015-06-04,Weekday,15:00:00,Moped/Motorcycle,Incapacitating,RAN OFF ROAD RIGHT,N RICHARDSON & SR45E,39.24700928,-86.39276627,"39.24700928,-86.39276627",1,Clear,2,POINT (-86.39276627 39.24700928),0.0,"POLYGON ((-86.37827351637681 39.24700928, -86.37834330294677 39.24558874173435, -86.37855199057387 39.244181884028755, -86.37889756948213 39.24280225569196, -86.3793767115578 39.24146314329906, -86.37998480240074 39.24017744323441, -86.38071598576373 39.23895753749247, -86.38156321995126 39.23781517443241, -86.38251834563498 39.236761355634975, -86.38357216443241 39.235806229951265, -86.38471452749246 39.23495899576373, -86.3859344332344 39.234227812400746, -86.38722013329905 39.23361972155781, -86.38855924569197 39.23314057948214, -86.38993887402874 39.232795000573866, -86.39134573173435 39.23258631294678, -86.39276627 39.23251652637681, -86.39418680826564 39.23258631294678, -86.39559366597125 39.232795000573866, -86.39697329430803 39.23314057948214, -86.39831240670094 39.23361972155781, -86.3995981067656 39.234227812400746, -86.40081801250753 39.23495899576373, -86.40196037556758 39.235806229951265, -86.40301419436501 39.236761355634975, -86.40396932004873 39.23781517443241, -86.40481655423626 39.23895753749247, -86.40554773759925 39.24017744323441, -86.4061558284422 39.24146314329906, -86.40663497051786 39.24280225569196, -86.40698054942612 39.244181884028755, -86.40718923705322 39.24558874173435, -86.40725902362318 39.24700928, -86.40718923705322 39.24842981826565, -86.40698054942612 39.249836675971245, -86.40663497051786 39.25121630430804, -86.4061558284422 39.25255541670094, -86.40554773759925 39.25384111676559, -86.40481655423626 39.25506102250753, -86.40396932004873 39.25620338556759, -86.40301419436501 39.257257204365025, -86.40196037556758 39.258212330048735, -86.40081801250753 39.25905956423627, -86.3995981067656 39.259790747599254, -86.39831240670094 39.26039883844219, -86.39697329430803 39.26087798051786, -86.39559366597125 39.261223559426135, -86.39418680826564 39.26143224705322, -86.39276627 39.26150203362319, -86.39134573173435 39.26143224705322, -86.38993887402874 39.261223559426135, -86.38855924569197 39.26087798051786, -86.38722013329905 39.26039883844219, -86.3859344332344 39.259790747599254, -86.38471452749246 39.25905956423627, -86.38357216443241 39.258212330048735, -86.38251834563498 39.257257204365025, -86.38156321995126 39.25620338556759, -86.38071598576373 39.25506102250753, -86.37998480240074 39.25384111676559, -86.3793767115578 39.25255541670094, -86.37889756948213 39.25121630430804, -86.37855199057387 39.249836675971245, -86.37834330294677 39.24842981826565, -86.37827351637681 39.24700928))",15,6
902422080,2015-04-04,Weekday,06:00:00,1-Car,No injury/unknown,DRIVER ASLEEP OR FATIGUED,BRYANTS CREEK & SR37,39.33556319,-86.51152924,"39.33556319,-86.51152924",0,Cloudy,1,POINT (-86.51152924 39.33556319),0.0,,6,6
902408583,2015-03-05,Weekday,17:00:00,2-Car,No injury/unknown,UNSAFE LANE MOVEMENT,THIRTEENTH & WOODLAWN,39.17521693,-86.52386099,"39.17521693,-86.52386099",40,Overcast,1,POINT (-86.52386099 39.17521693),0.0,"POLYGON ((-86.50936823637682 39.17521693, -86.50943802294678 39.17379639173435, -86.50964671057388 39.17238953402875, -86.50999228948214 39.17100990569196, -86.5104714315578 39.169670793299055, -86.51107952240075 39.168385093234406, -86.51181070576374 39.167165187492465, -86.51265793995127 39.16602282443241, -86.51361306563498 39.16496900563497, -86.51466688443242 39.16401387995126, -86.51580924749247 39.16316664576373, -86.5170291532344 39.162435462400744, -86.51831485329906 39.161827371557806, -86.51965396569197 39.16134822948214, -86.52103359402875 39.16100265057386, -86.52244045173435 39.16079396294678, -86.52386099 39.16072417637681, -86.52528152826565 39.16079396294678, -86.52668838597126 39.16100265057386, -86.52806801430803 39.16134822948214, -86.52940712670095 39.161827371557806, -86.5306928267656 39.162435462400744, -86.53191273250754 39.16316664576373, -86.53305509556759 39.16401387995126, -86.53410891436502 39.16496900563497, -86.53506404004874 39.16602282443241, -86.53591127423627 39.167165187492465, -86.53664245759926 39.168385093234406, -86.5372505484422 39.169670793299055, -86.53772969051786 39.17100990569196, -86.53807526942613 39.17238953402875, -86.53828395705322 39.17379639173435, -86.53835374362319 39.17521693, -86.53828395705322 39.176637468265646, -86.53807526942613 39.17804432597124, -86.53772969051786 39.179423954308035, -86.5372505484422 39.18076306670094, -86.53664245759926 39.18204876676559, -86.53591127423627 39.18326867250753, -86.53506404004874 39.184411035567585, -86.53410891436502 39.18546485436502, -86.53305509556759 39.18641998004873, -86.53191273250754 39.187267214236265, -86.5306928267656 39.18799839759925, -86.52940712670095 39.18860648844219, -86.52806801430803 39.18908563051786, -86.52668838597126 39.18943120942613, -86.52528152826565 39.18963989705322, -86.52386099 39.189709683623185, -86.52244045173435 39.18963989705322, -86.52103359402875 39.18943120942613, -86.51965396569197 39.18908563051786, -86.51831485329906 39.18860648844219, -86.5170291532344 39.18799839759925, -86.51580924749247 39.187267214236265, -86.51466688443242 39.18641998004873, -86.51361306563498 39.18546485436502, -86.51265793995127 39.184411035567585, -86.51181070576374 39.18326867250753, -86.51107952240075 39.18204876676559, -86.5104714315578 39.18076306670094, -86.50999228948214 39.179423954308035, -86.50964671057388 39.17804432597124, -86.50943802294678 39.176637468265646, -86.50936823637682 39.17521693))",17,1
902511055,2015-08-02,Weekday,15:00:00,1-Car,No injury/unknown,OTHER (VEHICLE) - EXPLAIN IN NARRATIVE,RENWICK,39.14958954,-86.50096893,"39.14958954,-86.50096893",4,Clear,1,POINT (-86.50096893 39.14958954),0.0,"POLYGON ((-86.48647617637681 39.14958954, -86.48654596294678 39.14816900173435, -86.48675465057387 39.146762144028756, -86.48710022948214 39.14538251569196, -86.4875793715578 39.14404340329906, -86.48818746240075 39.14275770323441, -86.48891864576373 39.14153779749247, -86.48976587995126 39.14039543443241, -86.49072100563498 39.139341615634976, -86.49177482443241 39.138386489951266, -86.49291718749247 39.137539255763734, -86.4941370932344 39.13680807240075, -86.49542279329906 39.13619998155781, -86.49676190569197 39.13572083948214, -86.49814153402875 39.135375260573866, -86.49954839173435 39.13516657294678, -86.50096893 39.13509678637681, -86.50238946826565 39.13516657294678, -86.50379632597125 39.135375260573866, -86.50517595430803 39.13572083948214, -86.50651506670094 39.13619998155781, -86.5078007667656 39.13680807240075, -86.50902067250753 39.137539255763734, -86.51016303556759 39.138386489951266, -86.51121685436502 39.139341615634976, -86.51217198004873 39.14039543443241, -86.51301921423627 39.14153779749247, -86.51375039759925 39.14275770323441, -86.5143584884422 39.14404340329906, -86.51483763051786 39.14538251569196, -86.51518320942613 39.146762144028756, -86.51539189705322 39.14816900173435, -86.51546168362319 39.14958954, -86.51539189705322 39.15101007826565, -86.51518320942613 39.152416935971246, -86.51483763051786 39.15379656430804, -86.5143584884422 39.155135676700944, -86.51375039759925 39.15642137676559, -86.51301921423627 39.157641282507534, -86.51217198004873 39.15878364556759, -86.51121685436502 39.159837464365026, -86.51016303556759 39.160792590048736, -86.50902067250753 39.16163982423627, -86.5078007667656 39.162371007599255, -86.50651506670094 39.16297909844219, -86.50517595430803 39.16345824051786, -86.50379632597125 39.163803819426136, -86.50238946826565 39.16401250705322, -86.50096893 39.16408229362319, -86.49954839173435 39.16401250705322, -86.49814153402875 39.163803819426136, -86.49676190569197 39.16345824051786, -86.49542279329906 39.16297909844219, -86.4941370932344 39.162371007599255, -86.49291718749247 39.16163982423627, -86.49177482443241 39.160792590048736, -86.49072100563498 39.159837464365026, -86.48976587995126 39.15878364556759, -86.48891864576373 39.157641282507534, -86.48818746240075 39.15642137676559, -86.4875793715578 39.155135676700944, -86.48710022948214 39.15379656430804, -86.48675465057387 39.152416935971246, -86.48654596294678 39.15101007826565, -86.48647617637681 39.14958954))",15,6