Master Record Number,Date,Weekend?,Hour,Collision Type,Injury Type,Primary Factor,Reported_Location,Latitude,Longitude,Location,Number of Bars,Weather Condition,Severity,geometry,area_number,bar_location,Hour of Day,Visibility (mi)
902381558,2015-01-03,Weekday,07:00:00,2-Car,No injury/unknown,ROADWAY SURFACE CONDITION,MATTHEWS & MCNEELY,39.23821002,-86.62392027,"39.23821002,-86.62392027",1,Patchy moderate snow,1,POINT (-86.62392027 39.23821002),0.0,"POLYGON ((-86.60942751637681 39.23821002, -86.60949730294678 39.23678948173435, -86.60970599057387 39.23538262402875, -86.61005156948214 39.23400299569196, -86.6105307115578 39.232663883299054, -86.61113880240075 39.231378183234405, -86.61186998576373 39.230158277492464, -86.61271721995126 39.22901591443241, -86.61367234563498 39.22796209563497, -86.61472616443241 39.22700696995126, -86.61586852749247 39.22615973576373, -86.6170884332344 39.22542855240074, -86.61837413329906 39.224820461557805, -86.61971324569197 39.224341319482136, -86.62109287402875 39.22399574057386, -86.62249973173435 39.223787052946776, -86.62392027 39.22371726637681, -86.62534080826565 39.223787052946776, -86.62674766597125 39.22399574057386, -86.62812729430803 39.224341319482136, -86.62946640670094 39.224820461557805, -86.6307521067656 39.22542855240074, -86.63197201250753 39.22615973576373, -86.63311437556759 39.22700696995126, -86.63416819436502 39.22796209563497, -86.63512332004873 39.22901591443241, -86.63597055423627 39.230158277492464, -86.63670173759925 39.231378183234405, -86.6373098284422 39.232663883299054, -86.63778897051786 39.23400299569196, -86.63813454942613 39.23538262402875, -86.63834323705322 39.23678948173435, -86.63841302362319 39.23821002, -86.63834323705322 39.239630558265645, -86.63813454942613 39.24103741597124, -86.63778897051786 39.242417044308034, -86.6373098284422 39.24375615670094, -86.63670173759925 39.24504185676559, -86.63597055423627 39.24626176250753, -86.63512332004873 39.247404125567584, -86.63416819436502 39.24845794436502, -86.63311437556759 39.24941307004873, -86.63197201250753 39.250260304236264, -86.6307521067656 39.25099148759925, -86.62946640670094 39.25159957844219, -86.62812729430803 39.25207872051786, -86.62674766597125 39.25242429942613, -86.62534080826565 39.25263298705322, -86.62392027 39.252702773623184, -86.62249973173435 39.25263298705322, -86.62109287402875 39.25242429942613, -86.61971324569197 39.25207872051786, -86.61837413329906 39.25159957844219, -86.6170884332344 39.25099148759925, -86.61586852749247 39.250260304236264, -86.61472616443241 39.24941307004873, -86.61367234563498 39.24845794436502, -86.61271721995126 39.247404125567584, -86.61186998576373 39.24626176250753, -86.61113880240075 39.24504185676559, -86.6105307115578 39.24375615670094, -86.61005156948214 39.242417044308034, -86.60970599057387 39.24103741597124, -86.60949730294678 39.239630558265645, -86.60942751637681 39.23821002))",7,5
902575221,2015-12-03,Weekday,17:00:00,2-Car,No injury/unknown,FOLLOWING TOO CLOSELY,ACADIA & WINSLOW,39.13599975,-86.51902981,"39.13599975,-86.51902981",1,Clear,1,POINT (-86.51902981 39.13599975),0.0,"POLYGON ((-86.50453705637682 39.13599975, -86.50460684294679 39.134579211734355, -86.50481553057388 39.13317235402876, -86.50516110948215 39.131792725691966, -86.50564025155781 39.13045361329906, -86.50624834240075 39.12916791323441, -86.50697952576374 39.12794800749247, -86.50782675995127 39.126805644432416, -86.50878188563499 39.12575182563498, -86.50983570443242 39.12479669995127, -86.51097806749247 39.12394946576374, -86.51219797323441 39.12321828240075, -86.51348367329906 39.12261019155781, -86.51482278569198 39.12213104948214, -86.51620241402875 39.12178547057387, -86.51760927173436 39.12157678294678, -86.51902981 39.121506996376816, -86.52045034826565 39.12157678294678, -86.52185720597126 39.12178547057387, -86.52323683430804 39.12213104948214, -86.52457594670095 39.12261019155781, -86.5258616467656 39.12321828240075, -86.52708155250754 39.12394946576374, -86.5282239155676 39.12479669995127, -86.52927773436502 39.12575182563498, -86.53023286004874 39.126805644432416, -86.53108009423627 39.12794800749247, -86.53181127759926 39.12916791323441, -86.5324193684422 39.13045361329906, -86.53289851051787 39.131792725691966, -86.53324408942613 39.13317235402876, -86.53345277705323 39.134579211734355, -86.5335225636232 39.13599975, -86.53345277705323 39.13742028826565, -86.53324408942613 39.13882714597125, -86.53289851051787 39.14020677430804, -86.5324193684422 39.141545886700946, -86.53181127759926 39.142831586765595, -86.53108009423627 39.144051492507536, -86.53023286004874 39.14519385556759, -86.52927773436502 39.14624767436503, -86.5282239155676 39.14720280004874, -86.52708155250754 39.14805003423627, -86.5258616467656 39.14878121759926, -86.52457594670095 39.149389308442196, -86.52323683430804 39.149868450517864, -86.52185720597126 39.15021402942614, -86.52045034826565 39.150422717053225, -86.51902981 39.15049250362319, -86.51760927173436 39.150422717053225, -86.51620241402875 39.15021402942614, -86.51482278569198 39.149868450517864, -86.51348367329906 39.149389308442196, -86.51219797323441 39.14878121759926, -86.51097806749247 39.14805003423627, -86.50983570443242 39.14720280004874, -86.50878188563499 39.14624767436503, -86.50782675995127 39.14519385556759, -86.50697952576374 39.144051492507536, -86.50624834240075 39.142831586765595, -86.50564025155781 39.141545886700946, -86.50516110948215 39.14020677430804, -86.50481553057388 39.13882714597125, -86.50460684294679 39.13742028826565, -86.50453705637682 39.13599975))",17,5
902537620,2015-10-02,Weekday,04:00:00,2-Car,No injury/unknown,FAILURE TO YIELD RIGHT OF WAY,E 9TH & N LICOLN,39.1704601,-86.53104007,"39.1704601,-86.53104007",40,Clear,1,POINT (-86.53104007 39.1704601),0.0,"POLYGON ((-86.51654731637682 39.1704601, -86.51661710294678 39.16903956173435, -86.51682579057388 39.167632704028755, -86.51717136948214 39.16625307569196, -86.5176505115578 39.16491396329906, -86.51825860240075 39.16362826323441, -86.51898978576374 39.16240835749247, -86.51983701995127 39.16126599443241, -86.52079214563499 39.160212175634975, -86.52184596443242 39.159257049951265, -86.52298832749247 39.15840981576373, -86.5242082332344 39.157678632400746, -86.52549393329906 39.15707054155781, -86.52683304569197 39.15659139948214, -86.52821267402875 39.156245820573865, -86.52961953173435 39.15603713294678, -86.53104007 39.15596734637681, -86.53246060826565 39.15603713294678, -86.53386746597126 39.156245820573865, -86.53524709430803 39.15659139948214, -86.53658620670095 39.15707054155781, -86.5378719067656 39.157678632400746, -86.53909181250754 39.15840981576373, -86.54023417556759 39.159257049951265, -86.54128799436502 39.160212175634975, -86.54224312004874 39.16126599443241, -86.54309035423627 39.16240835749247, -86.54382153759926 39.16362826323441, -86.5444296284422 39.16491396329906, -86.54490877051786 39.16625307569196, -86.54525434942613 39.167632704028755, -86.54546303705322 39.16903956173435, -86.54553282362319 39.1704601, -86.54546303705322 39.17188063826565, -86.54525434942613 39.173287495971245, -86.54490877051786 39.17466712430804, -86.5444296284422 39.17600623670094, -86.54382153759926 39.17729193676559, -86.54309035423627 39.17851184250753, -86.54224312004874 39.17965420556759, -86.54128799436502 39.180708024365025, -86.54023417556759 39.181663150048735, -86.53909181250754 39.18251038423627, -86.5378719067656 39.183241567599254, -86.53658620670095 39.18384965844219, -86.53524709430803 39.18432880051786, -86.53386746597126 39.184674379426134, -86.53246060826565 39.18488306705322, -86.53104007 39.18495285362319, -86.52961953173435 39.18488306705322, -86.52821267402875 39.184674379426134, -86.52683304569197 39.18432880051786, -86.52549393329906 39.18384965844219, -86.5242082332344 39.183241567599254, -86.52298832749247 39.18251038423627, -86.52184596443242 39.181663150048735, -86.52079214563499 39.180708024365025, -86.51983701995127 39.17965420556759, -86.51898978576374 39.17851184250753, -86.51825860240075 39.17729193676559, -86.5176505115578 39.17600623670094, -86.51717136948214 39.17466712430804, -86.51682579057388 39.173287495971245, -86.51661710294678 39.17188063826565, -86.51654731637682 39.1704601))",4,6
902425823,2015-04-03,Weekday,17:00:00,1-Car,No injury/unknown,ANIMAL/OBJECT IN ROADWAY,S ROCKPORT & W MAY,39.093344,-86.5868,"39.093344,-86.5868",0,Heavy rain at times,1,POINT (-86.5868 39.093344),0.0,,17,4
902572360,2015-11-06,Weekday,14:00:00,1-Car,Non-incapacitating,SPEED TOO FAST FOR WEATHER CONDITIONS,ALLEN & BLOOMFIELD,39.156144,-86.561296,"39.156144,-86.561296",3,Overcast,2,POINT (-86.561296 39.156144),0.0,"POLYGON ((-86.54680324637681 39.156144, -86.54687303294678 39.15472346173435, -86.54708172057387 39.15331660402875, -86.54742729948214 39.15193697569196, -86.5479064415578 39.150597863299055, -86.54851453240074 39.149312163234406, -86.54924571576373 39.148092257492465, -86.55009294995126 39.14694989443241, -86.55104807563498 39.14589607563497, -86.55210189443241 39.14494094995126, -86.55324425749247 39.14409371576373, -86.5544641632344 39.143362532400744, -86.55574986329906 39.142754441557805, -86.55708897569197 39.14227529948214, -86.55846860402875 39.14192972057386, -86.55987546173435 39.141721032946776, -86.561296 39.14165124637681, -86.56271653826565 39.141721032946776, -86.56412339597125 39.14192972057386, -86.56550302430803 39.14227529948214, -86.56684213670094 39.142754441557805, -86.5681278367656 39.143362532400744, -86.56934774250753 39.14409371576373, -86.57049010556759 39.14494094995126, -86.57154392436502 39.14589607563497, -86.57249905004873 39.14694989443241, -86.57334628423627 39.148092257492465, -86.57407746759925 39.149312163234406, -86.5746855584422 39.150597863299055, -86.57516470051786 39.15193697569196, -86.57551027942613 39.15331660402875, -86.57571896705322 39.15472346173435, -86.57578875362319 39.156144, -86.57571896705322 39.157564538265646, -86.57551027942613 39.15897139597124, -86.57516470051786 39.160351024308035, -86.5746855584422 39.16169013670094, -86.57407746759925 39.16297583676559, -86.57334628423627 39.16419574250753, -86.57249905004873 39.165338105567585, -86.57154392436502 39.16639192436502, -86.57049010556759 39.16734705004873, -86.56934774250753 39.168194284236264, -86.5681278367656 39.16892546759925, -86.56684213670094 39.16953355844219, -86.56550302430803 39.17001270051786, -86.56412339597125 39.17035827942613, -86.56271653826565 39.17056696705322, -86.561296 39.170636753623185, -86.55987546173435 39.17056696705322, -86.55846860402875 39.17035827942613, -86.55708897569197 39.17001270051786, -86.55574986329906 39.16953355844219, -86.5544641632344 39.16892546759925, -86.55324425749247 39.168194284236264, -86.55210189443241 39.16734705004873, -86.55104807563498 39.16639192436502, -86.55009294995126 39.165338105567585, -86.54924571576373 39.16419574250753, -86.54851453240074 39.16297583676559, -86.5479064415578 39.16169013670094, -86.54742729948214 39.160351024308035, -86.54708172057387 39.15897139597124, -86.54687303294678 39.157564538265646, -86.54680324637681 39.156144))",14,1
902596752,2015-12-03,Weekday,16:00:00,2-Car,No injury/unknown,UNSAFE BACKING,3400 INDIAN CREEK & FARINTON,39.13438,-86.57640301,"39.13438,-86.57640301",1,Clear,1,POINT (-86.57640301 39.13438),0.0,"POLYGON ((-86.56191025637682 39.13438, -86.56198004294679 39.13295946173435, -86.56218873057388 39.131552604028755, -86.56253430948215 39.13017297569196, -86.56301345155781 39.12883386329906, -86.56362154240075 39.12754816323441, -86.56435272576374 39.12632825749247, -86.56519995995127 39.12518589443241, -86.56615508563499 39.124132075634975, -86.56720890443242 39.123176949951265, -86.56835126749247 39.12232971576373, -86.56957117323441 39.121598532400746, -86.57085687329906 39.12099044155781, -86.57219598569198 39.12051129948214, -86.57357561402875 39.120165720573866, -86.57498247173436 39.11995703294678, -86.57640301 39.11988724637681, -86.57782354826566 39.11995703294678, -86.57923040597126 39.120165720573866, -86.58061003430804 39.12051129948214, -86.58194914670095 39.12099044155781, -86.5832348467656 39.121598532400746, -86.58445475250754 39.12232971576373, -86.5855971155676 39.123176949951265, -86.58665093436503 39.124132075634975, -86.58760606004874 39.12518589443241, -86.58845329423627 39.12632825749247, -86.58918447759926 39.12754816323441, -86.5897925684422 39.12883386329906, -86.59027171051787 39.13017297569196, -86.59061728942613 39.131552604028755, -86.59082597705323 39.13295946173435, -86.5908957636232 39.13438, -86.59082597705323 39.13580053826565, -86.59061728942613 39.137207395971245, -86.59027171051787 39.13858702430804, -86.5897925684422 39.13992613670094, -86.58918447759926 39.14121183676559, -86.58845329423627 39.14243174250753, -86.58760606004874 39.14357410556759, -86.58665093436503 39.144627924365025, -86.5855971155676 39.145583050048735, -86.58445475250754 39.14643028423627, -86.5832348467656 39.147161467599254, -86.58194914670095 39.14776955844219, -86.58061003430804 39.14824870051786, -86.57923040597126 39.148594279426135, -86.57782354826566 39.14880296705322, -86.57640301 39.14887275362319, -86.57498247173436 39.14880296705322, -86.57357561402875 39.148594279426135, -86.57219598569198 39.14824870051786, -86.57085687329906 39.14776955844219, -86.56957117323441 39.147161467599254, -86.56835126749247 39.14643028423627, -86.56720890443242 39.145583050048735, -86.56615508563499 39.144627924365025, -86.56519995995127 39.14357410556759, -86.56435272576374 39.14243174250753, -86.56362154240075 39.14121183676559, -86.56301345155781 39.13992613670094, -86.56253430948215 39.13858702430804, -86.56218873057388 39.137207395971245, -86.56198004294679 39.13580053826565, -86.56191025637682 39.13438))",16,5
902520096,2015-09-01,Weekend,17:00:00,2-Car,No injury/unknown,FAILURE TO YIELD RIGHT OF WAY,E 10TH & GRANT,39.171696,-86.529696,"39.171696,-86.529696",40,Partly cloudy,1,POINT (-86.529696 39.171696),0.0,"POLYGON ((-86.51520324637681 39.171696, -86.51527303294678 39.17027546173435, -86.51548172057387 39.16886860402875, -86.51582729948214 39.16748897569196, -86.5163064415578 39.166149863299054, -86.51691453240075 39.164864163234405, -86.51764571576373 39.163644257492464, -86.51849294995127 39.16250189443241, -86.51944807563498 39.16144807563497, -86.52050189443241 39.16049294995126, -86.52164425749247 39.15964571576373, -86.5228641632344 39.15891453240074, -86.52414986329906 39.158306441557805, -86.52548897569197 39.157827299482136, -86.52686860402875 39.15748172057386, -86.52827546173435 39.157273032946776, -86.529696 39.15720324637681, -86.53111653826565 39.157273032946776, -86.53252339597125 39.15748172057386, -86.53390302430803 39.157827299482136, -86.53524213670094 39.158306441557805, -86.5365278367656 39.15891453240074, -86.53774774250753 39.15964571576373, -86.53889010556759 39.16049294995126, -86.53994392436502 39.16144807563497, -86.54089905004874 39.16250189443241, -86.54174628423627 39.163644257492464, -86.54247746759926 39.164864163234405, -86.5430855584422 39.166149863299054, -86.54356470051786 39.16748897569196, -86.54391027942613 39.16886860402875, -86.54411896705322 39.17027546173435, -86.54418875362319 39.171696, -86.54411896705322 39.173116538265646, -86.54391027942613 39.17452339597124, -86.54356470051786 39.175903024308035, -86.5430855584422 39.17724213670094, -86.54247746759926 39.17852783676559, -86.54174628423627 39.17974774250753, -86.54089905004874 39.180890105567585, -86.53994392436502 39.18194392436502, -86.53889010556759 39.18289905004873, -86.53774774250753 39.183746284236264, -86.5365278367656 39.18447746759925, -86.53524213670094 39.18508555844219, -86.53390302430803 39.18556470051786, -86.53252339597125 39.18591027942613, -86.53111653826565 39.18611896705322, -86.529696 39.186188753623185, -86.52827546173435 39.18611896705322, -86.52686860402875 39.18591027942613, -86.52548897569197 39.18556470051786, -86.52414986329906 39.18508555844219, -86.5228641632344 39.18447746759925, -86.52164425749247 39.183746284236264, -86.52050189443241 39.18289905004873, -86.51944807563498 39.18194392436502, -86.51849294995127 39.180890105567585, -86.51764571576373 39.17974774250753, -86.51691453240075 39.17852783676559, -86.5163064415578 39.17724213670094, -86.51582729948214 39.175903024308035, -86.51548172057387 39.17452339597124, -86.51527303294678 39.173116538265646, -86.51520324637681 39.171696))",17,3
902410823,2015-03-02,Weekday,12:00:00,2-Car,No injury/unknown,UNSAFE BACKING,SOUTH FESS,39.16406237,-86.52593381,"39.16406237,-86.52593381",43,Partly cloudy,1,POINT (-86.52593381 39.16406237),0.0,"POLYGON ((-86.51144105637681 39.16406237, -86.51151084294678 39.162641831734355, -86.51171953057387 39.16123497402876, -86.51206510948214 39.159855345691966, -86.5125442515578 39.15851623329906, -86.51315234240074 39.15723053323441, -86.51388352576373 39.15601062749247, -86.51473075995126 39.154868264432416, -86.51568588563498 39.15381444563498, -86.51673970443241 39.15285931995127, -86.51788206749247 39.15201208576374, -86.5191019732344 39.15128090240075, -86.52038767329906 39.15067281155781, -86.52172678569197 39.15019366948214, -86.52310641402875 39.14984809057387, -86.52451327173435 39.14963940294678, -86.52593381 39.149569616376816, -86.52735434826565 39.14963940294678, -86.52876120597125 39.14984809057387, -86.53014083430803 39.15019366948214, -86.53147994670094 39.15067281155781, -86.5327656467656 39.15128090240075, -86.53398555250753 39.15201208576374, -86.53512791556759 39.15285931995127, -86.53618173436502 39.15381444563498, -86.53713686004873 39.154868264432416, -86.53798409423626 39.15601062749247, -86.53871527759925 39.15723053323441, -86.5393233684422 39.15851623329906, -86.53980251051786 39.159855345691966, -86.54014808942613 39.16123497402876, -86.54035677705322 39.162641831734355, -86.54042656362319 39.16406237, -86.54035677705322 39.16548290826565, -86.54014808942613 39.16688976597125, -86.53980251051786 39.16826939430804, -86.5393233684422 39.169608506700946, -86.53871527759925 39.170894206765595, -86.53798409423626 39.172114112507536, -86.53713686004873 39.17325647556759, -86.53618173436502 39.17431029436503, -86.53512791556759 39.17526542004874, -86.53398555250753 39.17611265423627, -86.5327656467656 39.17684383759926, -86.53147994670094 39.177451928442196, -86.53014083430803 39.177931070517864, -86.52876120597125 39.17827664942614, -86.52735434826565 39.178485337053225, -86.52593381 39.17855512362319, -86.52451327173435 39.178485337053225, -86.52310641402875 39.17827664942614, -86.52172678569197 39.177931070517864, -86.52038767329906 39.177451928442196, -86.5191019732344 39.17684383759926, -86.51788206749247 39.17611265423627, -86.51673970443241 39.17526542004874, -86.51568588563498 39.17431029436503, -86.51473075995126 39.17325647556759, -86.51388352576373 39.172114112507536, -86.51315234240074 39.170894206765595, -86.5125442515578 39.169608506700946, -86.51206510948214 39.16826939430804, -86.51171953057387 39.16688976597125, -86.51151084294678 39.16548290826565, -86.51144105637681 39.16406237))",12,6
902556184,2015-11-06,Weekday,12:00:00,2-Car,No injury/unknown,LEFT OF CENTER,NORTH MORTON,39.16874313,-86.53587341,"39.16874313,-86.53587341",42,Overcast,1,POINT (-86.53587341 39.16874313),0.0,"POLYGON ((-86.5213806563768 39.16874313, -86.52145044294677 39.167322591734354, -86.52165913057387 39.16591573402876, -86.52200470948213 39.164536105691965, -86.5224838515578 39.16319699329906, -86.52309194240074 39.16191129323441, -86.52382312576373 39.16069138749247, -86.52467035995126 39.159549024432415, -86.52562548563498 39.15849520563498, -86.5266793044324 39.15754007995127, -86.52782166749246 39.156692845763736, -86.5290415732344 39.15596166240075, -86.53032727329905 39.15535357155781, -86.53166638569196 39.15487442948214, -86.53304601402874 39.15452885057387, -86.53445287173435 39.15432016294678, -86.53587341 39.154250376376815, -86.53729394826564 39.15432016294678, -86.53870080597125 39.15452885057387, -86.54008043430802 39.15487442948214, -86.54141954670094 39.15535357155781, -86.54270524676559 39.15596166240075, -86.54392515250753 39.156692845763736, -86.54506751556758 39.15754007995127, -86.54612133436501 39.15849520563498, -86.54707646004873 39.159549024432415, -86.54792369423626 39.16069138749247, -86.54865487759925 39.16191129323441, -86.54926296844219 39.16319699329906, -86.54974211051785 39.164536105691965, -86.55008768942612 39.16591573402876, -86.55029637705321 39.167322591734354, -86.55036616362318 39.16874313, -86.55029637705321 39.17016366826565, -86.55008768942612 39.17157052597125, -86.54974211051785 39.17295015430804, -86.54926296844219 39.174289266700946, -86.54865487759925 39.175574966765595, -86.54792369423626 39.176794872507536, -86.54707646004873 39.17793723556759, -86.54612133436501 39.17899105436503, -86.54506751556758 39.17994618004874, -86.54392515250753 39.18079341423627, -86.54270524676559 39.18152459759926, -86.54141954670094 39.182132688442195, -86.54008043430802 39.182611830517864, -86.53870080597125 39.18295740942614, -86.53729394826564 39.183166097053224, -86.53587341 39.18323588362319, -86.53445287173435 39.183166097053224, -86.53304601402874 39.18295740942614, -86.53166638569196 39.182611830517864, -86.53032727329905 39.182132688442195, -86.5290415732344 39.18152459759926, -86.52782166749246 39.18079341423627, -86.5266793044324 39.17994618004874, -86.52562548563498 39.17899105436503, -86.52467035995126 39.17793723556759, -86.52382312576373 39.176794872507536, -86.52309194240074 39.175574966765595, -86.5224838515578 39.174289266700946, -86.52200470948213 39.17295015430804, -86.52165913057387 39.17157052597125, -86.52145044294677 39.17016366826565, -86.5213806563768 39.16874313))",12,1
902504709,2015-08-06,Weekday,12:00:00,2-Car,Non-incapacitating,FAILURE TO YIELD RIGHT OF WAY,17TH & COLLEGE,39.17874028,-86.53472169,"39.17874028,-86.53472169",37,Moderate rain at times,2,POINT (-86.53472169 39.17874028),0.0,"POLYGON ((-86.52022893637681 39.17874028, -86.52029872294678 39.17731974173435, -86.52050741057387 39.175912884028754, -86.52085298948214 39.17453325569196, -86.5213321315578 39.17319414329906, -86.52194022240074 39.17190844323441, -86.52267140576373 39.17068853749247, -86.52351863995126 39.16954617443241, -86.52447376563498 39.168492355634974, -86.52552758443241 39.167537229951265, -86.52666994749246 39.16668999576373, -86.5278898532344 39.165958812400746, -86.52917555329905 39.16535072155781, -86.53051466569197 39.16487157948214, -86.53189429402875 39.164526000573865, -86.53330115173435 39.16431731294678, -86.53472169 39.16424752637681, -86.53614222826565 39.16431731294678, -86.53754908597125 39.164526000573865, -86.53892871430803 39.16487157948214, -86.54026782670094 39.16535072155781, -86.5415535267656 39.165958812400746, -86.54277343250753 39.16668999576373, -86.54391579556759 39.167537229951265, -86.54496961436502 39.168492355634974, -86.54592474004873 39.16954617443241, -86.54677197423626 39.17068853749247, -86.54750315759925 39.17190844323441, -86.5481112484422 39.17319414329906, -86.54859039051786 39.17453325569196, -86.54893596942613 39.175912884028754, -86.54914465705322 39.17731974173435, -86.54921444362319 39.17874028, -86.54914465705322 39.18016081826565, -86.54893596942613 39.181567675971245, -86.54859039051786 39.18294730430804, -86.5481112484422 39.18428641670094, -86.54750315759925 39.18557211676559, -86.54677197423626 39.18679202250753, -86.54592474004873 39.18793438556759, -86.54496961436502 39.188988204365025, -86.54391579556759 39.189943330048735, -86.54277343250753 39.190790564236266, -86.5415535267656 39.19152174759925, -86.54026782670094 39.19212983844219, -86.53892871430803 39.19260898051786, -86.53754908597125 39.192954559426134, -86.53614222826565 39.19316324705322, -86.53472169 39.19323303362319, -86.53330115173435 39.19316324705322, -86.53189429402875 39.192954559426134, -86.53051466569197 39.19260898051786, -86.52917555329905 39.19212983844219, -86.5278898532344 39.19152174759925, -86.52666994749246 39.190790564236266, -86.52552758443241 39.189943330048735, -86.52447376563498 39.188988204365025, -86.52351863995126 39.18793438556759, -86.52267140576373 39.18679202250753, -86.52194022240074 39.18557211676559, -86.5213321315578 39.18428641670094, -86.52085298948214 39.18294730430804, -86.52050741057387 39.181567675971245, -86.52029872294678 39.18016081826565, -86.52022893637681 39.17874028))",12,5
902423678,2015-04-07,Weekend,13:00:00,2-Car,No injury/unknown,FAILURE TO YIELD RIGHT OF WAY,LIBERTY & W 3RD,39.13288687,-86.57913006,"39.13288687,-86.57913006",1,Patchy rain possible,1,POINT (-86.57913006 39.13288687),0.0,"POLYGON ((-86.56463730637681 39.13288687, -86.56470709294678 39.13146633173435, -86.56491578057387 39.130059474028755, -86.56526135948214 39.12867984569196, -86.5657405015578 39.12734073329906, -86.56634859240074 39.12605503323441, -86.56707977576373 39.12483512749247, -86.56792700995126 39.12369276443241, -86.56888213563498 39.122638945634975, -86.56993595443241 39.121683819951265, -86.57107831749246 39.12083658576373, -86.5722982232344 39.120105402400746, -86.57358392329905 39.11949731155781, -86.57492303569197 39.11901816948214, -86.57630266402874 39.118672590573865, -86.57770952173435 39.11846390294678, -86.57913006 39.11839411637681, -86.58055059826565 39.11846390294678, -86.58195745597125 39.118672590573865, -86.58333708430803 39.11901816948214, -86.58467619670094 39.11949731155781, -86.5859618967656 39.120105402400746, -86.58718180250753 39.12083658576373, -86.58832416556758 39.121683819951265, -86.58937798436502 39.122638945634975, -86.59033311004873 39.12369276443241, -86.59118034423626 39.12483512749247, -86.59191152759925 39.12605503323441, -86.5925196184422 39.12734073329906, -86.59299876051786 39.12867984569196, -86.59334433942612 39.130059474028755, -86.59355302705322 39.13146633173435, -86.59362281362318 39.13288687, -86.59355302705322 39.13430740826565, -86.59334433942612 39.135714265971245, -86.59299876051786 39.13709389430804, -86.5925196184422 39.13843300670094, -86.59191152759925 39.13971870676559, -86.59118034423626 39.14093861250753, -86.59033311004873 39.14208097556759, -86.58937798436502 39.143134794365025, -86.58832416556758 39.144089920048735, -86.58718180250753 39.14493715423627, -86.5859618967656 39.145668337599254, -86.58467619670094 39.14627642844219, -86.58333708430803 39.14675557051786, -86.58195745597125 39.147101149426135, -86.58055059826565 39.14730983705322, -86.57913006 39.14737962362319, -86.57770952173435 39.14730983705322, -86.57630266402874 39.147101149426135, -86.57492303569197 39.14675557051786, -86.57358392329905 39.14627642844219, -86.5722982232344 39.145668337599254, -86.57107831749246 39.14493715423627, -86.56993595443241 39.144089920048735, -86.56888213563498 39.143134794365025, -86.56792700995126 39.14208097556759, -86.56707977576373 39.14093861250753, -86.56634859240074 39.13971870676559, -86.5657405015578 39.13843300670094, -86.56526135948214 39.13709389430804, -86.56491578057387 39.135714265971245, -86.56470709294678 39.13430740826565, -86.56463730637681 39.13288687))",13,6
902442202,2015-05-06,Weekday,15:00:00,3+ Cars,Non-incapacitating,FOLLOWING TOO CLOSELY,EAST 3RD & WOODCREST,39.164272,-86.502416,"39.164272,-86.502416",6,Clear,2,POINT (-86.502416 39.164272),0.0,"POLYGON ((-86.48792324637681 39.164272, -86.48799303294678 39.16285146173435, -86.48820172057387 39.16144460402875, -86.48854729948214 39.16006497569196, -86.4890264415578 39.158725863299054, -86.48963453240074 39.157440163234405, -86.49036571576373 39.156220257492464, -86.49121294995126 39.15507789443241, -86.49216807563498 39.15402407563497, -86.49322189443241 39.15306894995126, -86.49436425749246 39.15222171576373, -86.4955841632344 39.15149053240074, -86.49686986329905 39.150882441557805, -86.49820897569197 39.150403299482136, -86.49958860402874 39.15005772057386, -86.50099546173435 39.149849032946776, -86.502416 39.14977924637681, -86.50383653826565 39.149849032946776, -86.50524339597125 39.15005772057386, -86.50662302430803 39.150403299482136, -86.50796213670094 39.150882441557805, -86.5092478367656 39.15149053240074, -86.51046774250753 39.15222171576373, -86.51161010556758 39.15306894995126, -86.51266392436501 39.15402407563497, -86.51361905004873 39.15507789443241, -86.51446628423626 39.156220257492464, -86.51519746759925 39.157440163234405, -86.5158055584422 39.158725863299054, -86.51628470051786 39.16006497569196, -86.51663027942612 39.16144460402875, -86.51683896705322 39.16285146173435, -86.51690875362318 39.164272, -86.51683896705322 39.165692538265645, -86.51663027942612 39.16709939597124, -86.51628470051786 39.168479024308034, -86.5158055584422 39.16981813670094, -86.51519746759925 39.17110383676559, -86.51446628423626 39.17232374250753, -86.51361905004873 39.173466105567584, -86.51266392436501 39.17451992436502, -86.51161010556758 39.17547505004873, -86.51046774250753 39.176322284236264, -86.5092478367656 39.17705346759925, -86.50796213670094 39.17766155844219, -86.50662302430803 39.17814070051786, -86.50524339597125 39.17848627942613, -86.50383653826565 39.17869496705322, -86.502416 39.178764753623184, -86.50099546173435 39.17869496705322, -86.49958860402874 39.17848627942613, -86.49820897569197 39.17814070051786, -86.49686986329905 39.17766155844219, -86.4955841632344 39.17705346759925, -86.49436425749246 39.176322284236264, -86.49322189443241 39.17547505004873, -86.49216807563498 39.17451992436502, -86.49121294995126 39.173466105567584, -86.49036571576373 39.17232374250753, -86.48963453240074 39.17110383676559, -86.4890264415578 39.16981813670094, -86.48854729948214 39.168479024308034, -86.48820172057387 39.16709939597124, -86.48799303294678 39.165692538265645, -86.48792324637681 39.164272))",15,6
902558076,2015-11-02,Weekday,07:00:00,1-Car,No injury/unknown,ANIMAL/OBJECT IN ROADWAY,KERR CREEK & SR46,39.1668311,-86.45897634,"39.1668311,-86.45897634",0,Clear,1,POINT (-86.45897634 39.1668311),0.0,,7,6