Master Record Number,Date,Weekend?,Hour,Collision Type,Injury Type,Primary Factor,Reported_Location,Latitude,Longitude,Location,Number of Bars,Weather Condition,Severity,geometry,area_number,bar_location,Hour of Day,Visibility (mi)
902533953,2015-10-03,Weekday,10:00:00,Cyclist,No injury/unknown,FAILURE TO YIELD RIGHT OF WAY,3RD & CLARIZZ,39.16424,-86.4908,"39.16424,-86.4908",6,Heavy rain at times,1,POINT (-86.4908 39.16424),0.0,"POLYGON ((-86.4763072463768 39.16424, -86.47637703294677 39.16281946173435, -86.47658572057387 39.161412604028754, -86.47693129948213 39.16003297569196, -86.4774104415578 39.15869386329906, -86.47801853240074 39.15740816323441, -86.47874971576373 39.15618825749247, -86.47959694995126 39.15504589443241, -86.48055207563498 39.153992075634974, -86.4816058944324 39.153036949951264, -86.48274825749246 39.15218971576373, -86.4839681632344 39.151458532400746, -86.48525386329905 39.15085044155781, -86.48659297569196 39.15037129948214, -86.48797260402874 39.150025720573865, -86.48937946173434 39.14981703294678, -86.4908 39.14974724637681, -86.49222053826564 39.14981703294678, -86.49362739597125 39.150025720573865, -86.49500702430802 39.15037129948214, -86.49634613670094 39.15085044155781, -86.49763183676559 39.151458532400746, -86.49885174250753 39.15218971576373, -86.49999410556758 39.153036949951264, -86.50104792436501 39.153992075634974, -86.50200305004873 39.15504589443241, -86.50285028423626 39.15618825749247, -86.50358146759925 39.15740816323441, -86.50418955844219 39.15869386329906, -86.50466870051785 39.16003297569196, -86.50501427942612 39.161412604028754, -86.50522296705321 39.16281946173435, -86.50529275362318 39.16424, -86.50522296705321 39.16566053826565, -86.50501427942612 39.167067395971245, -86.50466870051785 39.16844702430804, -86.50418955844219 39.16978613670094, -86.50358146759925 39.17107183676559, -86.50285028423626 39.17229174250753, -86.50200305004873 39.17343410556759, -86.50104792436501 39.174487924365025, -86.49999410556758 39.175443050048735, -86.49885174250753 39.176290284236266, -86.49763183676559 39.17702146759925, -86.49634613670094 39.17762955844219, -86.49500702430802 39.17810870051786, -86.49362739597125 39.178454279426134, -86.49222053826564 39.17866296705322, -86.4908 39.17873275362319, -86.48937946173434 39.17866296705322, -86.48797260402874 39.178454279426134, -86.48659297569196 39.17810870051786, -86.48525386329905 39.17762955844219, -86.4839681632344 39.17702146759925, -86.48274825749246 39.176290284236266, -86.4816058944324 39.175443050048735, -86.48055207563498 39.174487924365025, -86.47959694995126 39.17343410556759, -86.47874971576373 39.17229174250753, -86.47801853240074 39.17107183676559, -86.4774104415578 39.16978613670094, -86.47693129948213 39.16844702430804, -86.47658572057387 39.167067395971245, -86.47637703294677 39.16566053826565, -86.4763072463768 39.16424))",10,4
902471626,2015-06-06,Weekday,07:00:00,2-Car,Incapacitating,LEFT OF CENTER,NIMIT & RHORER,39.12145011,-86.52385698,"39.12145011,-86.52385698",0,Clear,2,POINT (-86.52385698 39.12145011),0.0,,7,6
902454028,2015-05-07,Weekend,12:00:00,1-Car,Incapacitating,DRIVER ILLNESS,NORTH JACKSON & WEST 17TH,39.179024,-86.539616,"39.179024,-86.539616",33,Clear,2,POINT (-86.539616 39.179024),0.0,"POLYGON ((-86.52512324637681 39.179024, -86.52519303294677 39.17760346173435, -86.52540172057387 39.17619660402875, -86.52574729948213 39.17481697569196, -86.5262264415578 39.173477863299055, -86.52683453240074 39.172192163234406, -86.52756571576373 39.170972257492465, -86.52841294995126 39.16982989443241, -86.52936807563498 39.16877607563497, -86.53042189443241 39.16782094995126, -86.53156425749246 39.16697371576373, -86.5327841632344 39.166242532400744, -86.53406986329905 39.165634441557806, -86.53540897569196 39.16515529948214, -86.53678860402874 39.164809720573864, -86.53819546173435 39.16460103294678, -86.539616 39.16453124637681, -86.54103653826564 39.16460103294678, -86.54244339597125 39.164809720573864, -86.54382302430803 39.16515529948214, -86.54516213670094 39.165634441557806, -86.5464478367656 39.166242532400744, -86.54766774250753 39.16697371576373, -86.54881010556758 39.16782094995126, -86.54986392436501 39.16877607563497, -86.55081905004873 39.16982989443241, -86.55166628423626 39.170972257492465, -86.55239746759925 39.172192163234406, -86.5530055584422 39.173477863299055, -86.55348470051786 39.17481697569196, -86.55383027942612 39.17619660402875, -86.55403896705322 39.17760346173435, -86.55410875362318 39.179024, -86.55403896705322 39.18044453826565, -86.55383027942612 39.18185139597124, -86.55348470051786 39.183231024308036, -86.5530055584422 39.18457013670094, -86.55239746759925 39.18585583676559, -86.55166628423626 39.18707574250753, -86.55081905004873 39.188218105567586, -86.54986392436501 39.18927192436502, -86.54881010556758 39.19022705004873, -86.54766774250753 39.191074284236265, -86.5464478367656 39.19180546759925, -86.54516213670094 39.19241355844219, -86.54382302430803 39.19289270051786, -86.54244339597125 39.19323827942613, -86.54103653826564 39.19344696705322, -86.539616 39.193516753623186, -86.53819546173435 39.19344696705322, -86.53678860402874 39.19323827942613, -86.53540897569196 39.19289270051786, -86.53406986329905 39.19241355844219, -86.5327841632344 39.19180546759925, -86.53156425749246 39.191074284236265, -86.53042189443241 39.19022705004873, -86.52936807563498 39.18927192436502, -86.52841294995126 39.188218105567586, -86.52756571576373 39.18707574250753, -86.52683453240074 39.18585583676559, -86.5262264415578 39.18457013670094, -86.52574729948213 39.183231024308036, -86.52540172057387 39.18185139597124, -86.52519303294677 39.18044453826565, -86.52512324637681 39.179024))",12,5
902404141,2015-02-06,Weekday,12:00:00,2-Car,No injury/unknown,UNSAFE BACKING,S HENDERSTON,39.13727951,-86.5280075,"39.13727951,-86.5280075",1,Clear,1,POINT (-86.5280075 39.13727951),0.0,"POLYGON ((-86.51351474637681 39.13727951, -86.51358453294678 39.13585897173435, -86.51379322057387 39.134452114028754, -86.51413879948214 39.13307248569196, -86.5146179415578 39.131733373299056, -86.51522603240075 39.13044767323441, -86.51595721576373 39.129227767492466, -86.51680444995127 39.12808540443241, -86.51775957563498 39.127031585634974, -86.51881339443241 39.126076459951264, -86.51995575749247 39.12522922576373, -86.5211756632344 39.124498042400745, -86.52246136329906 39.12388995155781, -86.52380047569197 39.12341080948214, -86.52518010402875 39.123065230573864, -86.52658696173435 39.12285654294678, -86.5280075 39.12278675637681, -86.52942803826565 39.12285654294678, -86.53083489597125 39.123065230573864, -86.53221452430803 39.12341080948214, -86.53355363670094 39.12388995155781, -86.5348393367656 39.124498042400745, -86.53605924250753 39.12522922576373, -86.53720160556759 39.126076459951264, -86.53825542436502 39.127031585634974, -86.53921055004874 39.12808540443241, -86.54005778423627 39.129227767492466, -86.54078896759925 39.13044767323441, -86.5413970584422 39.131733373299056, -86.54187620051786 39.13307248569196, -86.54222177942613 39.134452114028754, -86.54243046705322 39.13585897173435, -86.54250025362319 39.13727951, -86.54243046705322 39.13870004826565, -86.54222177942613 39.140106905971244, -86.54187620051786 39.14148653430804, -86.5413970584422 39.14282564670094, -86.54078896759925 39.14411134676559, -86.54005778423627 39.14533125250753, -86.53921055004874 39.14647361556759, -86.53825542436502 39.147527434365024, -86.53720160556759 39.148482560048734, -86.53605924250753 39.149329794236266, -86.5348393367656 39.15006097759925, -86.53355363670094 39.15066906844219, -86.53221452430803 39.15114821051786, -86.53083489597125 39.151493789426134, -86.52942803826565 39.15170247705322, -86.5280075 39.15177226362319, -86.52658696173435 39.15170247705322, -86.52518010402875 39.151493789426134, -86.52380047569197 39.15114821051786, -86.52246136329906 39.15066906844219, -86.5211756632344 39.15006097759925, -86.51995575749247 39.149329794236266, -86.51881339443241 39.148482560048734, -86.51775957563498 39.147527434365024, -86.51680444995127 39.14647361556759, -86.51595721576373 39.14533125250753, -86.51522603240075 39.14411134676559, -86.5146179415578 39.14282564670094, -86.51413879948214 39.14148653430804, -86.51379322057387 39.140106905971244, -86.51358453294678 39.13870004826565, -86.51351474637681 39.13727951))",12,6
902405875,2015-03-02,Weekday,15:00:00,2-Car,No injury/unknown,IMPROPER PASSING,E LAW & FEE,39.17392294,-86.51845431,"39.17392294,-86.51845431",35,Partly cloudy,1,POINT (-86.51845431 39.17392294),0.0,"POLYGON ((-86.50396155637681 39.17392294, -86.50403134294677 39.17250240173435, -86.50424003057387 39.17109554402875, -86.50458560948213 39.16971591569196, -86.5050647515578 39.168376803299054, -86.50567284240074 39.167091103234405, -86.50640402576373 39.165871197492464, -86.50725125995126 39.16472883443241, -86.50820638563498 39.16367501563497, -86.50926020443241 39.16271988995126, -86.51040256749246 39.16187265576373, -86.5116224732344 39.16114147240074, -86.51290817329905 39.160533381557805, -86.51424728569197 39.160054239482136, -86.51562691402874 39.15970866057386, -86.51703377173435 39.159499972946776, -86.51845431 39.15943018637681, -86.51987484826564 39.159499972946776, -86.52128170597125 39.15970866057386, -86.52266133430803 39.160054239482136, -86.52400044670094 39.160533381557805, -86.5252861467656 39.16114147240074, -86.52650605250753 39.16187265576373, -86.52764841556758 39.16271988995126, -86.52870223436501 39.16367501563497, -86.52965736004873 39.16472883443241, -86.53050459423626 39.165871197492464, -86.53123577759925 39.167091103234405, -86.5318438684422 39.168376803299054, -86.53232301051786 39.16971591569196, -86.53266858942612 39.17109554402875, -86.53287727705322 39.17250240173435, -86.53294706362318 39.17392294, -86.53287727705322 39.175343478265646, -86.53266858942612 39.17675033597124, -86.53232301051786 39.178129964308035, -86.5318438684422 39.17946907670094, -86.53123577759925 39.18075477676559, -86.53050459423626 39.18197468250753, -86.52965736004873 39.183117045567585, -86.52870223436501 39.18417086436502, -86.52764841556758 39.18512599004873, -86.52650605250753 39.185973224236264, -86.5252861467656 39.18670440759925, -86.52400044670094 39.18731249844219, -86.52266133430803 39.18779164051786, -86.52128170597125 39.18813721942613, -86.51987484826564 39.18834590705322, -86.51845431 39.188415693623185, -86.51703377173435 39.18834590705322, -86.51562691402874 39.18813721942613, -86.51424728569197 39.18779164051786, -86.51290817329905 39.18731249844219, -86.5116224732344 39.18670440759925, -86.51040256749246 39.185973224236264, -86.50926020443241 39.18512599004873, -86.50820638563498 39.18417086436502, -86.50725125995126 39.183117045567585, -86.50640402576373 39.18197468250753, -86.50567284240074 39.18075477676559, -86.5050647515578 39.17946907670094, -86.50458560948213 39.178129964308035, -86.50424003057387 39.17675033597124, -86.50403134294677 39.175343478265646, -86.50396155637681 39.17392294))",15,6
902544072,2015-10-04,Weekday,16:00:00,2-Car,No injury/unknown,UNSAFE BACKING,W WYLIE,39.15944,-86.55776914,"39.15944,-86.55776914",4,Cloudy,1,POINT (-86.55776914 39.15944),0.0,"POLYGON ((-86.54327638637682 39.15944, -86.54334617294678 39.15801946173435, -86.54355486057388 39.15661260402875, -86.54390043948214 39.15523297569196, -86.5443795815578 39.153893863299054, -86.54498767240075 39.152608163234405, -86.54571885576374 39.151388257492464, -86.54656608995127 39.15024589443241, -86.54752121563499 39.14919207563497, -86.54857503443242 39.14823694995126, -86.54971739749247 39.14738971576373, -86.5509373032344 39.14665853240074, -86.55222300329906 39.146050441557804, -86.55356211569197 39.145571299482135, -86.55494174402875 39.14522572057386, -86.55634860173436 39.145017032946775, -86.55776914 39.14494724637681, -86.55918967826565 39.145017032946775, -86.56059653597126 39.14522572057386, -86.56197616430804 39.145571299482135, -86.56331527670095 39.146050441557804, -86.5646009767656 39.14665853240074, -86.56582088250754 39.14738971576373, -86.56696324556759 39.14823694995126, -86.56801706436502 39.14919207563497, -86.56897219004874 39.15024589443241, -86.56981942423627 39.151388257492464, -86.57055060759926 39.152608163234405, -86.5711586984422 39.153893863299054, -86.57163784051787 39.15523297569196, -86.57198341942613 39.15661260402875, -86.57219210705323 39.15801946173435, -86.57226189362319 39.15944, -86.57219210705323 39.160860538265645, -86.57198341942613 39.16226739597124, -86.57163784051787 39.163647024308034, -86.5711586984422 39.16498613670094, -86.57055060759926 39.16627183676559, -86.56981942423627 39.16749174250753, -86.56897219004874 39.168634105567584, -86.56801706436502 39.16968792436502, -86.56696324556759 39.17064305004873, -86.56582088250754 39.17149028423626, -86.5646009767656 39.17222146759925, -86.56331527670095 39.17282955844219, -86.56197616430804 39.17330870051786, -86.56059653597126 39.17365427942613, -86.55918967826565 39.17386296705322, -86.55776914 39.173932753623184, -86.55634860173436 39.17386296705322, -86.55494174402875 39.17365427942613, -86.55356211569197 39.17330870051786, -86.55222300329906 39.17282955844219, -86.5509373032344 39.17222146759925, -86.54971739749247 39.17149028423626, -86.54857503443242 39.17064305004873, -86.54752121563499 39.16968792436502, -86.54656608995127 39.168634105567584, -86.54571885576374 39.16749174250753, -86.54498767240075 39.16627183676559, -86.5443795815578 39.16498613670094, -86.54390043948214 39.163647024308034, -86.54355486057388 39.16226739597124, -86.54334617294678 39.160860538265645, -86.54327638637682 39.15944))",16,6
902371877,2015-01-02,Weekday,06:00:00,2-Car,No injury/unknown,DISREGARD SIGNAL/REG SIGN,BLOOMFIELD & SR37,39.148144,-86.572992,"39.148144,-86.572992",1,Clear,1,POINT (-86.572992 39.148144),0.0,"POLYGON ((-86.55849924637681 39.148144, -86.55856903294678 39.146723461734354, -86.55877772057387 39.14531660402876, -86.55912329948214 39.143936975691965, -86.5596024415578 39.14259786329906, -86.56021053240075 39.14131216323441, -86.56094171576373 39.14009225749247, -86.56178894995126 39.138949894432415, -86.56274407563498 39.13789607563498, -86.56379789443241 39.13694094995127, -86.56494025749247 39.136093715763735, -86.5661601632344 39.13536253240075, -86.56744586329906 39.13475444155781, -86.56878497569197 39.13427529948214, -86.57016460402875 39.13392972057387, -86.57157146173435 39.13372103294678, -86.572992 39.133651246376814, -86.57441253826565 39.13372103294678, -86.57581939597125 39.13392972057387, -86.57719902430803 39.13427529948214, -86.57853813670094 39.13475444155781, -86.5798238367656 39.13536253240075, -86.58104374250753 39.136093715763735, -86.58218610556759 39.13694094995127, -86.58323992436502 39.13789607563498, -86.58419505004873 39.138949894432415, -86.58504228423627 39.14009225749247, -86.58577346759925 39.14131216323441, -86.5863815584422 39.14259786329906, -86.58686070051786 39.143936975691965, -86.58720627942613 39.14531660402876, -86.58741496705322 39.146723461734354, -86.58748475362319 39.148144, -86.58741496705322 39.14956453826565, -86.58720627942613 39.15097139597125, -86.58686070051786 39.15235102430804, -86.5863815584422 39.153690136700945, -86.58577346759925 39.154975836765594, -86.58504228423627 39.156195742507535, -86.58419505004873 39.15733810556759, -86.58323992436502 39.15839192436503, -86.58218610556759 39.15934705004874, -86.58104374250753 39.16019428423627, -86.5798238367656 39.160925467599256, -86.57853813670094 39.161533558442194, -86.57719902430803 39.16201270051786, -86.57581939597125 39.16235827942614, -86.57441253826565 39.16256696705322, -86.572992 39.16263675362319, -86.57157146173435 39.16256696705322, -86.57016460402875 39.16235827942614, -86.56878497569197 39.16201270051786, -86.56744586329906 39.161533558442194, -86.5661601632344 39.160925467599256, -86.56494025749247 39.16019428423627, -86.56379789443241 39.15934705004874, -86.56274407563498 39.15839192436503, -86.56178894995126 39.15733810556759, -86.56094171576373 39.156195742507535, -86.56021053240075 39.154975836765594, -86.5596024415578 39.153690136700945, -86.55912329948214 39.15235102430804, -86.55877772057387 39.15097139597125, -86.55856903294678 39.14956453826565, -86.55849924637681 39.148144))",6,6
902401835,2015-02-03,Weekday,14:00:00,2-Car,No injury/unknown,SPEED TOO FAST FOR WEATHER CONDITIONS,GILHAM & SR45W,39.12619019,-86.61423768,"39.12619019,-86.61423768",0,Clear,1,POINT (-86.61423768 39.12619019),0.0,,14,6
902411339,2015-03-03,Weekday,17:00:00,2-Car,No injury/unknown,UNSAFE BACKING,E THIRD,39.0803299,-86.51473999,"39.0803299,-86.51473999",0,Cloudy,1,POINT (-86.51473999 39.0803299),0.0,,17,6
902564126,2015-11-02,Weekday,19:00:00,2-Car,No injury/unknown,FOLLOWING TOO CLOSELY,SR37N & W VERNAL,39.17617467,-86.56292242,"39.17617467,-86.56292242",3,Clear,1,POINT (-86.56292242 39.17617467),0.0,"POLYGON ((-86.54842966637682 39.17617467, -86.54849945294679 39.17475413173435, -86.54870814057388 39.17334727402876, -86.54905371948215 39.171967645691964, -86.54953286155781 39.17062853329906, -86.55014095240075 39.16934283323441, -86.55087213576374 39.16812292749247, -86.55171936995127 39.166980564432414, -86.55267449563499 39.16592674563498, -86.55372831443242 39.16497161995127, -86.55487067749247 39.164124385763735, -86.55609058323441 39.16339320240075, -86.55737628329906 39.16278511155781, -86.55871539569198 39.16230596948214, -86.56009502402875 39.16196039057387, -86.56150188173436 39.16175170294678, -86.56292242 39.161681916376814, -86.56434295826566 39.16175170294678, -86.56574981597126 39.16196039057387, -86.56712944430804 39.16230596948214, -86.56846855670095 39.16278511155781, -86.5697542567656 39.16339320240075, -86.57097416250754 39.164124385763735, -86.5721165255676 39.16497161995127, -86.57317034436502 39.16592674563498, -86.57412547004874 39.166980564432414, -86.57497270423627 39.16812292749247, -86.57570388759926 39.16934283323441, -86.5763119784422 39.17062853329906, -86.57679112051787 39.171967645691964, -86.57713669942613 39.17334727402876, -86.57734538705323 39.17475413173435, -86.5774151736232 39.17617467, -86.57734538705323 39.17759520826565, -86.57713669942613 39.17900206597125, -86.57679112051787 39.18038169430804, -86.5763119784422 39.181720806700945, -86.57570388759926 39.183006506765594, -86.57497270423627 39.184226412507535, -86.57412547004874 39.18536877556759, -86.57317034436502 39.18642259436503, -86.5721165255676 39.18737772004874, -86.57097416250754 39.18822495423627, -86.5697542567656 39.188956137599256, -86.56846855670095 39.189564228442194, -86.56712944430804 39.19004337051786, -86.56574981597126 39.190388949426136, -86.56434295826566 39.19059763705322, -86.56292242 39.19066742362319, -86.56150188173436 39.19059763705322, -86.56009502402875 39.190388949426136, -86.55871539569198 39.19004337051786, -86.55737628329906 39.189564228442194, -86.55609058323441 39.188956137599256, -86.55487067749247 39.18822495423627, -86.55372831443242 39.18737772004874, -86.55267449563499 39.18642259436503, -86.55171936995127 39.18536877556759, -86.55087213576374 39.184226412507535, -86.55014095240075 39.183006506765594, -86.54953286155781 39.181720806700945, -86.54905371948215 39.18038169430804, -86.54870814057388 39.17900206597125, -86.54849945294679 39.17759520826565, -86.54842966637682 39.17617467))",19,6
902426261,2015-04-05,Weekday,12:00:00,1-Car,No injury/unknown,OTHER (VEHICLE) - EXPLAIN IN NARRATIVE,N JORDAN,39.1676,-86.516168,"39.1676,-86.516168",19,Clear,1,POINT (-86.516168 39.1676),0.0,"POLYGON ((-86.5016752463768 39.1676, -86.50174503294677 39.16617946173435, -86.50195372057387 39.164772604028755, -86.50229929948213 39.16339297569196, -86.5027784415578 39.16205386329906, -86.50338653240074 39.16076816323441, -86.50411771576373 39.15954825749247, -86.50496494995126 39.15840589443241, -86.50592007563498 39.157352075634975, -86.5069738944324 39.156396949951265, -86.50811625749246 39.15554971576373, -86.5093361632344 39.154818532400746, -86.51062186329905 39.15421044155781, -86.51196097569196 39.15373129948214, -86.51334060402874 39.153385720573866, -86.51474746173434 39.15317703294678, -86.516168 39.15310724637681, -86.51758853826564 39.15317703294678, -86.51899539597125 39.153385720573866, -86.52037502430802 39.15373129948214, -86.52171413670094 39.15421044155781, -86.52299983676559 39.154818532400746, -86.52421974250753 39.15554971576373, -86.52536210556758 39.156396949951265, -86.52641592436501 39.157352075634975, -86.52737105004873 39.15840589443241, -86.52821828423626 39.15954825749247, -86.52894946759925 39.16076816323441, -86.52955755844219 39.16205386329906, -86.53003670051785 39.16339297569196, -86.53038227942612 39.164772604028755, -86.53059096705321 39.16617946173435, -86.53066075362318 39.1676, -86.53059096705321 39.16902053826565, -86.53038227942612 39.170427395971245, -86.53003670051785 39.17180702430804, -86.52955755844219 39.17314613670094, -86.52894946759925 39.17443183676559, -86.52821828423626 39.17565174250753, -86.52737105004873 39.17679410556759, -86.52641592436501 39.177847924365025, -86.52536210556758 39.178803050048735, -86.52421974250753 39.17965028423627, -86.52299983676559 39.180381467599254, -86.52171413670094 39.18098955844219, -86.52037502430802 39.18146870051786, -86.51899539597125 39.181814279426135, -86.51758853826564 39.18202296705322, -86.516168 39.18209275362319, -86.51474746173434 39.18202296705322, -86.51334060402874 39.181814279426135, -86.51196097569196 39.18146870051786, -86.51062186329905 39.18098955844219, -86.5093361632344 39.180381467599254, -86.50811625749246 39.17965028423627, -86.5069738944324 39.178803050048735, -86.50592007563498 39.177847924365025, -86.50496494995126 39.17679410556759, -86.50411771576373 39.17565174250753, -86.50338653240074 39.17443183676559, -86.5027784415578 39.17314613670094, -86.50229929948213 39.17180702430804, -86.50195372057387 39.170427395971245, -86.50174503294677 39.16902053826565, -86.5016752463768 39.1676))",12,6
902514211,2015-09-05,Weekday,10:00:00,2-Car,No injury/unknown,DRIVER DISTRACTED - EXPLAIN IN NARRATIVE,SR37S & VICTOR,39.105552,-86.551104,"39.105552,-86.551104",0,Clear,1,POINT (-86.551104 39.105552),0.0,,10,5
902422865,2015-04-05,Weekday,13:00:00,2-Car,No injury/unknown,IMPROPER LANE USAGE,3RD & FACULTY,39.164352,-86.521088,"39.164352,-86.521088",41,Clear,1,POINT (-86.521088 39.164352),0.0,"POLYGON ((-86.50659524637682 39.164352, -86.50666503294678 39.16293146173435, -86.50687372057388 39.161524604028756, -86.50721929948214 39.16014497569196, -86.5076984415578 39.15880586329906, -86.50830653240075 39.15752016323441, -86.50903771576374 39.15630025749247, -86.50988494995127 39.15515789443241, -86.51084007563499 39.154104075634976, -86.51189389443242 39.153148949951266, -86.51303625749247 39.152301715763734, -86.5142561632344 39.15157053240075, -86.51554186329906 39.15096244155781, -86.51688097569198 39.15048329948214, -86.51826060402875 39.150137720573866, -86.51966746173436 39.14992903294678, -86.521088 39.14985924637681, -86.52250853826565 39.14992903294678, -86.52391539597126 39.150137720573866, -86.52529502430804 39.15048329948214, -86.52663413670095 39.15096244155781, -86.5279198367656 39.15157053240075, -86.52913974250754 39.152301715763734, -86.5302821055676 39.153148949951266, -86.53133592436502 39.154104075634976, -86.53229105004874 39.15515789443241, -86.53313828423627 39.15630025749247, -86.53386946759926 39.15752016323441, -86.5344775584422 39.15880586329906, -86.53495670051787 39.16014497569196, -86.53530227942613 39.161524604028756, -86.53551096705323 39.16293146173435, -86.5355807536232 39.164352, -86.53551096705323 39.16577253826565, -86.53530227942613 39.167179395971246, -86.53495670051787 39.16855902430804, -86.5344775584422 39.169898136700944, -86.53386946759926 39.17118383676559, -86.53313828423627 39.172403742507534, -86.53229105004874 39.17354610556759, -86.53133592436502 39.174599924365026, -86.5302821055676 39.175555050048736, -86.52913974250754 39.17640228423627, -86.5279198367656 39.177133467599255, -86.52663413670095 39.17774155844219, -86.52529502430804 39.17822070051786, -86.52391539597126 39.178566279426136, -86.52250853826565 39.17877496705322, -86.521088 39.17884475362319, -86.51966746173436 39.17877496705322, -86.51826060402875 39.178566279426136, -86.51688097569198 39.17822070051786, -86.51554186329906 39.17774155844219, -86.5142561632344 39.177133467599255, -86.51303625749247 39.17640228423627, -86.51189389443242 39.175555050048736, -86.51084007563499 39.174599924365026, -86.50988494995127 39.17354610556759, -86.50903771576374 39.172403742507534, -86.50830653240075 39.17118383676559, -86.5076984415578 39.169898136700944, -86.50721929948214 39.16855902430804, -86.50687372057388 39.167179395971246, -86.50666503294678 39.16577253826565, -86.50659524637682 39.164352))",13,6
902442862,2015-05-07,Weekend,08:00:00,1-Car,No injury/unknown,OTHER (DRIVER) - EXPLAIN IN NARRATIVE,7TH & ADAMS,39.168576,-86.5496,"39.168576,-86.5496",33,Clear,1,POINT (-86.5496 39.168576),0.0,"POLYGON ((-86.53510724637681 39.168576, -86.53517703294678 39.16715546173435, -86.53538572057387 39.16574860402876, -86.53573129948214 39.164368975691964, -86.5362104415578 39.16302986329906, -86.53681853240074 39.16174416323441, -86.53754971576373 39.16052425749247, -86.53839694995126 39.159381894432414, -86.53935207563498 39.15832807563498, -86.54040589443241 39.15737294995127, -86.54154825749247 39.156525715763735, -86.5427681632344 39.15579453240075, -86.54405386329906 39.15518644155781, -86.54539297569197 39.15470729948214, -86.54677260402875 39.15436172057387, -86.54817946173435 39.15415303294678, -86.5496 39.154083246376814, -86.55102053826565 39.15415303294678, -86.55242739597125 39.15436172057387, -86.55380702430803 39.15470729948214, -86.55514613670094 39.15518644155781, -86.5564318367656 39.15579453240075, -86.55765174250753 39.156525715763735, -86.55879410556759 39.15737294995127, -86.55984792436502 39.15832807563498, -86.56080305004873 39.159381894432414, -86.56165028423626 39.16052425749247, -86.56238146759925 39.16174416323441, -86.5629895584422 39.16302986329906, -86.56346870051786 39.164368975691964, -86.56381427942613 39.16574860402876, -86.56402296705322 39.16715546173435, -86.56409275362319 39.168576, -86.56402296705322 39.16999653826565, -86.56381427942613 39.17140339597125, -86.56346870051786 39.17278302430804, -86.5629895584422 39.174122136700944, -86.56238146759925 39.175407836765594, -86.56165028423626 39.176627742507534, -86.56080305004873 39.17777010556759, -86.55984792436502 39.17882392436503, -86.55879410556759 39.17977905004874, -86.55765174250753 39.18062628423627, -86.5564318367656 39.181357467599256, -86.55514613670094 39.181965558442194, -86.55380702430803 39.18244470051786, -86.55242739597125 39.182790279426136, -86.55102053826565 39.18299896705322, -86.5496 39.18306875362319, -86.54817946173435 39.18299896705322, -86.54677260402875 39.182790279426136, -86.54539297569197 39.18244470051786, -86.54405386329906 39.181965558442194, -86.5427681632344 39.181357467599256, -86.54154825749247 39.18062628423627, -86.54040589443241 39.17977905004874, -86.53935207563498 39.17882392436503, -86.53839694995126 39.17777010556759, -86.53754971576373 39.176627742507534, -86.53681853240074 39.175407836765594, -86.5362104415578 39.174122136700944, -86.53573129948214 39.17278302430804, -86.53538572057387 39.17140339597125, -86.53517703294678 39.16999653826565, -86.53510724637681 39.168576))",8,5
902591985,2015-12-05,Weekday,18:00:00,2-Car,No injury/unknown,UNSAFE LANE MOVEMENT,E ATWATER & S MITCHELL,39.16308001,-86.5141797,"39.16308001,-86.5141797",14,Clear,1,POINT (-86.5141797 39.16308001),0.0,"POLYGON ((-86.49968694637681 39.16308001, -86.49975673294678 39.16165947173435, -86.49996542057387 39.16025261402876, -86.50031099948214 39.158872985691964, -86.5007901415578 39.15753387329906, -86.50139823240075 39.15624817323441, -86.50212941576373 39.15502826749247, -86.50297664995126 39.153885904432414, -86.50393177563498 39.15283208563498, -86.50498559443241 39.15187695995127, -86.50612795749247 39.151029725763735, -86.5073478632344 39.15029854240075, -86.50863356329906 39.14969045155781, -86.50997267569197 39.14921130948214, -86.51135230402875 39.14886573057387, -86.51275916173435 39.14865704294678, -86.5141797 39.148587256376814, -86.51560023826565 39.14865704294678, -86.51700709597125 39.14886573057387, -86.51838672430803 39.14921130948214, -86.51972583670094 39.14969045155781, -86.5210115367656 39.15029854240075, -86.52223144250753 39.151029725763735, -86.52337380556759 39.15187695995127, -86.52442762436502 39.15283208563498, -86.52538275004873 39.153885904432414, -86.52622998423627 39.15502826749247, -86.52696116759925 39.15624817323441, -86.5275692584422 39.15753387329906, -86.52804840051786 39.158872985691964, -86.52839397942613 39.16025261402876, -86.52860266705322 39.16165947173435, -86.52867245362319 39.16308001, -86.52860266705322 39.16450054826565, -86.52839397942613 39.16590740597125, -86.52804840051786 39.16728703430804, -86.5275692584422 39.168626146700944, -86.52696116759925 39.169911846765594, -86.52622998423627 39.171131752507534, -86.52538275004873 39.17227411556759, -86.52442762436502 39.17332793436503, -86.52337380556759 39.17428306004874, -86.52223144250753 39.17513029423627, -86.5210115367656 39.175861477599256, -86.51972583670094 39.176469568442194, -86.51838672430803 39.17694871051786, -86.51700709597125 39.177294289426136, -86.51560023826565 39.17750297705322, -86.5141797 39.17757276362319, -86.51275916173435 39.17750297705322, -86.51135230402875 39.177294289426136, -86.50997267569197 39.17694871051786, -86.50863356329906 39.176469568442194, -86.5073478632344 39.175861477599256, -86.50612795749247 39.17513029423627, -86.50498559443241 39.17428306004874, -86.50393177563498 39.17332793436503, -86.50297664995126 39.17227411556759, -86.50212941576373 39.171131752507534, -86.50139823240075 39.169911846765594, -86.5007901415578 39.168626146700944, -86.50031099948214 39.16728703430804, -86.49996542057387 39.16590740597125, -86.49975673294678 39.16450054826565, -86.49968694637681 39.16308001))",18,6