Master Record Number,Date,Weekend?,Hour,Collision Type,Injury Type,Primary Factor,Reported_Location,Latitude,Longitude,Location,Number of Bars,Weather Condition,Severity,geometry,area_number,bar_location,Hour of Day,Visibility (mi)
902376062,2015-01-04,Weekday,18:00:00,2-Car,No injury/unknown,FAILURE TO YIELD RIGHT OF WAY,SR37S & WEST WAYSIDE,39.10921097,-86.53382873,"39.10921097,-86.53382873",0,Patchy rain possible,1,POINT (-86.53382873 39.10921097),0.0,,18,5
902404302,2015-02-07,Weekend,15:00:00,2-Car,No injury/unknown,IMPROPER TURNING,6TH & LINCOLN,39.16768436,-86.53081568,"39.16768436,-86.53081568",42,Clear,1,POINT (-86.53081568 39.16768436),0.0,"POLYGON ((-86.51632292637682 39.16768436, -86.51639271294678 39.166263821734354, -86.51660140057388 39.16485696402876, -86.51694697948214 39.163477335691965, -86.5174261215578 39.16213822329906, -86.51803421240075 39.16085252323441, -86.51876539576374 39.15963261749247, -86.51961262995127 39.158490254432415, -86.52056775563499 39.15743643563498, -86.52162157443242 39.15648130995127, -86.52276393749247 39.155634075763736, -86.5239838432344 39.15490289240075, -86.52526954329906 39.15429480155781, -86.52660865569197 39.15381565948214, -86.52798828402875 39.15347008057387, -86.52939514173435 39.15326139294678, -86.53081568 39.153191606376815, -86.53223621826565 39.15326139294678, -86.53364307597126 39.15347008057387, -86.53502270430803 39.15381565948214, -86.53636181670095 39.15429480155781, -86.5376475167656 39.15490289240075, -86.53886742250754 39.155634075763736, -86.54000978556759 39.15648130995127, -86.54106360436502 39.15743643563498, -86.54201873004874 39.158490254432415, -86.54286596423627 39.15963261749247, -86.54359714759926 39.16085252323441, -86.5442052384422 39.16213822329906, -86.54468438051786 39.163477335691965, -86.54502995942613 39.16485696402876, -86.54523864705322 39.166263821734354, -86.54530843362319 39.16768436, -86.54523864705322 39.16910489826565, -86.54502995942613 39.17051175597125, -86.54468438051786 39.17189138430804, -86.5442052384422 39.173230496700945, -86.54359714759926 39.174516196765595, -86.54286596423627 39.175736102507535, -86.54201873004874 39.17687846556759, -86.54106360436502 39.17793228436503, -86.54000978556759 39.17888741004874, -86.53886742250754 39.17973464423627, -86.5376475167656 39.18046582759926, -86.53636181670095 39.181073918442195, -86.53502270430803 39.181553060517864, -86.53364307597126 39.18189863942614, -86.53223621826565 39.182107327053224, -86.53081568 39.18217711362319, -86.52939514173435 39.182107327053224, -86.52798828402875 39.18189863942614, -86.52660865569197 39.181553060517864, -86.52526954329906 39.181073918442195, -86.5239838432344 39.18046582759926, -86.52276393749247 39.17973464423627, -86.52162157443242 39.17888741004874, -86.52056775563499 39.17793228436503, -86.51961262995127 39.17687846556759, -86.51876539576374 39.175736102507535, -86.51803421240075 39.174516196765595, -86.5174261215578 39.173230496700945, -86.51694697948214 39.17189138430804, -86.51660140057388 39.17051175597125, -86.51639271294678 39.16910489826565, -86.51632292637682 39.16768436))",15,6
902499206,2015-08-04,Weekday,08:00:00,1-Car,No injury/unknown,UNSAFE BACKING,7TH & WOODLAWN,39.16864,-86.523392,"39.16864,-86.523392",42,Clear,1,POINT (-86.523392 39.16864),0.0,"POLYGON ((-86.50889924637681 39.16864, -86.50896903294678 39.167219461734355, -86.50917772057387 39.16581260402876, -86.50952329948214 39.164432975691966, -86.5100024415578 39.16309386329906, -86.51061053240075 39.16180816323441, -86.51134171576373 39.16058825749247, -86.51218894995127 39.159445894432416, -86.51314407563498 39.15839207563498, -86.51419789443241 39.15743694995127, -86.51534025749247 39.15658971576374, -86.5165601632344 39.15585853240075, -86.51784586329906 39.15525044155781, -86.51918497569197 39.15477129948214, -86.52056460402875 39.15442572057387, -86.52197146173435 39.15421703294678, -86.523392 39.154147246376816, -86.52481253826565 39.15421703294678, -86.52621939597125 39.15442572057387, -86.52759902430803 39.15477129948214, -86.52893813670094 39.15525044155781, -86.5302238367656 39.15585853240075, -86.53144374250753 39.15658971576374, -86.53258610556759 39.15743694995127, -86.53363992436502 39.15839207563498, -86.53459505004874 39.159445894432416, -86.53544228423627 39.16058825749247, -86.53617346759926 39.16180816323441, -86.5367815584422 39.16309386329906, -86.53726070051786 39.164432975691966, -86.53760627942613 39.16581260402876, -86.53781496705322 39.167219461734355, -86.53788475362319 39.16864, -86.53781496705322 39.17006053826565, -86.53760627942613 39.17146739597125, -86.53726070051786 39.17284702430804, -86.5367815584422 39.174186136700946, -86.53617346759926 39.175471836765595, -86.53544228423627 39.176691742507536, -86.53459505004874 39.17783410556759, -86.53363992436502 39.17888792436503, -86.53258610556759 39.17984305004874, -86.53144374250753 39.18069028423627, -86.5302238367656 39.18142146759926, -86.52893813670094 39.182029558442196, -86.52759902430803 39.182508700517864, -86.52621939597125 39.18285427942614, -86.52481253826565 39.183062967053225, -86.523392 39.18313275362319, -86.52197146173435 39.183062967053225, -86.52056460402875 39.18285427942614, -86.51918497569197 39.182508700517864, -86.51784586329906 39.182029558442196, -86.5165601632344 39.18142146759926, -86.51534025749247 39.18069028423627, -86.51419789443241 39.17984305004874, -86.51314407563498 39.17888792436503, -86.51218894995127 39.17783410556759, -86.51134171576373 39.176691742507536, -86.51061053240075 39.175471836765595, -86.5100024415578 39.174186136700946, -86.50952329948214 39.17284702430804, -86.50917772057387 39.17146739597125, -86.50896903294678 39.17006053826565, -86.50889924637681 39.16864))",8,6
902530215,2015-09-03,Weekday,12:00:00,2-Car,No injury/unknown,DRIVER DISTRACTED - EXPLAIN IN NARRATIVE,S MAPLE & W 2ND,39.161568,-86.542096,"39.161568,-86.542096",43,Clear,1,POINT (-86.542096 39.161568),0.0,"POLYGON ((-86.52760324637681 39.161568, -86.52767303294678 39.160147461734354, -86.52788172057387 39.15874060402876, -86.52822729948214 39.157360975691965, -86.5287064415578 39.15602186329906, -86.52931453240075 39.15473616323441, -86.53004571576373 39.15351625749247, -86.53089294995127 39.152373894432415, -86.53184807563498 39.15132007563498, -86.53290189443241 39.15036494995127, -86.53404425749247 39.149517715763736, -86.5352641632344 39.14878653240075, -86.53654986329906 39.14817844155781, -86.53788897569197 39.14769929948214, -86.53926860402875 39.14735372057387, -86.54067546173435 39.14714503294678, -86.542096 39.147075246376815, -86.54351653826565 39.14714503294678, -86.54492339597125 39.14735372057387, -86.54630302430803 39.14769929948214, -86.54764213670094 39.14817844155781, -86.5489278367656 39.14878653240075, -86.55014774250753 39.149517715763736, -86.55129010556759 39.15036494995127, -86.55234392436502 39.15132007563498, -86.55329905004874 39.152373894432415, -86.55414628423627 39.15351625749247, -86.55487746759925 39.15473616323441, -86.5554855584422 39.15602186329906, -86.55596470051786 39.157360975691965, -86.55631027942613 39.15874060402876, -86.55651896705322 39.160147461734354, -86.55658875362319 39.161568, -86.55651896705322 39.16298853826565, -86.55631027942613 39.16439539597125, -86.55596470051786 39.16577502430804, -86.5554855584422 39.167114136700945, -86.55487746759925 39.168399836765595, -86.55414628423627 39.169619742507535, -86.55329905004874 39.17076210556759, -86.55234392436502 39.17181592436503, -86.55129010556759 39.17277105004874, -86.55014774250753 39.17361828423627, -86.5489278367656 39.17434946759926, -86.54764213670094 39.174957558442195, -86.54630302430803 39.175436700517864, -86.54492339597125 39.17578227942614, -86.54351653826565 39.175990967053224, -86.542096 39.17606075362319, -86.54067546173435 39.175990967053224, -86.53926860402875 39.17578227942614, -86.53788897569197 39.175436700517864, -86.53654986329906 39.174957558442195, -86.5352641632344 39.17434946759926, -86.53404425749247 39.17361828423627, -86.53290189443241 39.17277105004874, -86.53184807563498 39.17181592436503, -86.53089294995127 39.17076210556759, -86.53004571576373 39.169619742507535, -86.52931453240075 39.168399836765595, -86.5287064415578 39.167114136700945, -86.52822729948214 39.16577502430804, -86.52788172057387 39.16439539597125, -86.52767303294678 39.16298853826565, -86.52760324637681 39.161568))",12,6
902564666,2015-11-03,Weekday,12:00:00,2-Car,No injury/unknown,FAILURE TO YIELD RIGHT OF WAY,HIGHLAND & MILLER,39.146992,-86.517392,"39.146992,-86.517392",1,Clear,1,POINT (-86.517392 39.146992),0.0,"POLYGON ((-86.50289924637681 39.146992, -86.50296903294678 39.14557146173435, -86.50317772057387 39.14416460402875, -86.50352329948214 39.14278497569196, -86.5040024415578 39.141445863299055, -86.50461053240075 39.140160163234405, -86.50534171576373 39.138940257492465, -86.50618894995127 39.13779789443241, -86.50714407563498 39.13674407563497, -86.50819789443241 39.13578894995126, -86.50934025749247 39.13494171576373, -86.5105601632344 39.13421053240074, -86.51184586329906 39.133602441557805, -86.51318497569197 39.133123299482136, -86.51456460402875 39.13277772057386, -86.51597146173435 39.132569032946776, -86.517392 39.13249924637681, -86.51881253826565 39.132569032946776, -86.52021939597125 39.13277772057386, -86.52159902430803 39.133123299482136, -86.52293813670094 39.133602441557805, -86.5242238367656 39.13421053240074, -86.52544374250753 39.13494171576373, -86.52658610556759 39.13578894995126, -86.52763992436502 39.13674407563497, -86.52859505004874 39.13779789443241, -86.52944228423627 39.138940257492465, -86.53017346759925 39.140160163234405, -86.5307815584422 39.141445863299055, -86.53126070051786 39.14278497569196, -86.53160627942613 39.14416460402875, -86.53181496705322 39.14557146173435, -86.53188475362319 39.146992, -86.53181496705322 39.148412538265646, -86.53160627942613 39.14981939597124, -86.53126070051786 39.151199024308035, -86.5307815584422 39.15253813670094, -86.53017346759925 39.15382383676559, -86.52944228423627 39.15504374250753, -86.52859505004874 39.156186105567585, -86.52763992436502 39.15723992436502, -86.52658610556759 39.15819505004873, -86.52544374250753 39.159042284236264, -86.5242238367656 39.15977346759925, -86.52293813670094 39.16038155844219, -86.52159902430803 39.16086070051786, -86.52021939597125 39.16120627942613, -86.51881253826565 39.16141496705322, -86.517392 39.161484753623185, -86.51597146173435 39.16141496705322, -86.51456460402875 39.16120627942613, -86.51318497569197 39.16086070051786, -86.51184586329906 39.16038155844219, -86.5105601632344 39.15977346759925, -86.50934025749247 39.159042284236264, -86.50819789443241 39.15819505004873, -86.50714407563498 39.15723992436502, -86.50618894995127 39.156186105567585, -86.50534171576373 39.15504374250753, -86.50461053240075 39.15382383676559, -86.5040024415578 39.15253813670094, -86.50352329948214 39.151199024308035, -86.50317772057387 39.14981939597124, -86.50296903294678 39.148412538265646, -86.50289924637681 39.146992))",12,6
902563041,2015-11-07,Weekend,11:00:00,2-Car,No injury/unknown,FOLLOWING TOO CLOSELY,10TH & DUNN,39.17168,-86.528256,"39.17168,-86.528256",40,Cloudy,1,POINT (-86.528256 39.17168),0.0,"POLYGON ((-86.51376324637681 39.17168, -86.51383303294678 39.170259461734354, -86.51404172057387 39.16885260402876, -86.51438729948214 39.167472975691965, -86.5148664415578 39.16613386329906, -86.51547453240075 39.16484816323441, -86.51620571576373 39.16362825749247, -86.51705294995126 39.162485894432415, -86.51800807563498 39.16143207563498, -86.51906189443241 39.16047694995127, -86.52020425749247 39.159629715763735, -86.5214241632344 39.15889853240075, -86.52270986329906 39.15829044155781, -86.52404897569197 39.15781129948214, -86.52542860402875 39.15746572057387, -86.52683546173435 39.15725703294678, -86.528256 39.157187246376814, -86.52967653826565 39.15725703294678, -86.53108339597125 39.15746572057387, -86.53246302430803 39.15781129948214, -86.53380213670094 39.15829044155781, -86.5350878367656 39.15889853240075, -86.53630774250753 39.159629715763735, -86.53745010556759 39.16047694995127, -86.53850392436502 39.16143207563498, -86.53945905004873 39.162485894432415, -86.54030628423627 39.16362825749247, -86.54103746759925 39.16484816323441, -86.5416455584422 39.16613386329906, -86.54212470051786 39.167472975691965, -86.54247027942613 39.16885260402876, -86.54267896705322 39.170259461734354, -86.54274875362319 39.17168, -86.54267896705322 39.17310053826565, -86.54247027942613 39.17450739597125, -86.54212470051786 39.17588702430804, -86.5416455584422 39.177226136700945, -86.54103746759925 39.178511836765594, -86.54030628423627 39.179731742507535, -86.53945905004873 39.18087410556759, -86.53850392436502 39.18192792436503, -86.53745010556759 39.18288305004874, -86.53630774250753 39.18373028423627, -86.5350878367656 39.184461467599256, -86.53380213670094 39.185069558442194, -86.53246302430803 39.18554870051786, -86.53108339597125 39.18589427942614, -86.52967653826565 39.18610296705322, -86.528256 39.18617275362319, -86.52683546173435 39.18610296705322, -86.52542860402875 39.18589427942614, -86.52404897569197 39.18554870051786, -86.52270986329906 39.185069558442194, -86.5214241632344 39.184461467599256, -86.52020425749247 39.18373028423627, -86.51906189443241 39.18288305004874, -86.51800807563498 39.18192792436503, -86.51705294995126 39.18087410556759, -86.51620571576373 39.179731742507535, -86.51547453240075 39.178511836765594, -86.5148664415578 39.177226136700945, -86.51438729948214 39.17588702430804, -86.51404172057387 39.17450739597125, -86.51383303294678 39.17310053826565, -86.51376324637681 39.17168))",11,6
902471627,2015-06-02,Weekday,06:00:00,1-Car,No injury/unknown,ANIMAL/OBJECT IN ROADWAY,BURCH & SR45W,39.08812773,-86.66905971,"39.08812773,-86.66905971",0,Partly cloudy,1,POINT (-86.66905971 39.08812773),0.0,,6,6
902526141,2015-09-06,Weekday,13:00:00,2-Car,No injury/unknown,UNSAFE BACKING,DANIELS,39.16671172,-86.59908838,"39.16671172,-86.59908838",2,Cloudy,1,POINT (-86.59908838 39.16671172),0.0,"POLYGON ((-86.58459562637681 39.16671172, -86.58466541294678 39.165291181734354, -86.58487410057387 39.16388432402876, -86.58521967948214 39.162504695691965, -86.5856988215578 39.16116558329906, -86.58630691240074 39.15987988323441, -86.58703809576373 39.15865997749247, -86.58788532995126 39.157517614432415, -86.58884045563498 39.15646379563498, -86.58989427443241 39.15550866995127, -86.59103663749246 39.154661435763735, -86.5922565432344 39.15393025240075, -86.59354224329905 39.15332216155781, -86.59488135569197 39.15284301948214, -86.59626098402875 39.15249744057387, -86.59766784173435 39.15228875294678, -86.59908838 39.152218966376815, -86.60050891826565 39.15228875294678, -86.60191577597125 39.15249744057387, -86.60329540430803 39.15284301948214, -86.60463451670094 39.15332216155781, -86.6059202167656 39.15393025240075, -86.60714012250753 39.154661435763735, -86.60828248556759 39.15550866995127, -86.60933630436502 39.15646379563498, -86.61029143004873 39.157517614432415, -86.61113866423626 39.15865997749247, -86.61186984759925 39.15987988323441, -86.6124779384422 39.16116558329906, -86.61295708051786 39.162504695691965, -86.61330265942613 39.16388432402876, -86.61351134705322 39.165291181734354, -86.61358113362319 39.16671172, -86.61351134705322 39.16813225826565, -86.61330265942613 39.16953911597125, -86.61295708051786 39.17091874430804, -86.6124779384422 39.172257856700945, -86.61186984759925 39.173543556765594, -86.61113866423626 39.174763462507535, -86.61029143004873 39.17590582556759, -86.60933630436502 39.17695964436503, -86.60828248556759 39.17791477004874, -86.60714012250753 39.17876200423627, -86.6059202167656 39.179493187599256, -86.60463451670094 39.180101278442194, -86.60329540430803 39.18058042051786, -86.60191577597125 39.18092599942614, -86.60050891826565 39.18113468705322, -86.59908838 39.18120447362319, -86.59766784173435 39.18113468705322, -86.59626098402875 39.18092599942614, -86.59488135569197 39.18058042051786, -86.59354224329905 39.180101278442194, -86.5922565432344 39.179493187599256, -86.59103663749246 39.17876200423627, -86.58989427443241 39.17791477004874, -86.58884045563498 39.17695964436503, -86.58788532995126 39.17590582556759, -86.58703809576373 39.174763462507535, -86.58630691240074 39.173543556765594, -86.5856988215578 39.172257856700945, -86.58521967948214 39.17091874430804, -86.58487410057387 39.16953911597125, -86.58466541294678 39.16813225826565, -86.58459562637681 39.16671172))",13,5
902383017,2015-01-03,Weekday,13:00:00,1-Car,No injury/unknown,OTHER (DRIVER) - EXPLAIN IN NARRATIVE,S ADAMS,39.164544,-86.552192,"39.164544,-86.552192",19,Patchy moderate snow,1,POINT (-86.552192 39.164544),0.0,"POLYGON ((-86.53769924637682 39.164544, -86.53776903294678 39.16312346173435, -86.53797772057388 39.161716604028754, -86.53832329948214 39.16033697569196, -86.5388024415578 39.15899786329906, -86.53941053240075 39.15771216323441, -86.54014171576374 39.15649225749247, -86.54098894995127 39.15534989443241, -86.54194407563499 39.154296075634974, -86.54299789443242 39.153340949951264, -86.54414025749247 39.15249371576373, -86.5453601632344 39.151762532400745, -86.54664586329906 39.15115444155781, -86.54798497569197 39.15067529948214, -86.54936460402875 39.150329720573865, -86.55077146173436 39.15012103294678, -86.552192 39.15005124637681, -86.55361253826565 39.15012103294678, -86.55501939597126 39.150329720573865, -86.55639902430804 39.15067529948214, -86.55773813670095 39.15115444155781, -86.5590238367656 39.151762532400745, -86.56024374250754 39.15249371576373, -86.56138610556759 39.153340949951264, -86.56243992436502 39.154296075634974, -86.56339505004874 39.15534989443241, -86.56424228423627 39.15649225749247, -86.56497346759926 39.15771216323441, -86.5655815584422 39.15899786329906, -86.56606070051787 39.16033697569196, -86.56640627942613 39.161716604028754, -86.56661496705323 39.16312346173435, -86.56668475362319 39.164544, -86.56661496705323 39.16596453826565, -86.56640627942613 39.167371395971244, -86.56606070051787 39.16875102430804, -86.5655815584422 39.17009013670094, -86.56497346759926 39.17137583676559, -86.56424228423627 39.17259574250753, -86.56339505004874 39.17373810556759, -86.56243992436502 39.174791924365024, -86.56138610556759 39.175747050048734, -86.56024374250754 39.176594284236266, -86.5590238367656 39.17732546759925, -86.55773813670095 39.17793355844219, -86.55639902430804 39.17841270051786, -86.55501939597126 39.178758279426134, -86.55361253826565 39.17896696705322, -86.552192 39.17903675362319, -86.55077146173436 39.17896696705322, -86.54936460402875 39.178758279426134, -86.54798497569197 39.17841270051786, -86.54664586329906 39.17793355844219, -86.5453601632344 39.17732546759925, -86.54414025749247 39.176594284236266, -86.54299789443242 39.175747050048734, -86.54194407563499 39.174791924365024, -86.54098894995127 39.17373810556759, -86.54014171576374 39.17259574250753, -86.53941053240075 39.17137583676559, -86.5388024415578 39.17009013670094, -86.53832329948214 39.16875102430804, -86.53797772057388 39.167371395971244, -86.53776903294678 39.16596453826565, -86.53769924637682 39.164544))",13,5
902370571,2015-01-06,Weekday,15:00:00,2-Car,No injury/unknown,RAN OFF ROAD RIGHT,MOORES CREEK & SNOODY,39.12134014,-86.48974361,"39.12134014,-86.48974361",0,Light freezing rain,1,POINT (-86.48974361 39.12134014),0.0,,15,6
902496305,2015-08-06,Weekday,16:00:00,2-Car,No injury/unknown,FOLLOWING TOO CLOSELY,E 10TH & UNION,39.171472,-86.509376,"39.171472,-86.509376",5,Moderate rain at times,1,POINT (-86.509376 39.171472),0.0,"POLYGON ((-86.49488324637682 39.171472, -86.49495303294678 39.17005146173435, -86.49516172057388 39.168644604028756, -86.49550729948214 39.167264975691964, -86.4959864415578 39.16592586329906, -86.49659453240075 39.16464016323441, -86.49732571576374 39.16342025749247, -86.49817294995127 39.162277894432414, -86.49912807563499 39.161224075634976, -86.50018189443242 39.160268949951266, -86.50132425749247 39.159421715763735, -86.5025441632344 39.15869053240075, -86.50382986329906 39.15808244155781, -86.50516897569197 39.15760329948214, -86.50654860402875 39.15725772057387, -86.50795546173435 39.15704903294678, -86.509376 39.156979246376814, -86.51079653826565 39.15704903294678, -86.51220339597126 39.15725772057387, -86.51358302430803 39.15760329948214, -86.51492213670095 39.15808244155781, -86.5162078367656 39.15869053240075, -86.51742774250754 39.159421715763735, -86.51857010556759 39.160268949951266, -86.51962392436502 39.161224075634976, -86.52057905004874 39.162277894432414, -86.52142628423627 39.16342025749247, -86.52215746759926 39.16464016323441, -86.5227655584422 39.16592586329906, -86.52324470051786 39.167264975691964, -86.52359027942613 39.168644604028756, -86.52379896705322 39.17005146173435, -86.52386875362319 39.171472, -86.52379896705322 39.17289253826565, -86.52359027942613 39.174299395971246, -86.52324470051786 39.17567902430804, -86.5227655584422 39.177018136700944, -86.52215746759926 39.17830383676559, -86.52142628423627 39.179523742507534, -86.52057905004874 39.18066610556759, -86.51962392436502 39.18171992436503, -86.51857010556759 39.182675050048736, -86.51742774250754 39.18352228423627, -86.5162078367656 39.184253467599255, -86.51492213670095 39.18486155844219, -86.51358302430803 39.18534070051786, -86.51220339597126 39.185686279426136, -86.51079653826565 39.18589496705322, -86.509376 39.18596475362319, -86.50795546173435 39.18589496705322, -86.50654860402875 39.185686279426136, -86.50516897569197 39.18534070051786, -86.50382986329906 39.18486155844219, -86.5025441632344 39.184253467599255, -86.50132425749247 39.18352228423627, -86.50018189443242 39.182675050048736, -86.49912807563499 39.18171992436503, -86.49817294995127 39.18066610556759, -86.49732571576374 39.179523742507534, -86.49659453240075 39.17830383676559, -86.4959864415578 39.177018136700944, -86.49550729948214 39.17567902430804, -86.49516172057388 39.174299395971246, -86.49495303294678 39.17289253826565, -86.49488324637682 39.171472))",16,5
902371197,2015-01-01,Weekend,01:00:00,2-Car,No injury/unknown,UNSAFE LANE MOVEMENT,7TH & N ROGERS,39.168704,-86.538576,"39.168704,-86.538576",42,Clear,1,POINT (-86.538576 39.168704),0.0,"POLYGON ((-86.52408324637682 39.168704, -86.52415303294678 39.16728346173435, -86.52436172057388 39.16587660402875, -86.52470729948215 39.16449697569196, -86.5251864415578 39.163157863299055, -86.52579453240075 39.161872163234406, -86.52652571576374 39.160652257492465, -86.52737294995127 39.15950989443241, -86.52832807563499 39.15845607563497, -86.52938189443242 39.15750094995126, -86.53052425749247 39.15665371576373, -86.5317441632344 39.155922532400744, -86.53302986329906 39.155314441557806, -86.53436897569198 39.15483529948214, -86.53574860402875 39.154489720573864, -86.53715546173436 39.15428103294678, -86.538576 39.15421124637681, -86.53999653826565 39.15428103294678, -86.54140339597126 39.154489720573864, -86.54278302430804 39.15483529948214, -86.54412213670095 39.155314441557806, -86.5454078367656 39.155922532400744, -86.54662774250754 39.15665371576373, -86.5477701055676 39.15750094995126, -86.54882392436502 39.15845607563497, -86.54977905004874 39.15950989443241, -86.55062628423627 39.160652257492465, -86.55135746759926 39.161872163234406, -86.5519655584422 39.163157863299055, -86.55244470051787 39.16449697569196, -86.55279027942613 39.16587660402875, -86.55299896705323 39.16728346173435, -86.5530687536232 39.168704, -86.55299896705323 39.17012453826565, -86.55279027942613 39.17153139597124, -86.55244470051787 39.172911024308036, -86.5519655584422 39.17425013670094, -86.55135746759926 39.17553583676559, -86.55062628423627 39.17675574250753, -86.54977905004874 39.177898105567586, -86.54882392436502 39.17895192436502, -86.5477701055676 39.17990705004873, -86.54662774250754 39.180754284236265, -86.5454078367656 39.18148546759925, -86.54412213670095 39.18209355844219, -86.54278302430804 39.18257270051786, -86.54140339597126 39.18291827942613, -86.53999653826565 39.18312696705322, -86.538576 39.183196753623186, -86.53715546173436 39.18312696705322, -86.53574860402875 39.18291827942613, -86.53436897569198 39.18257270051786, -86.53302986329906 39.18209355844219, -86.5317441632344 39.18148546759925, -86.53052425749247 39.180754284236265, -86.52938189443242 39.17990705004873, -86.52832807563499 39.17895192436502, -86.52737294995127 39.177898105567586, -86.52652571576374 39.17675574250753, -86.52579453240075 39.17553583676559, -86.5251864415578 39.17425013670094, -86.52470729948215 39.172911024308036, -86.52436172057388 39.17153139597124, -86.52415303294678 39.17012453826565, -86.52408324637682 39.168704))",1,6
902434741,2015-04-07,Weekend,15:00:00,2-Car,Fatal,RAN OFF ROAD RIGHT,KIRBY & W ST RD 48,39.05918475,-86.61081969,"39.05918475,-86.61081969",0,Patchy rain possible,3,POINT (-86.61081969 39.05918475),0.0,,15,6
902530412,2015-09-04,Weekday,07:00:00,2-Car,Incapacitating,LEFT OF CENTER,MAPLE GROVE & NORTH MAPLE GROVE,39.206352,-86.557696,"39.206352,-86.557696",0,Clear,2,POINT (-86.557696 39.206352),0.0,,7,6
902571785,2015-11-04,Weekday,11:00:00,Bus,No injury/unknown,UNSAFE BACKING,MULLER,39.16180998,-86.56743228,"39.16180998,-86.56743228",5,Clear,1,POINT (-86.56743228 39.16180998),0.0,"POLYGON ((-86.55293952637682 39.16180998, -86.55300931294678 39.16038944173435, -86.55321800057388 39.158982584028756, -86.55356357948214 39.157602955691964, -86.5540427215578 39.15626384329906, -86.55465081240075 39.15497814323441, -86.55538199576374 39.15375823749247, -86.55622922995127 39.15261587443241, -86.55718435563499 39.151562055634976, -86.55823817443242 39.150606929951266, -86.55938053749247 39.149759695763734, -86.5606004432344 39.14902851240075, -86.56188614329906 39.14842042155781, -86.56322525569198 39.14794127948214, -86.56460488402875 39.147595700573866, -86.56601174173436 39.14738701294678, -86.56743228 39.14731722637681, -86.56885281826565 39.14738701294678, -86.57025967597126 39.147595700573866, -86.57163930430804 39.14794127948214, -86.57297841670095 39.14842042155781, -86.5742641167656 39.14902851240075, -86.57548402250754 39.149759695763734, -86.5766263855676 39.150606929951266, -86.57768020436502 39.151562055634976, -86.57863533004874 39.15261587443241, -86.57948256423627 39.15375823749247, -86.58021374759926 39.15497814323441, -86.5808218384422 39.15626384329906, -86.58130098051787 39.157602955691964, -86.58164655942613 39.158982584028756, -86.58185524705323 39.16038944173435, -86.5819250336232 39.16180998, -86.58185524705323 39.16323051826565, -86.58164655942613 39.164637375971246, -86.58130098051787 39.16601700430804, -86.5808218384422 39.167356116700944, -86.58021374759926 39.16864181676559, -86.57948256423627 39.169861722507534, -86.57863533004874 39.17100408556759, -86.57768020436502 39.172057904365026, -86.5766263855676 39.173013030048736, -86.57548402250754 39.17386026423627, -86.5742641167656 39.174591447599255, -86.57297841670095 39.17519953844219, -86.57163930430804 39.17567868051786, -86.57025967597126 39.176024259426136, -86.56885281826565 39.17623294705322, -86.56743228 39.17630273362319, -86.56601174173436 39.17623294705322, -86.56460488402875 39.176024259426136, -86.56322525569198 39.17567868051786, -86.56188614329906 39.17519953844219, -86.5606004432344 39.174591447599255, -86.55938053749247 39.17386026423627, -86.55823817443242 39.173013030048736, -86.55718435563499 39.172057904365026, -86.55622922995127 39.17100408556759, -86.55538199576374 39.169861722507534, -86.55465081240075 39.16864181676559, -86.5540427215578 39.167356116700944, -86.55356357948214 39.16601700430804, -86.55321800057388 39.164637375971246, -86.55300931294678 39.16323051826565, -86.55293952637682 39.16180998))",11,6
902471870,2015-06-02,Weekday,13:00:00,2-Car,No injury/unknown,UNSAFE BACKING,N HEADLEY,39.18671619,-86.51449029,"39.18671619,-86.51449029",0,Partly cloudy,1,POINT (-86.51449029 39.18671619),0.0,,13,6