Master Record Number,Date,Weekend?,Hour,Collision Type,Injury Type,Primary Factor,Reported_Location,Latitude,Longitude,Location,Number of Bars,Weather Condition,Severity,geometry,area_number,bar_location,Hour of Day,Visibility (mi)
902404235,2015-02-06,Weekday,12:00:00,2-Car,No injury/unknown,,FEE & LAW,39.173787,-86.51716386,"39.173787,-86.51716386",26,Clear,1,POINT (-86.51716386 39.173787),0.0,"POLYGON ((-86.50267110637681 39.173787, -86.50274089294678 39.17236646173435, -86.50294958057387 39.17095960402875, -86.50329515948214 39.16957997569196, -86.5037743015578 39.168240863299054, -86.50438239240074 39.166955163234405, -86.50511357576373 39.165735257492464, -86.50596080995126 39.16459289443241, -86.50691593563498 39.16353907563497, -86.50796975443241 39.16258394995126, -86.50911211749246 39.16173671576373, -86.5103320232344 39.16100553240074, -86.51161772329905 39.160397441557805, -86.51295683569197 39.159918299482136, -86.51433646402874 39.15957272057386, -86.51574332173435 39.159364032946776, -86.51716386 39.15929424637681, -86.51858439826565 39.159364032946776, -86.51999125597125 39.15957272057386, -86.52137088430803 39.159918299482136, -86.52270999670094 39.160397441557805, -86.5239956967656 39.16100553240074, -86.52521560250753 39.16173671576373, -86.52635796556758 39.16258394995126, -86.52741178436501 39.16353907563497, -86.52836691004873 39.16459289443241, -86.52921414423626 39.165735257492464, -86.52994532759925 39.166955163234405, -86.5305534184422 39.168240863299054, -86.53103256051786 39.16957997569196, -86.53137813942612 39.17095960402875, -86.53158682705322 39.17236646173435, -86.53165661362318 39.173787, -86.53158682705322 39.175207538265646, -86.53137813942612 39.17661439597124, -86.53103256051786 39.177994024308035, -86.5305534184422 39.17933313670094, -86.52994532759925 39.18061883676559, -86.52921414423626 39.18183874250753, -86.52836691004873 39.182981105567585, -86.52741178436501 39.18403492436502, -86.52635796556758 39.18499005004873, -86.52521560250753 39.185837284236264, -86.5239956967656 39.18656846759925, -86.52270999670094 39.18717655844219, -86.52137088430803 39.18765570051786, -86.51999125597125 39.18800127942613, -86.51858439826565 39.18820996705322, -86.51716386 39.188279753623185, -86.51574332173435 39.18820996705322, -86.51433646402874 39.18800127942613, -86.51295683569197 39.18765570051786, -86.51161772329905 39.18717655844219, -86.5103320232344 39.18656846759925, -86.50911211749246 39.185837284236264, -86.50796975443241 39.18499005004873, -86.50691593563498 39.18403492436502, -86.50596080995126 39.182981105567585, -86.50511357576373 39.18183874250753, -86.50438239240074 39.18061883676559, -86.5037743015578 39.17933313670094, -86.50329515948214 39.177994024308035, -86.50294958057387 39.17661439597124, -86.50274089294678 39.175207538265646, -86.50267110637681 39.173787))",12,6
902550114,2015-10-05,Weekday,01:00:00,1-Car,No injury/unknown,IMPROPER TURNING,ACADIA & EAST WINSLOW,39.136048,-86.518496,"39.136048,-86.518496",1,Clear,1,POINT (-86.518496 39.136048),0.0,"POLYGON ((-86.50400324637681 39.136048, -86.50407303294678 39.134627461734354, -86.50428172057387 39.13322060402876, -86.50462729948214 39.131840975691965, -86.5051064415578 39.13050186329906, -86.50571453240075 39.12921616323441, -86.50644571576373 39.12799625749247, -86.50729294995126 39.126853894432415, -86.50824807563498 39.12580007563498, -86.50930189443241 39.12484494995127, -86.51044425749247 39.123997715763736, -86.5116641632344 39.12326653240075, -86.51294986329906 39.12265844155781, -86.51428897569197 39.12217929948214, -86.51566860402875 39.12183372057387, -86.51707546173435 39.12162503294678, -86.518496 39.121555246376815, -86.51991653826565 39.12162503294678, -86.52132339597125 39.12183372057387, -86.52270302430803 39.12217929948214, -86.52404213670094 39.12265844155781, -86.5253278367656 39.12326653240075, -86.52654774250753 39.123997715763736, -86.52769010556759 39.12484494995127, -86.52874392436502 39.12580007563498, -86.52969905004873 39.126853894432415, -86.53054628423627 39.12799625749247, -86.53127746759925 39.12921616323441, -86.5318855584422 39.13050186329906, -86.53236470051786 39.131840975691965, -86.53271027942613 39.13322060402876, -86.53291896705322 39.134627461734354, -86.53298875362319 39.136048, -86.53291896705322 39.13746853826565, -86.53271027942613 39.13887539597125, -86.53236470051786 39.14025502430804, -86.5318855584422 39.141594136700945, -86.53127746759925 39.142879836765594, -86.53054628423627 39.144099742507535, -86.52969905004873 39.14524210556759, -86.52874392436502 39.14629592436503, -86.52769010556759 39.14725105004874, -86.52654774250753 39.14809828423627, -86.5253278367656 39.148829467599256, -86.52404213670094 39.149437558442195, -86.52270302430803 39.14991670051786, -86.52132339597125 39.15026227942614, -86.51991653826565 39.150470967053224, -86.518496 39.15054075362319, -86.51707546173435 39.150470967053224, -86.51566860402875 39.15026227942614, -86.51428897569197 39.14991670051786, -86.51294986329906 39.149437558442195, -86.5116641632344 39.148829467599256, -86.51044425749247 39.14809828423627, -86.50930189443241 39.14725105004874, -86.50824807563498 39.14629592436503, -86.50729294995126 39.14524210556759, -86.50644571576373 39.144099742507535, -86.50571453240075 39.142879836765594, -86.5051064415578 39.141594136700945, -86.50462729948214 39.14025502430804, -86.50428172057387 39.13887539597125, -86.50407303294678 39.13746853826565, -86.50400324637681 39.136048))",1,6
902529816,2015-09-01,Weekday,22:00:00,1-Car,No injury/unknown,SPEED TOO FAST FOR WEATHER CONDITIONS,ARLINGTON & MAPLE GROVE,39.19982711,-86.55963587,"39.19982711,-86.55963587",0,Partly cloudy,1,POINT (-86.55963587 39.19982711),0.0,,22,3
902464120,2015-06-02,Weekday,20:00:00,2-Car,No injury/unknown,UNSAFE BACKING,N GATES,39.16987228,-86.57498168,"39.16987228,-86.57498168",5,Partly cloudy,1,POINT (-86.57498168 39.16987228),0.0,"POLYGON ((-86.5604889263768 39.16987228, -86.56055871294677 39.16845174173435, -86.56076740057387 39.167044884028755, -86.56111297948213 39.16566525569196, -86.5615921215578 39.16432614329906, -86.56220021240074 39.16304044323441, -86.56293139576373 39.16182053749247, -86.56377862995126 39.16067817443241, -86.56473375563498 39.159624355634975, -86.5657875744324 39.158669229951265, -86.56692993749246 39.15782199576373, -86.5681498432344 39.157090812400746, -86.56943554329905 39.15648272155781, -86.57077465569196 39.15600357948214, -86.57215428402874 39.155658000573865, -86.57356114173434 39.15544931294678, -86.57498168 39.15537952637681, -86.57640221826564 39.15544931294678, -86.57780907597125 39.155658000573865, -86.57918870430802 39.15600357948214, -86.58052781670094 39.15648272155781, -86.58181351676559 39.157090812400746, -86.58303342250753 39.15782199576373, -86.58417578556758 39.158669229951265, -86.58522960436501 39.159624355634975, -86.58618473004873 39.16067817443241, -86.58703196423626 39.16182053749247, -86.58776314759925 39.16304044323441, -86.58837123844219 39.16432614329906, -86.58885038051785 39.16566525569196, -86.58919595942612 39.167044884028755, -86.58940464705321 39.16845174173435, -86.58947443362318 39.16987228, -86.58940464705321 39.17129281826565, -86.58919595942612 39.172699675971245, -86.58885038051785 39.17407930430804, -86.58837123844219 39.17541841670094, -86.58776314759925 39.17670411676559, -86.58703196423626 39.17792402250753, -86.58618473004873 39.17906638556759, -86.58522960436501 39.180120204365025, -86.58417578556758 39.181075330048735, -86.58303342250753 39.18192256423627, -86.58181351676559 39.182653747599254, -86.58052781670094 39.18326183844219, -86.57918870430802 39.18374098051786, -86.57780907597125 39.184086559426134, -86.57640221826564 39.18429524705322, -86.57498168 39.18436503362319, -86.57356114173434 39.18429524705322, -86.57215428402874 39.184086559426134, -86.57077465569196 39.18374098051786, -86.56943554329905 39.18326183844219, -86.5681498432344 39.182653747599254, -86.56692993749246 39.18192256423627, -86.5657875744324 39.181075330048735, -86.56473375563498 39.180120204365025, -86.56377862995126 39.17906638556759, -86.56293139576373 39.17792402250753, -86.56220021240074 39.17670411676559, -86.5615921215578 39.17541841670094, -86.56111297948213 39.17407930430804, -86.56076740057387 39.172699675971245, -86.56055871294677 39.17129281826565, -86.5604889263768 39.16987228))",20,6
902545439,2015-10-07,Weekend,05:00:00,1-Car,No injury/unknown,ANIMAL/OBJECT IN ROADWAY,SR45N & W 3RD,39.164752,-86.573104,"39.164752,-86.573104",5,Clear,1,POINT (-86.573104 39.164752),0.0,"POLYGON ((-86.55861124637681 39.164752, -86.55868103294678 39.16333146173435, -86.55888972057387 39.161924604028755, -86.55923529948214 39.16054497569196, -86.5597144415578 39.15920586329906, -86.56032253240075 39.15792016323441, -86.56105371576373 39.15670025749247, -86.56190094995127 39.15555789443241, -86.56285607563498 39.154504075634975, -86.56390989443241 39.153548949951265, -86.56505225749247 39.15270171576373, -86.5662721632344 39.151970532400746, -86.56755786329906 39.15136244155781, -86.56889697569197 39.15088329948214, -86.57027660402875 39.150537720573865, -86.57168346173435 39.15032903294678, -86.573104 39.15025924637681, -86.57452453826565 39.15032903294678, -86.57593139597125 39.150537720573865, -86.57731102430803 39.15088329948214, -86.57865013670094 39.15136244155781, -86.5799358367656 39.151970532400746, -86.58115574250753 39.15270171576373, -86.58229810556759 39.153548949951265, -86.58335192436502 39.154504075634975, -86.58430705004874 39.15555789443241, -86.58515428423627 39.15670025749247, -86.58588546759925 39.15792016323441, -86.5864935584422 39.15920586329906, -86.58697270051786 39.16054497569196, -86.58731827942613 39.161924604028755, -86.58752696705322 39.16333146173435, -86.58759675362319 39.164752, -86.58752696705322 39.16617253826565, -86.58731827942613 39.167579395971245, -86.58697270051786 39.16895902430804, -86.5864935584422 39.17029813670094, -86.58588546759925 39.17158383676559, -86.58515428423627 39.17280374250753, -86.58430705004874 39.17394610556759, -86.58335192436502 39.174999924365025, -86.58229810556759 39.175955050048735, -86.58115574250753 39.17680228423627, -86.5799358367656 39.177533467599254, -86.57865013670094 39.17814155844219, -86.57731102430803 39.17862070051786, -86.57593139597125 39.178966279426135, -86.57452453826565 39.17917496705322, -86.573104 39.17924475362319, -86.57168346173435 39.17917496705322, -86.57027660402875 39.178966279426135, -86.56889697569197 39.17862070051786, -86.56755786329906 39.17814155844219, -86.5662721632344 39.177533467599254, -86.56505225749247 39.17680228423627, -86.56390989443241 39.175955050048735, -86.56285607563498 39.174999924365025, -86.56190094995127 39.17394610556759, -86.56105371576373 39.17280374250753, -86.56032253240075 39.17158383676559, -86.5597144415578 39.17029813670094, -86.55923529948214 39.16895902430804, -86.55888972057387 39.167579395971245, -86.55868103294678 39.16617253826565, -86.55861124637681 39.164752))",5,6
902550308,2015-11-01,Weekend,00:00:00,1-Car,No injury/unknown,SPEED TOO FAST FOR WEATHER CONDITIONS,E 19TH & N DUNN,39.18104,-86.5284,"39.18104,-86.5284",13,Overcast,1,POINT (-86.5284 39.18104),0.0,"POLYGON ((-86.51390724637682 39.18104, -86.51397703294678 39.179619461734355, -86.51418572057388 39.17821260402876, -86.51453129948214 39.176832975691966, -86.5150104415578 39.17549386329906, -86.51561853240075 39.17420816323441, -86.51634971576374 39.17298825749247, -86.51719694995127 39.171845894432415, -86.51815207563499 39.17079207563498, -86.51920589443242 39.16983694995127, -86.52034825749247 39.168989715763736, -86.5215681632344 39.16825853240075, -86.52285386329906 39.16765044155781, -86.52419297569197 39.16717129948214, -86.52557260402875 39.16682572057387, -86.52697946173436 39.16661703294678, -86.5284 39.166547246376815, -86.52982053826565 39.16661703294678, -86.53122739597126 39.16682572057387, -86.53260702430804 39.16717129948214, -86.53394613670095 39.16765044155781, -86.5352318367656 39.16825853240075, -86.53645174250754 39.168989715763736, -86.53759410556759 39.16983694995127, -86.53864792436502 39.17079207563498, -86.53960305004874 39.171845894432415, -86.54045028423627 39.17298825749247, -86.54118146759926 39.17420816323441, -86.5417895584422 39.17549386329906, -86.54226870051787 39.176832975691966, -86.54261427942613 39.17821260402876, -86.54282296705323 39.179619461734355, -86.54289275362319 39.18104, -86.54282296705323 39.18246053826565, -86.54261427942613 39.18386739597125, -86.54226870051787 39.18524702430804, -86.5417895584422 39.186586136700946, -86.54118146759926 39.187871836765595, -86.54045028423627 39.189091742507536, -86.53960305004874 39.19023410556759, -86.53864792436502 39.19128792436503, -86.53759410556759 39.19224305004874, -86.53645174250754 39.19309028423627, -86.5352318367656 39.19382146759926, -86.53394613670095 39.194429558442195, -86.53260702430804 39.194908700517864, -86.53122739597126 39.19525427942614, -86.52982053826565 39.195462967053224, -86.5284 39.19553275362319, -86.52697946173436 39.195462967053224, -86.52557260402875 39.19525427942614, -86.52419297569197 39.194908700517864, -86.52285386329906 39.194429558442195, -86.5215681632344 39.19382146759926, -86.52034825749247 39.19309028423627, -86.51920589443242 39.19224305004874, -86.51815207563499 39.19128792436503, -86.51719694995127 39.19023410556759, -86.51634971576374 39.189091742507536, -86.51561853240075 39.187871836765595, -86.5150104415578 39.186586136700946, -86.51453129948214 39.18524702430804, -86.51418572057388 39.18386739597125, -86.51397703294678 39.18246053826565, -86.51390724637682 39.18104))",0,5
902504673,2015-08-07,Weekend,03:00:00,2-Car,No injury/unknown,FAILURE TO YIELD RIGHT OF WAY,3RD & GRANT,39.16464,-86.529728,"39.16464,-86.529728",43,Clear,1,POINT (-86.529728 39.16464),0.0,"POLYGON ((-86.51523524637682 39.16464, -86.51530503294678 39.16321946173435, -86.51551372057388 39.16181260402875, -86.51585929948214 39.16043297569196, -86.5163384415578 39.159093863299056, -86.51694653240075 39.15780816323441, -86.51767771576374 39.156588257492466, -86.51852494995127 39.15544589443241, -86.51948007563499 39.15439207563497, -86.52053389443242 39.153436949951264, -86.52167625749247 39.15258971576373, -86.5228961632344 39.151858532400745, -86.52418186329906 39.151250441557806, -86.52552097569198 39.15077129948214, -86.52690060402875 39.150425720573864, -86.52830746173436 39.15021703294678, -86.529728 39.15014724637681, -86.53114853826565 39.15021703294678, -86.53255539597126 39.150425720573864, -86.53393502430804 39.15077129948214, -86.53527413670095 39.151250441557806, -86.5365598367656 39.151858532400745, -86.53777974250754 39.15258971576373, -86.5389221055676 39.153436949951264, -86.53997592436502 39.15439207563497, -86.54093105004874 39.15544589443241, -86.54177828423627 39.156588257492466, -86.54250946759926 39.15780816323441, -86.5431175584422 39.159093863299056, -86.54359670051787 39.16043297569196, -86.54394227942613 39.16181260402875, -86.54415096705323 39.16321946173435, -86.5442207536232 39.16464, -86.54415096705323 39.16606053826565, -86.54394227942613 39.167467395971244, -86.54359670051787 39.168847024308036, -86.5431175584422 39.17018613670094, -86.54250946759926 39.17147183676559, -86.54177828423627 39.17269174250753, -86.54093105004874 39.173834105567586, -86.53997592436502 39.174887924365024, -86.5389221055676 39.175843050048734, -86.53777974250754 39.176690284236265, -86.5365598367656 39.17742146759925, -86.53527413670095 39.17802955844219, -86.53393502430804 39.17850870051786, -86.53255539597126 39.17885427942613, -86.53114853826565 39.17906296705322, -86.529728 39.179132753623186, -86.52830746173436 39.17906296705322, -86.52690060402875 39.17885427942613, -86.52552097569198 39.17850870051786, -86.52418186329906 39.17802955844219, -86.5228961632344 39.17742146759925, -86.52167625749247 39.176690284236265, -86.52053389443242 39.175843050048734, -86.51948007563499 39.174887924365024, -86.51852494995127 39.173834105567586, -86.51767771576374 39.17269174250753, -86.51694653240075 39.17147183676559, -86.5163384415578 39.17018613670094, -86.51585929948214 39.168847024308036, -86.51551372057388 39.167467395971244, -86.51530503294678 39.16606053826565, -86.51523524637682 39.16464))",3,6
902436878,2015-04-01,Weekend,11:00:00,2-Car,No injury/unknown,UNSAFE BACKING,EAST 10TH,39.171648,-86.50435515,"39.171648,-86.50435515",5,Clear,1,POINT (-86.50435515 39.171648),0.0,"POLYGON ((-86.48986239637681 39.171648, -86.48993218294677 39.17022746173435, -86.49014087057387 39.16882060402875, -86.49048644948213 39.16744097569196, -86.4909655915578 39.166101863299055, -86.49157368240074 39.164816163234406, -86.49230486576373 39.163596257492465, -86.49315209995126 39.16245389443241, -86.49410722563498 39.16140007563497, -86.49516104443241 39.16044494995126, -86.49630340749246 39.15959771576373, -86.4975233132344 39.158866532400744, -86.49880901329905 39.158258441557805, -86.50014812569196 39.15777929948214, -86.50152775402874 39.15743372057386, -86.50293461173435 39.157225032946776, -86.50435515 39.15715524637681, -86.50577568826564 39.157225032946776, -86.50718254597125 39.15743372057386, -86.50856217430803 39.15777929948214, -86.50990128670094 39.158258441557805, -86.5111869867656 39.158866532400744, -86.51240689250753 39.15959771576373, -86.51354925556758 39.16044494995126, -86.51460307436501 39.16140007563497, -86.51555820004873 39.16245389443241, -86.51640543423626 39.163596257492465, -86.51713661759925 39.164816163234406, -86.5177447084422 39.166101863299055, -86.51822385051786 39.16744097569196, -86.51856942942612 39.16882060402875, -86.51877811705322 39.17022746173435, -86.51884790362318 39.171648, -86.51877811705322 39.173068538265646, -86.51856942942612 39.17447539597124, -86.51822385051786 39.175855024308035, -86.5177447084422 39.17719413670094, -86.51713661759925 39.17847983676559, -86.51640543423626 39.17969974250753, -86.51555820004873 39.180842105567585, -86.51460307436501 39.18189592436502, -86.51354925556758 39.18285105004873, -86.51240689250753 39.183698284236264, -86.5111869867656 39.18442946759925, -86.50990128670094 39.18503755844219, -86.50856217430803 39.18551670051786, -86.50718254597125 39.18586227942613, -86.50577568826564 39.18607096705322, -86.50435515 39.186140753623185, -86.50293461173435 39.18607096705322, -86.50152775402874 39.18586227942613, -86.50014812569196 39.18551670051786, -86.49880901329905 39.18503755844219, -86.4975233132344 39.18442946759925, -86.49630340749246 39.183698284236264, -86.49516104443241 39.18285105004873, -86.49410722563498 39.18189592436502, -86.49315209995126 39.180842105567585, -86.49230486576373 39.17969974250753, -86.49157368240074 39.17847983676559, -86.4909655915578 39.17719413670094, -86.49048644948213 39.175855024308035, -86.49014087057387 39.17447539597124, -86.48993218294677 39.173068538265646, -86.48986239637681 39.171648))",11,6
902455799,2015-06-03,Weekday,19:00:00,2-Car,Incapacitating,DISREGARD SIGNAL/REG SIGN,EAST THIRD & INDIANA,39.164448,-86.5268,"39.164448,-86.5268",43,Clear,2,POINT (-86.5268 39.164448),0.0,"POLYGON ((-86.5123072463768 39.164448, -86.51237703294677 39.16302746173435, -86.51258572057387 39.161620604028755, -86.51293129948213 39.16024097569196, -86.5134104415578 39.15890186329906, -86.51401853240074 39.15761616323441, -86.51474971576373 39.15639625749247, -86.51559694995126 39.15525389443241, -86.51655207563498 39.154200075634975, -86.5176058944324 39.153244949951265, -86.51874825749246 39.15239771576373, -86.5199681632344 39.151666532400746, -86.52125386329905 39.15105844155781, -86.52259297569196 39.15057929948214, -86.52397260402874 39.150233720573866, -86.52537946173435 39.15002503294678, -86.5268 39.14995524637681, -86.52822053826564 39.15002503294678, -86.52962739597125 39.150233720573866, -86.53100702430802 39.15057929948214, -86.53234613670094 39.15105844155781, -86.5336318367656 39.151666532400746, -86.53485174250753 39.15239771576373, -86.53599410556758 39.153244949951265, -86.53704792436501 39.154200075634975, -86.53800305004873 39.15525389443241, -86.53885028423626 39.15639625749247, -86.53958146759925 39.15761616323441, -86.5401895584422 39.15890186329906, -86.54066870051786 39.16024097569196, -86.54101427942612 39.161620604028755, -86.54122296705322 39.16302746173435, -86.54129275362318 39.164448, -86.54122296705322 39.16586853826565, -86.54101427942612 39.167275395971245, -86.54066870051786 39.16865502430804, -86.5401895584422 39.16999413670094, -86.53958146759925 39.17127983676559, -86.53885028423626 39.17249974250753, -86.53800305004873 39.17364210556759, -86.53704792436501 39.174695924365025, -86.53599410556758 39.175651050048735, -86.53485174250753 39.17649828423627, -86.5336318367656 39.177229467599254, -86.53234613670094 39.17783755844219, -86.53100702430802 39.17831670051786, -86.52962739597125 39.178662279426135, -86.52822053826564 39.17887096705322, -86.5268 39.17894075362319, -86.52537946173435 39.17887096705322, -86.52397260402874 39.178662279426135, -86.52259297569196 39.17831670051786, -86.52125386329905 39.17783755844219, -86.5199681632344 39.177229467599254, -86.51874825749246 39.17649828423627, -86.5176058944324 39.175651050048735, -86.51655207563498 39.174695924365025, -86.51559694995126 39.17364210556759, -86.51474971576373 39.17249974250753, -86.51401853240074 39.17127983676559, -86.5134104415578 39.16999413670094, -86.51293129948213 39.16865502430804, -86.51258572057387 39.167275395971245, -86.51237703294677 39.16586853826565, -86.5123072463768 39.164448))",19,6
902407778,2015-03-04,Weekday,18:00:00,2-Car,No injury/unknown,FAILURE TO YIELD RIGHT OF WAY,E 3RD & S GRANT,39.16464,-86.529728,"39.16464,-86.529728",43,Heavy rain at times,1,POINT (-86.529728 39.16464),0.0,"POLYGON ((-86.51523524637682 39.16464, -86.51530503294678 39.16321946173435, -86.51551372057388 39.16181260402875, -86.51585929948214 39.16043297569196, -86.5163384415578 39.159093863299056, -86.51694653240075 39.15780816323441, -86.51767771576374 39.156588257492466, -86.51852494995127 39.15544589443241, -86.51948007563499 39.15439207563497, -86.52053389443242 39.153436949951264, -86.52167625749247 39.15258971576373, -86.5228961632344 39.151858532400745, -86.52418186329906 39.151250441557806, -86.52552097569198 39.15077129948214, -86.52690060402875 39.150425720573864, -86.52830746173436 39.15021703294678, -86.529728 39.15014724637681, -86.53114853826565 39.15021703294678, -86.53255539597126 39.150425720573864, -86.53393502430804 39.15077129948214, -86.53527413670095 39.151250441557806, -86.5365598367656 39.151858532400745, -86.53777974250754 39.15258971576373, -86.5389221055676 39.153436949951264, -86.53997592436502 39.15439207563497, -86.54093105004874 39.15544589443241, -86.54177828423627 39.156588257492466, -86.54250946759926 39.15780816323441, -86.5431175584422 39.159093863299056, -86.54359670051787 39.16043297569196, -86.54394227942613 39.16181260402875, -86.54415096705323 39.16321946173435, -86.5442207536232 39.16464, -86.54415096705323 39.16606053826565, -86.54394227942613 39.167467395971244, -86.54359670051787 39.168847024308036, -86.5431175584422 39.17018613670094, -86.54250946759926 39.17147183676559, -86.54177828423627 39.17269174250753, -86.54093105004874 39.173834105567586, -86.53997592436502 39.174887924365024, -86.5389221055676 39.175843050048734, -86.53777974250754 39.176690284236265, -86.5365598367656 39.17742146759925, -86.53527413670095 39.17802955844219, -86.53393502430804 39.17850870051786, -86.53255539597126 39.17885427942613, -86.53114853826565 39.17906296705322, -86.529728 39.179132753623186, -86.52830746173436 39.17906296705322, -86.52690060402875 39.17885427942613, -86.52552097569198 39.17850870051786, -86.52418186329906 39.17802955844219, -86.5228961632344 39.17742146759925, -86.52167625749247 39.176690284236265, -86.52053389443242 39.175843050048734, -86.51948007563499 39.174887924365024, -86.51852494995127 39.173834105567586, -86.51767771576374 39.17269174250753, -86.51694653240075 39.17147183676559, -86.5163384415578 39.17018613670094, -86.51585929948214 39.168847024308036, -86.51551372057388 39.167467395971244, -86.51530503294678 39.16606053826565, -86.51523524637682 39.16464))",18,3
902518137,2015-09-04,Weekday,12:00:00,2-Car,No injury/unknown,UNSAFE BACKING,E 4TH,39.165648,-86.529488,"39.165648,-86.529488",43,Clear,1,POINT (-86.529488 39.165648),0.0,"POLYGON ((-86.51499524637681 39.165648, -86.51506503294678 39.16422746173435, -86.51527372057387 39.16282060402875, -86.51561929948214 39.16144097569196, -86.5160984415578 39.160101863299055, -86.51670653240075 39.158816163234405, -86.51743771576373 39.157596257492465, -86.51828494995127 39.15645389443241, -86.51924007563498 39.15540007563497, -86.52029389443241 39.15444494995126, -86.52143625749247 39.15359771576373, -86.5226561632344 39.15286653240074, -86.52394186329906 39.152258441557805, -86.52528097569197 39.151779299482136, -86.52666060402875 39.15143372057386, -86.52806746173435 39.151225032946776, -86.529488 39.15115524637681, -86.53090853826565 39.151225032946776, -86.53231539597125 39.15143372057386, -86.53369502430803 39.151779299482136, -86.53503413670094 39.152258441557805, -86.5363198367656 39.15286653240074, -86.53753974250753 39.15359771576373, -86.53868210556759 39.15444494995126, -86.53973592436502 39.15540007563497, -86.54069105004874 39.15645389443241, -86.54153828423627 39.157596257492465, -86.54226946759925 39.158816163234405, -86.5428775584422 39.160101863299055, -86.54335670051786 39.16144097569196, -86.54370227942613 39.16282060402875, -86.54391096705322 39.16422746173435, -86.54398075362319 39.165648, -86.54391096705322 39.167068538265646, -86.54370227942613 39.16847539597124, -86.54335670051786 39.169855024308035, -86.5428775584422 39.17119413670094, -86.54226946759925 39.17247983676559, -86.54153828423627 39.17369974250753, -86.54069105004874 39.174842105567585, -86.53973592436502 39.17589592436502, -86.53868210556759 39.17685105004873, -86.53753974250753 39.177698284236264, -86.5363198367656 39.17842946759925, -86.53503413670094 39.17903755844219, -86.53369502430803 39.17951670051786, -86.53231539597125 39.17986227942613, -86.53090853826565 39.18007096705322, -86.529488 39.180140753623185, -86.52806746173435 39.18007096705322, -86.52666060402875 39.17986227942613, -86.52528097569197 39.17951670051786, -86.52394186329906 39.17903755844219, -86.5226561632344 39.17842946759925, -86.52143625749247 39.177698284236264, -86.52029389443241 39.17685105004873, -86.51924007563498 39.17589592436502, -86.51828494995127 39.174842105567585, -86.51743771576373 39.17369974250753, -86.51670653240075 39.17247983676559, -86.5160984415578 39.17119413670094, -86.51561929948214 39.169855024308035, -86.51527372057387 39.16847539597124, -86.51506503294678 39.167068538265646, -86.51499524637681 39.165648))",12,6
902378775,2015-01-05,Weekday,09:00:00,2-Car,No injury/unknown,FOLLOWING TOO CLOSELY,TENTH & WOODLAWN,39.17162998,-86.52351778,"39.17162998,-86.52351778",40,Clear,1,POINT (-86.52351778 39.17162998),0.0,"POLYGON ((-86.50902502637682 39.17162998, -86.50909481294678 39.17020944173435, -86.50930350057388 39.168802584028754, -86.50964907948214 39.16742295569196, -86.5101282215578 39.166083843299056, -86.51073631240075 39.16479814323441, -86.51146749576374 39.163578237492466, -86.51231472995127 39.16243587443241, -86.51326985563499 39.161382055634974, -86.51432367443242 39.160426929951264, -86.51546603749247 39.15957969576373, -86.5166859432344 39.158848512400745, -86.51797164329906 39.15824042155781, -86.51931075569198 39.15776127948214, -86.52069038402875 39.157415700573864, -86.52209724173436 39.15720701294678, -86.52351778 39.15713722637681, -86.52493831826565 39.15720701294678, -86.52634517597126 39.157415700573864, -86.52772480430804 39.15776127948214, -86.52906391670095 39.15824042155781, -86.5303496167656 39.158848512400745, -86.53156952250754 39.15957969576373, -86.5327118855676 39.160426929951264, -86.53376570436502 39.161382055634974, -86.53472083004874 39.16243587443241, -86.53556806423627 39.163578237492466, -86.53629924759926 39.16479814323441, -86.5369073384422 39.166083843299056, -86.53738648051787 39.16742295569196, -86.53773205942613 39.168802584028754, -86.53794074705323 39.17020944173435, -86.5380105336232 39.17162998, -86.53794074705323 39.17305051826565, -86.53773205942613 39.174457375971244, -86.53738648051787 39.175837004308036, -86.5369073384422 39.17717611670094, -86.53629924759926 39.17846181676559, -86.53556806423627 39.17968172250753, -86.53472083004874 39.180824085567586, -86.53376570436502 39.181877904365024, -86.5327118855676 39.182833030048734, -86.53156952250754 39.183680264236266, -86.5303496167656 39.18441144759925, -86.52906391670095 39.18501953844219, -86.52772480430804 39.18549868051786, -86.52634517597126 39.18584425942613, -86.52493831826565 39.18605294705322, -86.52351778 39.186122733623186, -86.52209724173436 39.18605294705322, -86.52069038402875 39.18584425942613, -86.51931075569198 39.18549868051786, -86.51797164329906 39.18501953844219, -86.5166859432344 39.18441144759925, -86.51546603749247 39.183680264236266, -86.51432367443242 39.182833030048734, -86.51326985563499 39.181877904365024, -86.51231472995127 39.180824085567586, -86.51146749576374 39.17968172250753, -86.51073631240075 39.17846181676559, -86.5101282215578 39.17717611670094, -86.50964907948214 39.175837004308036, -86.50930350057388 39.174457375971244, -86.50909481294678 39.17305051826565, -86.50902502637682 39.17162998))",9,6