Master Record Number,Date,Weekend?,Hour,Collision Type,Injury Type,Primary Factor,Reported_Location,Latitude,Longitude,Location,Number of Bars,Weather Condition,Severity,geometry,area_number,bar_location,Hour of Day,Visibility (mi)
902376554,2015-01-02,Weekday,02:00:00,2-Car,No injury/unknown,UNSAFE LANE MOVEMENT,JORDAN & THIRD,39.16427532,-86.51640856,"39.16427532,-86.51640856",19,Clear,1,POINT (-86.51640856 39.16427532),0.0,"POLYGON ((-86.50191580637681 39.16427532, -86.50198559294678 39.16285478173435, -86.50219428057387 39.16144792402876, -86.50253985948214 39.160068295691964, -86.5030190015578 39.15872918329906, -86.50362709240075 39.15744348323441, -86.50435827576374 39.15622357749247, -86.50520550995127 39.155081214432414, -86.50616063563498 39.15402739563498, -86.50721445443241 39.15307226995127, -86.50835681749247 39.152225035763735, -86.5095767232344 39.15149385240075, -86.51086242329906 39.15088576155781, -86.51220153569197 39.15040661948214, -86.51358116402875 39.15006104057387, -86.51498802173435 39.14985235294678, -86.51640856 39.149782566376814, -86.51782909826565 39.14985235294678, -86.51923595597125 39.15006104057387, -86.52061558430803 39.15040661948214, -86.52195469670094 39.15088576155781, -86.5232403967656 39.15149385240075, -86.52446030250753 39.152225035763735, -86.52560266556759 39.15307226995127, -86.52665648436502 39.15402739563498, -86.52761161004874 39.155081214432414, -86.52845884423627 39.15622357749247, -86.52919002759926 39.15744348323441, -86.5297981184422 39.15872918329906, -86.53027726051786 39.160068295691964, -86.53062283942613 39.16144792402876, -86.53083152705322 39.16285478173435, -86.53090131362319 39.16427532, -86.53083152705322 39.16569585826565, -86.53062283942613 39.16710271597125, -86.53027726051786 39.16848234430804, -86.5297981184422 39.169821456700944, -86.52919002759926 39.17110715676559, -86.52845884423627 39.172327062507534, -86.52761161004874 39.17346942556759, -86.52665648436502 39.17452324436503, -86.52560266556759 39.17547837004874, -86.52446030250753 39.17632560423627, -86.5232403967656 39.177056787599255, -86.52195469670094 39.177664878442194, -86.52061558430803 39.17814402051786, -86.51923595597125 39.178489599426136, -86.51782909826565 39.17869828705322, -86.51640856 39.17876807362319, -86.51498802173435 39.17869828705322, -86.51358116402875 39.178489599426136, -86.51220153569197 39.17814402051786, -86.51086242329906 39.177664878442194, -86.5095767232344 39.177056787599255, -86.50835681749247 39.17632560423627, -86.50721445443241 39.17547837004874, -86.50616063563498 39.17452324436503, -86.50520550995127 39.17346942556759, -86.50435827576374 39.172327062507534, -86.50362709240075 39.17110715676559, -86.5030190015578 39.169821456700944, -86.50253985948214 39.16848234430804, -86.50219428057387 39.16710271597125, -86.50198559294678 39.16569585826565, -86.50191580637681 39.16427532))",2,6
902467080,2015-06-07,Weekend,16:00:00,1-Car,No injury/unknown,UNSAFE SPEED,S LEONARD SPRINGS & W MAY,39.09344,-86.591792,"39.09344,-86.591792",0,Clear,1,POINT (-86.591792 39.09344),0.0,,16,1
902418734,2015-03-03,Weekday,15:00:00,1-Car,No injury/unknown,RAN OFF ROAD RIGHT,CHAFFIN CHAPEL & SR46W,39.25960159,-86.64377545,"39.25960159,-86.64377545",0,Cloudy,1,POINT (-86.64377545 39.25960159),0.0,,15,6
902396512,2015-02-03,Weekday,17:00:00,2-Car,No injury/unknown,FAILURE TO YIELD RIGHT OF WAY,E 3RD & S GRANT,39.16464,-86.529728,"39.16464,-86.529728",43,Clear,1,POINT (-86.529728 39.16464),0.0,"POLYGON ((-86.51523524637682 39.16464, -86.51530503294678 39.16321946173435, -86.51551372057388 39.16181260402875, -86.51585929948214 39.16043297569196, -86.5163384415578 39.159093863299056, -86.51694653240075 39.15780816323441, -86.51767771576374 39.156588257492466, -86.51852494995127 39.15544589443241, -86.51948007563499 39.15439207563497, -86.52053389443242 39.153436949951264, -86.52167625749247 39.15258971576373, -86.5228961632344 39.151858532400745, -86.52418186329906 39.151250441557806, -86.52552097569198 39.15077129948214, -86.52690060402875 39.150425720573864, -86.52830746173436 39.15021703294678, -86.529728 39.15014724637681, -86.53114853826565 39.15021703294678, -86.53255539597126 39.150425720573864, -86.53393502430804 39.15077129948214, -86.53527413670095 39.151250441557806, -86.5365598367656 39.151858532400745, -86.53777974250754 39.15258971576373, -86.5389221055676 39.153436949951264, -86.53997592436502 39.15439207563497, -86.54093105004874 39.15544589443241, -86.54177828423627 39.156588257492466, -86.54250946759926 39.15780816323441, -86.5431175584422 39.159093863299056, -86.54359670051787 39.16043297569196, -86.54394227942613 39.16181260402875, -86.54415096705323 39.16321946173435, -86.5442207536232 39.16464, -86.54415096705323 39.16606053826565, -86.54394227942613 39.167467395971244, -86.54359670051787 39.168847024308036, -86.5431175584422 39.17018613670094, -86.54250946759926 39.17147183676559, -86.54177828423627 39.17269174250753, -86.54093105004874 39.173834105567586, -86.53997592436502 39.174887924365024, -86.5389221055676 39.175843050048734, -86.53777974250754 39.176690284236265, -86.5365598367656 39.17742146759925, -86.53527413670095 39.17802955844219, -86.53393502430804 39.17850870051786, -86.53255539597126 39.17885427942613, -86.53114853826565 39.17906296705322, -86.529728 39.179132753623186, -86.52830746173436 39.17906296705322, -86.52690060402875 39.17885427942613, -86.52552097569198 39.17850870051786, -86.52418186329906 39.17802955844219, -86.5228961632344 39.17742146759925, -86.52167625749247 39.176690284236265, -86.52053389443242 39.175843050048734, -86.51948007563499 39.174887924365024, -86.51852494995127 39.173834105567586, -86.51767771576374 39.17269174250753, -86.51694653240075 39.17147183676559, -86.5163384415578 39.17018613670094, -86.51585929948214 39.168847024308036, -86.51551372057388 39.167467395971244, -86.51530503294678 39.16606053826565, -86.51523524637682 39.16464))",17,6
902579173,2015-12-02,Weekday,14:00:00,2-Car,No injury/unknown,FAILURE TO YIELD RIGHT OF WAY,S ACADIA,39.13459495,-86.51912704,"39.13459495,-86.51912704",1,Clear,1,POINT (-86.51912704 39.13459495),0.0,"POLYGON ((-86.50463428637681 39.13459495, -86.50470407294678 39.13317441173435, -86.50491276057387 39.131767554028755, -86.50525833948214 39.13038792569196, -86.5057374815578 39.12904881329906, -86.50634557240075 39.12776311323441, -86.50707675576373 39.12654320749247, -86.50792398995127 39.12540084443241, -86.50887911563498 39.124347025634975, -86.50993293443241 39.123391899951265, -86.51107529749247 39.12254466576373, -86.5122952032344 39.121813482400746, -86.51358090329906 39.12120539155781, -86.51492001569197 39.12072624948214, -86.51629964402875 39.120380670573866, -86.51770650173435 39.12017198294678, -86.51912704 39.12010219637681, -86.52054757826565 39.12017198294678, -86.52195443597125 39.120380670573866, -86.52333406430803 39.12072624948214, -86.52467317670094 39.12120539155781, -86.5259588767656 39.121813482400746, -86.52717878250753 39.12254466576373, -86.52832114556759 39.123391899951265, -86.52937496436502 39.124347025634975, -86.53033009004874 39.12540084443241, -86.53117732423627 39.12654320749247, -86.53190850759925 39.12776311323441, -86.5325165984422 39.12904881329906, -86.53299574051786 39.13038792569196, -86.53334131942613 39.131767554028755, -86.53355000705322 39.13317441173435, -86.53361979362319 39.13459495, -86.53355000705322 39.13601548826565, -86.53334131942613 39.137422345971245, -86.53299574051786 39.13880197430804, -86.5325165984422 39.14014108670094, -86.53190850759925 39.14142678676559, -86.53117732423627 39.14264669250753, -86.53033009004874 39.14378905556759, -86.52937496436502 39.144842874365025, -86.52832114556759 39.145798000048735, -86.52717878250753 39.14664523423627, -86.5259588767656 39.147376417599254, -86.52467317670094 39.14798450844219, -86.52333406430803 39.14846365051786, -86.52195443597125 39.148809229426135, -86.52054757826565 39.14901791705322, -86.51912704 39.14908770362319, -86.51770650173435 39.14901791705322, -86.51629964402875 39.148809229426135, -86.51492001569197 39.14846365051786, -86.51358090329906 39.14798450844219, -86.5122952032344 39.147376417599254, -86.51107529749247 39.14664523423627, -86.50993293443241 39.145798000048735, -86.50887911563498 39.144842874365025, -86.50792398995127 39.14378905556759, -86.50707675576373 39.14264669250753, -86.50634557240075 39.14142678676559, -86.5057374815578 39.14014108670094, -86.50525833948214 39.13880197430804, -86.50491276057387 39.137422345971245, -86.50470407294678 39.13601548826565, -86.50463428637681 39.13459495))",14,6
902418409,2015-03-03,Weekday,11:00:00,2-Car,No injury/unknown,FOLLOWING TOO CLOSELY,W 3RD & WESTPLEX,39.16440971,-86.55389986,"39.16440971,-86.55389986",10,Cloudy,1,POINT (-86.55389986 39.16440971),0.0,"POLYGON ((-86.53940710637681 39.16440971, -86.53947689294678 39.16298917173435, -86.53968558057387 39.161582314028756, -86.54003115948214 39.160202685691964, -86.5405103015578 39.15886357329906, -86.54111839240075 39.15757787323441, -86.54184957576373 39.15635796749247, -86.54269680995127 39.155215604432414, -86.54365193563498 39.154161785634976, -86.54470575443241 39.153206659951266, -86.54584811749247 39.152359425763734, -86.5470680232344 39.15162824240075, -86.54835372329906 39.15102015155781, -86.54969283569197 39.15054100948214, -86.55107246402875 39.150195430573866, -86.55247932173435 39.14998674294678, -86.55389986 39.14991695637681, -86.55532039826565 39.14998674294678, -86.55672725597125 39.150195430573866, -86.55810688430803 39.15054100948214, -86.55944599670094 39.15102015155781, -86.5607316967656 39.15162824240075, -86.56195160250753 39.152359425763734, -86.56309396556759 39.153206659951266, -86.56414778436502 39.154161785634976, -86.56510291004874 39.155215604432414, -86.56595014423627 39.15635796749247, -86.56668132759926 39.15757787323441, -86.5672894184422 39.15886357329906, -86.56776856051786 39.160202685691964, -86.56811413942613 39.161582314028756, -86.56832282705322 39.16298917173435, -86.56839261362319 39.16440971, -86.56832282705322 39.16583024826565, -86.56811413942613 39.167237105971246, -86.56776856051786 39.16861673430804, -86.5672894184422 39.169955846700944, -86.56668132759926 39.17124154676559, -86.56595014423627 39.172461452507534, -86.56510291004874 39.17360381556759, -86.56414778436502 39.174657634365026, -86.56309396556759 39.175612760048736, -86.56195160250753 39.17645999423627, -86.5607316967656 39.177191177599255, -86.55944599670094 39.17779926844219, -86.55810688430803 39.17827841051786, -86.55672725597125 39.178623989426136, -86.55532039826565 39.17883267705322, -86.55389986 39.17890246362319, -86.55247932173435 39.17883267705322, -86.55107246402875 39.178623989426136, -86.54969283569197 39.17827841051786, -86.54835372329906 39.17779926844219, -86.5470680232344 39.177191177599255, -86.54584811749247 39.17645999423627, -86.54470575443241 39.175612760048736, -86.54365193563498 39.174657634365026, -86.54269680995127 39.17360381556759, -86.54184957576373 39.172461452507534, -86.54111839240075 39.17124154676559, -86.5405103015578 39.169955846700944, -86.54003115948214 39.16861673430804, -86.53968558057387 39.167237105971246, -86.53947689294678 39.16583024826565, -86.53940710637681 39.16440971))",11,6
902542274,2015-10-02,Weekday,19:00:00,2-Car,No injury/unknown,FAILURE TO YIELD RIGHT OF WAY,EAST 5TH & NORTH CLARK,39.16681029,-86.50497972,"39.16681029,-86.50497972",6,Clear,1,POINT (-86.50497972 39.16681029),0.0,"POLYGON ((-86.4904869663768 39.16681029, -86.49055675294677 39.16538975173435, -86.49076544057387 39.163982894028756, -86.49111101948213 39.16260326569196, -86.4915901615578 39.16126415329906, -86.49219825240074 39.15997845323441, -86.49292943576373 39.15875854749247, -86.49377666995126 39.15761618443241, -86.49473179563498 39.156562365634976, -86.4957856144324 39.155607239951266, -86.49692797749246 39.154760005763734, -86.4981478832344 39.15402882240075, -86.49943358329905 39.15342073155781, -86.50077269569196 39.15294158948214, -86.50215232402874 39.152596010573866, -86.50355918173435 39.15238732294678, -86.50497972 39.15231753637681, -86.50640025826564 39.15238732294678, -86.50780711597125 39.152596010573866, -86.50918674430802 39.15294158948214, -86.51052585670094 39.15342073155781, -86.5118115567656 39.15402882240075, -86.51303146250753 39.154760005763734, -86.51417382556758 39.155607239951266, -86.51522764436501 39.156562365634976, -86.51618277004873 39.15761618443241, -86.51703000423626 39.15875854749247, -86.51776118759925 39.15997845323441, -86.5183692784422 39.16126415329906, -86.51884842051786 39.16260326569196, -86.51919399942612 39.163982894028756, -86.51940268705322 39.16538975173435, -86.51947247362318 39.16681029, -86.51940268705322 39.16823082826565, -86.51919399942612 39.169637685971246, -86.51884842051786 39.17101731430804, -86.5183692784422 39.172356426700944, -86.51776118759925 39.17364212676559, -86.51703000423626 39.174862032507534, -86.51618277004873 39.17600439556759, -86.51522764436501 39.177058214365026, -86.51417382556758 39.178013340048736, -86.51303146250753 39.17886057423627, -86.5118115567656 39.179591757599255, -86.51052585670094 39.18019984844219, -86.50918674430802 39.18067899051786, -86.50780711597125 39.181024569426135, -86.50640025826564 39.18123325705322, -86.50497972 39.18130304362319, -86.50355918173435 39.18123325705322, -86.50215232402874 39.181024569426135, -86.50077269569196 39.18067899051786, -86.49943358329905 39.18019984844219, -86.4981478832344 39.179591757599255, -86.49692797749246 39.17886057423627, -86.4957856144324 39.178013340048736, -86.49473179563498 39.177058214365026, -86.49377666995126 39.17600439556759, -86.49292943576373 39.174862032507534, -86.49219825240074 39.17364212676559, -86.4915901615578 39.172356426700944, -86.49111101948213 39.17101731430804, -86.49076544057387 39.169637685971246, -86.49055675294677 39.16823082826565, -86.4904869663768 39.16681029))",19,6
902462253,2015-06-04,Weekday,11:00:00,2-Car,No injury/unknown,FOLLOWING TOO CLOSELY,GORDON & OLD STATE ROAD 37,39.121552,-86.531296,"39.121552,-86.531296",0,Clear,1,POINT (-86.531296 39.121552),0.0,,11,6
902412595,2015-03-05,Weekday,19:00:00,3+ Cars,No injury/unknown,RAN OFF ROAD RIGHT,BURMA,39.141616,-86.542032,"39.141616,-86.542032",2,Overcast,1,POINT (-86.542032 39.141616),0.0,"POLYGON ((-86.52753924637682 39.141616, -86.52760903294678 39.14019546173435, -86.52781772057388 39.138788604028754, -86.52816329948215 39.13740897569196, -86.5286424415578 39.136069863299056, -86.52925053240075 39.13478416323441, -86.52998171576374 39.133564257492466, -86.53082894995127 39.13242189443241, -86.53178407563499 39.131368075634974, -86.53283789443242 39.130412949951264, -86.53398025749247 39.12956571576373, -86.5352001632344 39.128834532400745, -86.53648586329906 39.12822644155781, -86.53782497569198 39.12774729948214, -86.53920460402875 39.127401720573864, -86.54061146173436 39.12719303294678, -86.542032 39.12712324637681, -86.54345253826565 39.12719303294678, -86.54485939597126 39.127401720573864, -86.54623902430804 39.12774729948214, -86.54757813670095 39.12822644155781, -86.5488638367656 39.128834532400745, -86.55008374250754 39.12956571576373, -86.5512261055676 39.130412949951264, -86.55227992436502 39.131368075634974, -86.55323505004874 39.13242189443241, -86.55408228423627 39.133564257492466, -86.55481346759926 39.13478416323441, -86.5554215584422 39.136069863299056, -86.55590070051787 39.13740897569196, -86.55624627942613 39.138788604028754, -86.55645496705323 39.14019546173435, -86.5565247536232 39.141616, -86.55645496705323 39.14303653826565, -86.55624627942613 39.144443395971244, -86.55590070051787 39.14582302430804, -86.5554215584422 39.14716213670094, -86.55481346759926 39.14844783676559, -86.55408228423627 39.14966774250753, -86.55323505004874 39.15081010556759, -86.55227992436502 39.151863924365024, -86.5512261055676 39.152819050048734, -86.55008374250754 39.153666284236266, -86.5488638367656 39.15439746759925, -86.54757813670095 39.15500555844219, -86.54623902430804 39.15548470051786, -86.54485939597126 39.155830279426134, -86.54345253826565 39.15603896705322, -86.542032 39.15610875362319, -86.54061146173436 39.15603896705322, -86.53920460402875 39.155830279426134, -86.53782497569198 39.15548470051786, -86.53648586329906 39.15500555844219, -86.5352001632344 39.15439746759925, -86.53398025749247 39.153666284236266, -86.53283789443242 39.152819050048734, -86.53178407563499 39.151863924365024, -86.53082894995127 39.15081010556759, -86.52998171576374 39.14966774250753, -86.52925053240075 39.14844783676559, -86.5286424415578 39.14716213670094, -86.52816329948215 39.14582302430804, -86.52781772057388 39.144443395971244, -86.52760903294678 39.14303653826565, -86.52753924637682 39.141616))",19,1
902486880,2015-07-04,Weekday,11:00:00,2-Car,No injury/unknown,FOLLOWING TOO CLOSELY,DUNCAN & SR45W,39.13467187,-86.59671551,"39.13467187,-86.59671551",0,Cloudy,1,POINT (-86.59671551 39.13467187),0.0,,11,6
902367995,2015-01-03,Weekday,10:00:00,2-Car,No injury/unknown,UNSAFE BACKING,RAPPEL,39.18768311,-86.54618835,"39.18768311,-86.54618835",0,Patchy moderate snow,1,POINT (-86.54618835 39.18768311),0.0,,10,5
902397489,2015-02-04,Weekday,20:00:00,3+ Cars,No injury/unknown,FOLLOWING TOO CLOSELY,BUICK CADILLAC & COLLEGE MALL,39.15816,-86.497792,"39.15816,-86.497792",6,Clear,1,POINT (-86.497792 39.15816),0.0,"POLYGON ((-86.48329924637682 39.15816, -86.48336903294678 39.156739461734354, -86.48357772057388 39.15533260402876, -86.48392329948214 39.153952975691965, -86.4844024415578 39.15261386329906, -86.48501053240075 39.15132816323441, -86.48574171576374 39.15010825749247, -86.48658894995127 39.148965894432415, -86.48754407563499 39.14791207563498, -86.48859789443242 39.14695694995127, -86.48974025749247 39.146109715763735, -86.4909601632344 39.14537853240075, -86.49224586329906 39.14477044155781, -86.49358497569197 39.14429129948214, -86.49496460402875 39.14394572057387, -86.49637146173436 39.14373703294678, -86.497792 39.143667246376815, -86.49921253826565 39.14373703294678, -86.50061939597126 39.14394572057387, -86.50199902430803 39.14429129948214, -86.50333813670095 39.14477044155781, -86.5046238367656 39.14537853240075, -86.50584374250754 39.146109715763735, -86.50698610556759 39.14695694995127, -86.50803992436502 39.14791207563498, -86.50899505004874 39.148965894432415, -86.50984228423627 39.15010825749247, -86.51057346759926 39.15132816323441, -86.5111815584422 39.15261386329906, -86.51166070051787 39.153952975691965, -86.51200627942613 39.15533260402876, -86.51221496705323 39.156739461734354, -86.51228475362319 39.15816, -86.51221496705323 39.15958053826565, -86.51200627942613 39.16098739597125, -86.51166070051787 39.16236702430804, -86.5111815584422 39.163706136700945, -86.51057346759926 39.164991836765594, -86.50984228423627 39.166211742507535, -86.50899505004874 39.16735410556759, -86.50803992436502 39.16840792436503, -86.50698610556759 39.16936305004874, -86.50584374250754 39.17021028423627, -86.5046238367656 39.170941467599256, -86.50333813670095 39.171549558442194, -86.50199902430803 39.17202870051786, -86.50061939597126 39.17237427942614, -86.49921253826565 39.17258296705322, -86.497792 39.17265275362319, -86.49637146173436 39.17258296705322, -86.49496460402875 39.17237427942614, -86.49358497569197 39.17202870051786, -86.49224586329906 39.171549558442194, -86.4909601632344 39.170941467599256, -86.48974025749247 39.17021028423627, -86.48859789443242 39.16936305004874, -86.48754407563499 39.16840792436503, -86.48658894995127 39.16735410556759, -86.48574171576374 39.166211742507535, -86.48501053240075 39.164991836765594, -86.4844024415578 39.163706136700945, -86.48392329948214 39.16236702430804, -86.48357772057388 39.16098739597125, -86.48336903294678 39.15958053826565, -86.48329924637682 39.15816))",20,6
902364412,2015-01-06,Weekend,23:00:00,2-Car,Non-incapacitating,DISREGARD SIGNAL/REG SIGN,BASSWOOD & BLOOMFIELD,39.14978027,-86.56889006,"39.14978027,-86.56889006",2,Light freezing rain,2,POINT (-86.56889006 39.14978027),0.0,"POLYGON ((-86.55439730637681 39.14978027, -86.55446709294678 39.14835973173435, -86.55467578057387 39.146952874028756, -86.55502135948214 39.14557324569196, -86.5555005015578 39.14423413329906, -86.55610859240075 39.14294843323441, -86.55683977576373 39.14172852749247, -86.55768700995127 39.14058616443241, -86.55864213563498 39.139532345634976, -86.55969595443241 39.138577219951266, -86.56083831749247 39.137729985763734, -86.5620582232344 39.13699880240075, -86.56334392329906 39.13639071155781, -86.56468303569197 39.13591156948214, -86.56606266402875 39.135565990573866, -86.56746952173435 39.13535730294678, -86.56889006 39.13528751637681, -86.57031059826565 39.13535730294678, -86.57171745597125 39.135565990573866, -86.57309708430803 39.13591156948214, -86.57443619670094 39.13639071155781, -86.5757218967656 39.13699880240075, -86.57694180250753 39.137729985763734, -86.57808416556759 39.138577219951266, -86.57913798436502 39.139532345634976, -86.58009311004874 39.14058616443241, -86.58094034423627 39.14172852749247, -86.58167152759926 39.14294843323441, -86.5822796184422 39.14423413329906, -86.58275876051786 39.14557324569196, -86.58310433942613 39.146952874028756, -86.58331302705322 39.14835973173435, -86.58338281362319 39.14978027, -86.58331302705322 39.15120080826565, -86.58310433942613 39.152607665971246, -86.58275876051786 39.15398729430804, -86.5822796184422 39.155326406700944, -86.58167152759926 39.15661210676559, -86.58094034423627 39.157832012507534, -86.58009311004874 39.15897437556759, -86.57913798436502 39.160028194365026, -86.57808416556759 39.160983320048736, -86.57694180250753 39.16183055423627, -86.5757218967656 39.162561737599255, -86.57443619670094 39.16316982844219, -86.57309708430803 39.16364897051786, -86.57171745597125 39.163994549426135, -86.57031059826565 39.16420323705322, -86.56889006 39.16427302362319, -86.56746952173435 39.16420323705322, -86.56606266402875 39.163994549426135, -86.56468303569197 39.16364897051786, -86.56334392329906 39.16316982844219, -86.5620582232344 39.162561737599255, -86.56083831749247 39.16183055423627, -86.55969595443241 39.160983320048736, -86.55864213563498 39.160028194365026, -86.55768700995127 39.15897437556759, -86.55683977576373 39.157832012507534, -86.55610859240075 39.15661210676559, -86.5555005015578 39.155326406700944, -86.55502135948214 39.15398729430804, -86.55467578057387 39.152607665971246, -86.55446709294678 39.15120080826565, -86.55439730637681 39.14978027))",23,6
902411471,2015-03-03,Weekday,12:00:00,1-Car,No injury/unknown,OTHER (ENVIRONMENTAL) - EXPLAIN IN NARR,DANIELS,39.16671172,-86.59908838,"39.16671172,-86.59908838",2,Cloudy,1,POINT (-86.59908838 39.16671172),0.0,"POLYGON ((-86.58459562637681 39.16671172, -86.58466541294678 39.165291181734354, -86.58487410057387 39.16388432402876, -86.58521967948214 39.162504695691965, -86.5856988215578 39.16116558329906, -86.58630691240074 39.15987988323441, -86.58703809576373 39.15865997749247, -86.58788532995126 39.157517614432415, -86.58884045563498 39.15646379563498, -86.58989427443241 39.15550866995127, -86.59103663749246 39.154661435763735, -86.5922565432344 39.15393025240075, -86.59354224329905 39.15332216155781, -86.59488135569197 39.15284301948214, -86.59626098402875 39.15249744057387, -86.59766784173435 39.15228875294678, -86.59908838 39.152218966376815, -86.60050891826565 39.15228875294678, -86.60191577597125 39.15249744057387, -86.60329540430803 39.15284301948214, -86.60463451670094 39.15332216155781, -86.6059202167656 39.15393025240075, -86.60714012250753 39.154661435763735, -86.60828248556759 39.15550866995127, -86.60933630436502 39.15646379563498, -86.61029143004873 39.157517614432415, -86.61113866423626 39.15865997749247, -86.61186984759925 39.15987988323441, -86.6124779384422 39.16116558329906, -86.61295708051786 39.162504695691965, -86.61330265942613 39.16388432402876, -86.61351134705322 39.165291181734354, -86.61358113362319 39.16671172, -86.61351134705322 39.16813225826565, -86.61330265942613 39.16953911597125, -86.61295708051786 39.17091874430804, -86.6124779384422 39.172257856700945, -86.61186984759925 39.173543556765594, -86.61113866423626 39.174763462507535, -86.61029143004873 39.17590582556759, -86.60933630436502 39.17695964436503, -86.60828248556759 39.17791477004874, -86.60714012250753 39.17876200423627, -86.6059202167656 39.179493187599256, -86.60463451670094 39.180101278442194, -86.60329540430803 39.18058042051786, -86.60191577597125 39.18092599942614, -86.60050891826565 39.18113468705322, -86.59908838 39.18120447362319, -86.59766784173435 39.18113468705322, -86.59626098402875 39.18092599942614, -86.59488135569197 39.18058042051786, -86.59354224329905 39.180101278442194, -86.5922565432344 39.179493187599256, -86.59103663749246 39.17876200423627, -86.58989427443241 39.17791477004874, -86.58884045563498 39.17695964436503, -86.58788532995126 39.17590582556759, -86.58703809576373 39.174763462507535, -86.58630691240074 39.173543556765594, -86.5856988215578 39.172257856700945, -86.58521967948214 39.17091874430804, -86.58487410057387 39.16953911597125, -86.58466541294678 39.16813225826565, -86.58459562637681 39.16671172))",12,6
902423301,2015-04-05,Weekday,09:00:00,Bus,No injury/unknown,FAILURE TO YIELD RIGHT OF WAY,3RD & COLLEGE,39.16464,-86.534816,"39.16464,-86.534816",42,Clear,1,POINT (-86.534816 39.16464),0.0,"POLYGON ((-86.52032324637682 39.16464, -86.52039303294679 39.16321946173435, -86.52060172057388 39.16181260402875, -86.52094729948215 39.16043297569196, -86.52142644155781 39.159093863299056, -86.52203453240075 39.15780816323441, -86.52276571576374 39.156588257492466, -86.52361294995127 39.15544589443241, -86.52456807563499 39.15439207563497, -86.52562189443242 39.153436949951264, -86.52676425749247 39.15258971576373, -86.52798416323441 39.151858532400745, -86.52926986329906 39.151250441557806, -86.53060897569198 39.15077129948214, -86.53198860402875 39.150425720573864, -86.53339546173436 39.15021703294678, -86.534816 39.15014724637681, -86.53623653826565 39.15021703294678, -86.53764339597126 39.150425720573864, -86.53902302430804 39.15077129948214, -86.54036213670095 39.151250441557806, -86.5416478367656 39.151858532400745, -86.54286774250754 39.15258971576373, -86.5440101055676 39.153436949951264, -86.54506392436502 39.15439207563497, -86.54601905004874 39.15544589443241, -86.54686628423627 39.156588257492466, -86.54759746759926 39.15780816323441, -86.5482055584422 39.159093863299056, -86.54868470051787 39.16043297569196, -86.54903027942613 39.16181260402875, -86.54923896705323 39.16321946173435, -86.5493087536232 39.16464, -86.54923896705323 39.16606053826565, -86.54903027942613 39.167467395971244, -86.54868470051787 39.168847024308036, -86.5482055584422 39.17018613670094, -86.54759746759926 39.17147183676559, -86.54686628423627 39.17269174250753, -86.54601905004874 39.173834105567586, -86.54506392436502 39.174887924365024, -86.5440101055676 39.175843050048734, -86.54286774250754 39.176690284236265, -86.5416478367656 39.17742146759925, -86.54036213670095 39.17802955844219, -86.53902302430804 39.17850870051786, -86.53764339597126 39.17885427942613, -86.53623653826565 39.17906296705322, -86.534816 39.179132753623186, -86.53339546173436 39.17906296705322, -86.53198860402875 39.17885427942613, -86.53060897569198 39.17850870051786, -86.52926986329906 39.17802955844219, -86.52798416323441 39.17742146759925, -86.52676425749247 39.176690284236265, -86.52562189443242 39.175843050048734, -86.52456807563499 39.174887924365024, -86.52361294995127 39.173834105567586, -86.52276571576374 39.17269174250753, -86.52203453240075 39.17147183676559, -86.52142644155781 39.17018613670094, -86.52094729948215 39.168847024308036, -86.52060172057388 39.167467395971244, -86.52039303294679 39.16606053826565, -86.52032324637682 39.16464))",9,6
902389546,2015-02-05,Weekday,08:00:00,2-Car,No injury/unknown,FAILURE TO YIELD RIGHT OF WAY,N CURRY & W VERNAL,39.179248,-86.5832,"39.179248,-86.5832",4,Clear,1,POINT (-86.5832 39.179248),0.0,"POLYGON ((-86.56870724637682 39.179248, -86.56877703294678 39.17782746173435, -86.56898572057388 39.176420604028756, -86.56933129948214 39.175040975691964, -86.5698104415578 39.17370186329906, -86.57041853240075 39.17241616323441, -86.57114971576374 39.17119625749247, -86.57199694995127 39.170053894432414, -86.57295207563499 39.169000075634976, -86.57400589443242 39.168044949951266, -86.57514825749247 39.167197715763734, -86.5763681632344 39.16646653240075, -86.57765386329906 39.16585844155781, -86.57899297569197 39.16537929948214, -86.58037260402875 39.16503372057387, -86.58177946173436 39.16482503294678, -86.5832 39.164755246376814, -86.58462053826565 39.16482503294678, -86.58602739597126 39.16503372057387, -86.58740702430804 39.16537929948214, -86.58874613670095 39.16585844155781, -86.5900318367656 39.16646653240075, -86.59125174250754 39.167197715763734, -86.59239410556759 39.168044949951266, -86.59344792436502 39.169000075634976, -86.59440305004874 39.170053894432414, -86.59525028423627 39.17119625749247, -86.59598146759926 39.17241616323441, -86.5965895584422 39.17370186329906, -86.59706870051787 39.175040975691964, -86.59741427942613 39.176420604028756, -86.59762296705323 39.17782746173435, -86.59769275362319 39.179248, -86.59762296705323 39.18066853826565, -86.59741427942613 39.182075395971246, -86.59706870051787 39.18345502430804, -86.5965895584422 39.184794136700944, -86.59598146759926 39.18607983676559, -86.59525028423627 39.187299742507534, -86.59440305004874 39.18844210556759, -86.59344792436502 39.189495924365026, -86.59239410556759 39.190451050048736, -86.59125174250754 39.19129828423627, -86.5900318367656 39.192029467599255, -86.58874613670095 39.19263755844219, -86.58740702430804 39.19311670051786, -86.58602739597126 39.193462279426136, -86.58462053826565 39.19367096705322, -86.5832 39.19374075362319, -86.58177946173436 39.19367096705322, -86.58037260402875 39.193462279426136, -86.57899297569197 39.19311670051786, -86.57765386329906 39.19263755844219, -86.5763681632344 39.192029467599255, -86.57514825749247 39.19129828423627, -86.57400589443242 39.190451050048736, -86.57295207563499 39.189495924365026, -86.57199694995127 39.18844210556759, -86.57114971576374 39.187299742507534, -86.57041853240075 39.18607983676559, -86.5698104415578 39.184794136700944, -86.56933129948214 39.18345502430804, -86.56898572057388 39.182075395971246, -86.56877703294678 39.18066853826565, -86.56870724637682 39.179248))",8,3