Master Record Number,Date,Weekend?,Hour,Collision Type,Injury Type,Primary Factor,Reported_Location,Latitude,Longitude,Location,Number of Bars,Weather Condition,Severity,geometry,area_number,bar_location,Hour of Day,Visibility (mi)
902503413,2015-08-04,Weekday,14:00:00,2-Car,Non-incapacitating,FOLLOWING TOO CLOSELY,SR37 & WEST 3RD,39.164752,-86.573104,"39.164752,-86.573104",5,Clear,2,POINT (-86.573104 39.164752),0.0,"POLYGON ((-86.55861124637681 39.164752, -86.55868103294678 39.16333146173435, -86.55888972057387 39.161924604028755, -86.55923529948214 39.16054497569196, -86.5597144415578 39.15920586329906, -86.56032253240075 39.15792016323441, -86.56105371576373 39.15670025749247, -86.56190094995127 39.15555789443241, -86.56285607563498 39.154504075634975, -86.56390989443241 39.153548949951265, -86.56505225749247 39.15270171576373, -86.5662721632344 39.151970532400746, -86.56755786329906 39.15136244155781, -86.56889697569197 39.15088329948214, -86.57027660402875 39.150537720573865, -86.57168346173435 39.15032903294678, -86.573104 39.15025924637681, -86.57452453826565 39.15032903294678, -86.57593139597125 39.150537720573865, -86.57731102430803 39.15088329948214, -86.57865013670094 39.15136244155781, -86.5799358367656 39.151970532400746, -86.58115574250753 39.15270171576373, -86.58229810556759 39.153548949951265, -86.58335192436502 39.154504075634975, -86.58430705004874 39.15555789443241, -86.58515428423627 39.15670025749247, -86.58588546759925 39.15792016323441, -86.5864935584422 39.15920586329906, -86.58697270051786 39.16054497569196, -86.58731827942613 39.161924604028755, -86.58752696705322 39.16333146173435, -86.58759675362319 39.164752, -86.58752696705322 39.16617253826565, -86.58731827942613 39.167579395971245, -86.58697270051786 39.16895902430804, -86.5864935584422 39.17029813670094, -86.58588546759925 39.17158383676559, -86.58515428423627 39.17280374250753, -86.58430705004874 39.17394610556759, -86.58335192436502 39.174999924365025, -86.58229810556759 39.175955050048735, -86.58115574250753 39.17680228423627, -86.5799358367656 39.177533467599254, -86.57865013670094 39.17814155844219, -86.57731102430803 39.17862070051786, -86.57593139597125 39.178966279426135, -86.57452453826565 39.17917496705322, -86.573104 39.17924475362319, -86.57168346173435 39.17917496705322, -86.57027660402875 39.178966279426135, -86.56889697569197 39.17862070051786, -86.56755786329906 39.17814155844219, -86.5662721632344 39.177533467599254, -86.56505225749247 39.17680228423627, -86.56390989443241 39.175955050048735, -86.56285607563498 39.174999924365025, -86.56190094995127 39.17394610556759, -86.56105371576373 39.17280374250753, -86.56032253240075 39.17158383676559, -86.5597144415578 39.17029813670094, -86.55923529948214 39.16895902430804, -86.55888972057387 39.167579395971245, -86.55868103294678 39.16617253826565, -86.55861124637681 39.164752))",14,6
902502080,2015-08-02,Weekday,03:00:00,1-Car,No injury/unknown,RAN OFF ROAD RIGHT,JOHN YOUNG & SHILO,39.26518382,-86.43351561,"39.26518382,-86.43351561",0,Clear,1,POINT (-86.43351561 39.26518382),0.0,,3,6
902604954,2015-10-01,Weekend,12:00:00,2-Car,No injury/unknown,UNSAFE LANE MOVEMENT,ATWATER & MITCHELL,39.16308001,-86.5141797,"39.16308001,-86.5141797",14,Clear,1,POINT (-86.5141797 39.16308001),0.0,"POLYGON ((-86.49968694637681 39.16308001, -86.49975673294678 39.16165947173435, -86.49996542057387 39.16025261402876, -86.50031099948214 39.158872985691964, -86.5007901415578 39.15753387329906, -86.50139823240075 39.15624817323441, -86.50212941576373 39.15502826749247, -86.50297664995126 39.153885904432414, -86.50393177563498 39.15283208563498, -86.50498559443241 39.15187695995127, -86.50612795749247 39.151029725763735, -86.5073478632344 39.15029854240075, -86.50863356329906 39.14969045155781, -86.50997267569197 39.14921130948214, -86.51135230402875 39.14886573057387, -86.51275916173435 39.14865704294678, -86.5141797 39.148587256376814, -86.51560023826565 39.14865704294678, -86.51700709597125 39.14886573057387, -86.51838672430803 39.14921130948214, -86.51972583670094 39.14969045155781, -86.5210115367656 39.15029854240075, -86.52223144250753 39.151029725763735, -86.52337380556759 39.15187695995127, -86.52442762436502 39.15283208563498, -86.52538275004873 39.153885904432414, -86.52622998423627 39.15502826749247, -86.52696116759925 39.15624817323441, -86.5275692584422 39.15753387329906, -86.52804840051786 39.158872985691964, -86.52839397942613 39.16025261402876, -86.52860266705322 39.16165947173435, -86.52867245362319 39.16308001, -86.52860266705322 39.16450054826565, -86.52839397942613 39.16590740597125, -86.52804840051786 39.16728703430804, -86.5275692584422 39.168626146700944, -86.52696116759925 39.169911846765594, -86.52622998423627 39.171131752507534, -86.52538275004873 39.17227411556759, -86.52442762436502 39.17332793436503, -86.52337380556759 39.17428306004874, -86.52223144250753 39.17513029423627, -86.5210115367656 39.175861477599256, -86.51972583670094 39.176469568442194, -86.51838672430803 39.17694871051786, -86.51700709597125 39.177294289426136, -86.51560023826565 39.17750297705322, -86.5141797 39.17757276362319, -86.51275916173435 39.17750297705322, -86.51135230402875 39.177294289426136, -86.50997267569197 39.17694871051786, -86.50863356329906 39.176469568442194, -86.5073478632344 39.175861477599256, -86.50612795749247 39.17513029423627, -86.50498559443241 39.17428306004874, -86.50393177563498 39.17332793436503, -86.50297664995126 39.17227411556759, -86.50212941576373 39.171131752507534, -86.50139823240075 39.169911846765594, -86.5007901415578 39.168626146700944, -86.50031099948214 39.16728703430804, -86.49996542057387 39.16590740597125, -86.49975673294678 39.16450054826565, -86.49968694637681 39.16308001))",12,6
902545685,2015-10-01,Weekday,20:00:00,2-Car,Incapacitating,,E MORNINGSIDE & N SMITH,39.166432,-86.4812,"39.166432,-86.4812",5,Clear,2,POINT (-86.4812 39.166432),0.0,"POLYGON ((-86.46670724637681 39.166432, -86.46677703294678 39.16501146173435, -86.46698572057387 39.163604604028755, -86.46733129948214 39.16222497569196, -86.4678104415578 39.16088586329906, -86.46841853240075 39.15960016323441, -86.46914971576373 39.15838025749247, -86.46999694995127 39.15723789443241, -86.47095207563498 39.156184075634975, -86.47200589443241 39.155228949951265, -86.47314825749247 39.15438171576373, -86.4743681632344 39.153650532400746, -86.47565386329906 39.15304244155781, -86.47699297569197 39.15256329948214, -86.47837260402875 39.152217720573866, -86.47977946173435 39.15200903294678, -86.4812 39.15193924637681, -86.48262053826565 39.15200903294678, -86.48402739597125 39.152217720573866, -86.48540702430803 39.15256329948214, -86.48674613670094 39.15304244155781, -86.4880318367656 39.153650532400746, -86.48925174250753 39.15438171576373, -86.49039410556759 39.155228949951265, -86.49144792436502 39.156184075634975, -86.49240305004874 39.15723789443241, -86.49325028423627 39.15838025749247, -86.49398146759926 39.15960016323441, -86.4945895584422 39.16088586329906, -86.49506870051786 39.16222497569196, -86.49541427942613 39.163604604028755, -86.49562296705322 39.16501146173435, -86.49569275362319 39.166432, -86.49562296705322 39.16785253826565, -86.49541427942613 39.169259395971245, -86.49506870051786 39.17063902430804, -86.4945895584422 39.17197813670094, -86.49398146759926 39.17326383676559, -86.49325028423627 39.17448374250753, -86.49240305004874 39.17562610556759, -86.49144792436502 39.176679924365025, -86.49039410556759 39.177635050048735, -86.48925174250753 39.17848228423627, -86.4880318367656 39.179213467599254, -86.48674613670094 39.17982155844219, -86.48540702430803 39.18030070051786, -86.48402739597125 39.180646279426135, -86.48262053826565 39.18085496705322, -86.4812 39.18092475362319, -86.47977946173435 39.18085496705322, -86.47837260402875 39.180646279426135, -86.47699297569197 39.18030070051786, -86.47565386329906 39.17982155844219, -86.4743681632344 39.179213467599254, -86.47314825749247 39.17848228423627, -86.47200589443241 39.177635050048735, -86.47095207563498 39.176679924365025, -86.46999694995127 39.17562610556759, -86.46914971576373 39.17448374250753, -86.46841853240075 39.17326383676559, -86.4678104415578 39.17197813670094, -86.46733129948214 39.17063902430804, -86.46698572057387 39.169259395971245, -86.46677703294678 39.16785253826565, -86.46670724637681 39.166432))",20,6
902606125,2015-12-05,Weekday,14:00:00,2-Car,No injury/unknown,FOLLOWING TOO CLOSELY,E 4TH & WALNUT,39.165648,-86.5336,"39.165648,-86.5336",42,Clear,1,POINT (-86.5336 39.165648),0.0,"POLYGON ((-86.51910724637682 39.165648, -86.51917703294679 39.16422746173435, -86.51938572057388 39.16282060402875, -86.51973129948215 39.16144097569196, -86.52021044155781 39.160101863299055, -86.52081853240075 39.158816163234405, -86.52154971576374 39.157596257492465, -86.52239694995127 39.15645389443241, -86.52335207563499 39.15540007563497, -86.52440589443242 39.15444494995126, -86.52554825749247 39.15359771576373, -86.52676816323441 39.15286653240074, -86.52805386329906 39.152258441557805, -86.52939297569198 39.151779299482136, -86.53077260402875 39.15143372057386, -86.53217946173436 39.151225032946776, -86.5336 39.15115524637681, -86.53502053826566 39.151225032946776, -86.53642739597126 39.15143372057386, -86.53780702430804 39.151779299482136, -86.53914613670095 39.152258441557805, -86.5404318367656 39.15286653240074, -86.54165174250754 39.15359771576373, -86.5427941055676 39.15444494995126, -86.54384792436502 39.15540007563497, -86.54480305004874 39.15645389443241, -86.54565028423627 39.157596257492465, -86.54638146759926 39.158816163234405, -86.5469895584422 39.160101863299055, -86.54746870051787 39.16144097569196, -86.54781427942613 39.16282060402875, -86.54802296705323 39.16422746173435, -86.5480927536232 39.165648, -86.54802296705323 39.167068538265646, -86.54781427942613 39.16847539597124, -86.54746870051787 39.169855024308035, -86.5469895584422 39.17119413670094, -86.54638146759926 39.17247983676559, -86.54565028423627 39.17369974250753, -86.54480305004874 39.174842105567585, -86.54384792436502 39.17589592436502, -86.5427941055676 39.17685105004873, -86.54165174250754 39.177698284236264, -86.5404318367656 39.17842946759925, -86.53914613670095 39.17903755844219, -86.53780702430804 39.17951670051786, -86.53642739597126 39.17986227942613, -86.53502053826566 39.18007096705322, -86.5336 39.180140753623185, -86.53217946173436 39.18007096705322, -86.53077260402875 39.17986227942613, -86.52939297569198 39.17951670051786, -86.52805386329906 39.17903755844219, -86.52676816323441 39.17842946759925, -86.52554825749247 39.177698284236264, -86.52440589443242 39.17685105004873, -86.52335207563499 39.17589592436502, -86.52239694995127 39.174842105567585, -86.52154971576374 39.17369974250753, -86.52081853240075 39.17247983676559, -86.52021044155781 39.17119413670094, -86.51973129948215 39.169855024308035, -86.51938572057388 39.16847539597124, -86.51917703294679 39.167068538265646, -86.51910724637682 39.165648))",14,6
902397371,2015-02-04,Weekday,16:00:00,2-Car,No injury/unknown,UNSAFE LANE MOVEMENT,SR446S & SR46E,39.135648,-86.462,"39.135648,-86.462",0,Clear,1,POINT (-86.462 39.135648),0.0,,16,6
902595367,2015-12-01,Weekday,22:00:00,2-Car,No injury/unknown,IMPROPER TURNING,E 3RD,39.16423674,-86.49805388,"39.16423674,-86.49805388",5,Overcast,1,POINT (-86.49805388 39.16423674),0.0,"POLYGON ((-86.48356112637681 39.16423674, -86.48363091294678 39.16281620173435, -86.48383960057387 39.161409344028755, -86.48418517948214 39.16002971569196, -86.4846643215578 39.15869060329906, -86.48527241240075 39.15740490323441, -86.48600359576373 39.15618499749247, -86.48685082995127 39.15504263443241, -86.48780595563498 39.153988815634975, -86.48885977443241 39.153033689951265, -86.49000213749247 39.15218645576373, -86.4912220432344 39.151455272400746, -86.49250774329906 39.15084718155781, -86.49384685569197 39.15036803948214, -86.49522648402875 39.150022460573865, -86.49663334173435 39.14981377294678, -86.49805388 39.14974398637681, -86.49947441826565 39.14981377294678, -86.50088127597125 39.150022460573865, -86.50226090430803 39.15036803948214, -86.50360001670094 39.15084718155781, -86.5048857167656 39.151455272400746, -86.50610562250753 39.15218645576373, -86.50724798556759 39.153033689951265, -86.50830180436502 39.153988815634975, -86.50925693004874 39.15504263443241, -86.51010416423627 39.15618499749247, -86.51083534759925 39.15740490323441, -86.5114434384422 39.15869060329906, -86.51192258051786 39.16002971569196, -86.51226815942613 39.161409344028755, -86.51247684705322 39.16281620173435, -86.51254663362319 39.16423674, -86.51247684705322 39.16565727826565, -86.51226815942613 39.167064135971245, -86.51192258051786 39.16844376430804, -86.5114434384422 39.16978287670094, -86.51083534759925 39.17106857676559, -86.51010416423627 39.17228848250753, -86.50925693004874 39.17343084556759, -86.50830180436502 39.174484664365025, -86.50724798556759 39.175439790048735, -86.50610562250753 39.17628702423627, -86.5048857167656 39.177018207599254, -86.50360001670094 39.17762629844219, -86.50226090430803 39.17810544051786, -86.50088127597125 39.178451019426134, -86.49947441826565 39.17865970705322, -86.49805388 39.17872949362319, -86.49663334173435 39.17865970705322, -86.49522648402875 39.178451019426134, -86.49384685569197 39.17810544051786, -86.49250774329906 39.17762629844219, -86.4912220432344 39.177018207599254, -86.49000213749247 39.17628702423627, -86.48885977443241 39.175439790048735, -86.48780595563498 39.174484664365025, -86.48685082995127 39.17343084556759, -86.48600359576373 39.17228848250753, -86.48527241240075 39.17106857676559, -86.4846643215578 39.16978287670094, -86.48418517948214 39.16844376430804, -86.48383960057387 39.167064135971245, -86.48363091294678 39.16565727826565, -86.48356112637681 39.16423674))",22,6
902387451,2015-02-04,Weekday,14:00:00,2-Car,No injury/unknown,OTHER (DRIVER) - EXPLAIN IN NARRATIVE,EAST 7TH,39.168752,-86.5436,"39.168752,-86.5436",42,Clear,1,POINT (-86.5436 39.168752),0.0,"POLYGON ((-86.52910724637681 39.168752, -86.52917703294678 39.16733146173435, -86.52938572057387 39.16592460402875, -86.52973129948214 39.16454497569196, -86.5302104415578 39.163205863299055, -86.53081853240074 39.161920163234406, -86.53154971576373 39.160700257492465, -86.53239694995126 39.15955789443241, -86.53335207563498 39.15850407563497, -86.53440589443241 39.15754894995126, -86.53554825749247 39.15670171576373, -86.5367681632344 39.155970532400744, -86.53805386329906 39.155362441557806, -86.53939297569197 39.15488329948214, -86.54077260402875 39.15453772057386, -86.54217946173435 39.15432903294678, -86.5436 39.15425924637681, -86.54502053826565 39.15432903294678, -86.54642739597125 39.15453772057386, -86.54780702430803 39.15488329948214, -86.54914613670094 39.155362441557806, -86.5504318367656 39.155970532400744, -86.55165174250753 39.15670171576373, -86.55279410556759 39.15754894995126, -86.55384792436502 39.15850407563497, -86.55480305004873 39.15955789443241, -86.55565028423626 39.160700257492465, -86.55638146759925 39.161920163234406, -86.5569895584422 39.163205863299055, -86.55746870051786 39.16454497569196, -86.55781427942613 39.16592460402875, -86.55802296705322 39.16733146173435, -86.55809275362319 39.168752, -86.55802296705322 39.170172538265646, -86.55781427942613 39.17157939597124, -86.55746870051786 39.172959024308035, -86.5569895584422 39.17429813670094, -86.55638146759925 39.17558383676559, -86.55565028423626 39.17680374250753, -86.55480305004873 39.177946105567585, -86.55384792436502 39.17899992436502, -86.55279410556759 39.17995505004873, -86.55165174250753 39.180802284236265, -86.5504318367656 39.18153346759925, -86.54914613670094 39.18214155844219, -86.54780702430803 39.18262070051786, -86.54642739597125 39.18296627942613, -86.54502053826565 39.18317496705322, -86.5436 39.183244753623185, -86.54217946173435 39.18317496705322, -86.54077260402875 39.18296627942613, -86.53939297569197 39.18262070051786, -86.53805386329906 39.18214155844219, -86.5367681632344 39.18153346759925, -86.53554825749247 39.180802284236265, -86.53440589443241 39.17995505004873, -86.53335207563498 39.17899992436502, -86.53239694995126 39.177946105567585, -86.53154971576373 39.17680374250753, -86.53081853240074 39.17558383676559, -86.5302104415578 39.17429813670094, -86.52973129948214 39.172959024308035, -86.52938572057387 39.17157939597124, -86.52917703294678 39.170172538265646, -86.52910724637681 39.168752))",14,6
902432313,2015-04-03,Weekday,08:00:00,2-Car,No injury/unknown,FAILURE TO YIELD RIGHT OF WAY,LIBERTY & STATE ROAD 45,39.25071158,-86.57777018,"39.25071158,-86.57777018",0,Heavy rain at times,1,POINT (-86.57777018 39.25071158),0.0,,8,4
902459199,2015-06-06,Weekday,11:00:00,1-Car,No injury/unknown,RAN OFF ROAD RIGHT,MONROE DAM & VALLEY MISSION,39.009344,-86.510096,"39.009344,-86.510096",0,Clear,1,POINT (-86.510096 39.009344),0.0,,11,5
902372716,2015-01-03,Weekday,03:00:00,2-Car,No injury/unknown,OTHER (DRIVER) - EXPLAIN IN NARRATIVE,CHANDLER & RENEE,39.23488,-86.616736,"39.23488,-86.616736",1,Patchy moderate snow,1,POINT (-86.616736 39.23488),0.0,"POLYGON ((-86.60224324637682 39.23488, -86.60231303294678 39.23345946173435, -86.60252172057388 39.23205260402875, -86.60286729948214 39.23067297569196, -86.6033464415578 39.229333863299054, -86.60395453240075 39.228048163234405, -86.60468571576374 39.226828257492464, -86.60553294995127 39.22568589443241, -86.60648807563499 39.22463207563497, -86.60754189443242 39.22367694995126, -86.60868425749247 39.22282971576373, -86.6099041632344 39.22209853240074, -86.61118986329906 39.221490441557805, -86.61252897569197 39.221011299482136, -86.61390860402875 39.22066572057386, -86.61531546173435 39.220457032946776, -86.616736 39.22038724637681, -86.61815653826565 39.220457032946776, -86.61956339597126 39.22066572057386, -86.62094302430803 39.221011299482136, -86.62228213670095 39.221490441557805, -86.6235678367656 39.22209853240074, -86.62478774250754 39.22282971576373, -86.62593010556759 39.22367694995126, -86.62698392436502 39.22463207563497, -86.62793905004874 39.22568589443241, -86.62878628423627 39.226828257492464, -86.62951746759926 39.228048163234405, -86.6301255584422 39.229333863299054, -86.63060470051786 39.23067297569196, -86.63095027942613 39.23205260402875, -86.63115896705322 39.23345946173435, -86.63122875362319 39.23488, -86.63115896705322 39.236300538265645, -86.63095027942613 39.23770739597124, -86.63060470051786 39.239087024308034, -86.6301255584422 39.24042613670094, -86.62951746759926 39.24171183676559, -86.62878628423627 39.24293174250753, -86.62793905004874 39.244074105567584, -86.62698392436502 39.24512792436502, -86.62593010556759 39.24608305004873, -86.62478774250754 39.246930284236264, -86.6235678367656 39.24766146759925, -86.62228213670095 39.24826955844219, -86.62094302430803 39.24874870051786, -86.61956339597126 39.24909427942613, -86.61815653826565 39.24930296705322, -86.616736 39.249372753623184, -86.61531546173435 39.24930296705322, -86.61390860402875 39.24909427942613, -86.61252897569197 39.24874870051786, -86.61118986329906 39.24826955844219, -86.6099041632344 39.24766146759925, -86.60868425749247 39.246930284236264, -86.60754189443242 39.24608305004873, -86.60648807563499 39.24512792436502, -86.60553294995127 39.244074105567584, -86.60468571576374 39.24293174250753, -86.60395453240075 39.24171183676559, -86.6033464415578 39.24042613670094, -86.60286729948214 39.239087024308034, -86.60252172057388 39.23770739597124, -86.60231303294678 39.236300538265645, -86.60224324637682 39.23488))",3,5
902586277,2015-12-07,Weekend,16:00:00,2-Car,No injury/unknown,IMPROPER PASSING,3RD & COLLEGE MALL,39.16424,-86.4984,"39.16424,-86.4984",6,Patchy rain possible,1,POINT (-86.4984 39.16424),0.0,"POLYGON ((-86.48390724637682 39.16424, -86.48397703294678 39.16281946173435, -86.48418572057388 39.161412604028754, -86.48453129948214 39.16003297569196, -86.4850104415578 39.15869386329906, -86.48561853240075 39.15740816323441, -86.48634971576374 39.15618825749247, -86.48719694995127 39.15504589443241, -86.48815207563499 39.153992075634974, -86.48920589443242 39.153036949951264, -86.49034825749247 39.15218971576373, -86.4915681632344 39.151458532400746, -86.49285386329906 39.15085044155781, -86.49419297569197 39.15037129948214, -86.49557260402875 39.150025720573865, -86.49697946173436 39.14981703294678, -86.4984 39.14974724637681, -86.49982053826565 39.14981703294678, -86.50122739597126 39.150025720573865, -86.50260702430803 39.15037129948214, -86.50394613670095 39.15085044155781, -86.5052318367656 39.151458532400746, -86.50645174250754 39.15218971576373, -86.50759410556759 39.153036949951264, -86.50864792436502 39.153992075634974, -86.50960305004874 39.15504589443241, -86.51045028423627 39.15618825749247, -86.51118146759926 39.15740816323441, -86.5117895584422 39.15869386329906, -86.51226870051786 39.16003297569196, -86.51261427942613 39.161412604028754, -86.51282296705322 39.16281946173435, -86.51289275362319 39.16424, -86.51282296705322 39.16566053826565, -86.51261427942613 39.167067395971245, -86.51226870051786 39.16844702430804, -86.5117895584422 39.16978613670094, -86.51118146759926 39.17107183676559, -86.51045028423627 39.17229174250753, -86.50960305004874 39.17343410556759, -86.50864792436502 39.174487924365025, -86.50759410556759 39.175443050048735, -86.50645174250754 39.176290284236266, -86.5052318367656 39.17702146759925, -86.50394613670095 39.17762955844219, -86.50260702430803 39.17810870051786, -86.50122739597126 39.178454279426134, -86.49982053826565 39.17866296705322, -86.4984 39.17873275362319, -86.49697946173436 39.17866296705322, -86.49557260402875 39.178454279426134, -86.49419297569197 39.17810870051786, -86.49285386329906 39.17762955844219, -86.4915681632344 39.17702146759925, -86.49034825749247 39.176290284236266, -86.48920589443242 39.175443050048735, -86.48815207563499 39.174487924365025, -86.48719694995127 39.17343410556759, -86.48634971576374 39.17229174250753, -86.48561853240075 39.17107183676559, -86.4850104415578 39.16978613670094, -86.48453129948214 39.16844702430804, -86.48418572057388 39.167067395971245, -86.48397703294678 39.16566053826565, -86.48390724637682 39.16424))",16,1
902571447,2015-11-03,Weekday,06:00:00,1-Car,No injury/unknown,ANIMAL/OBJECT IN ROADWAY,INGRAM & SR37S,38.99338926,-86.53726441,"38.99338926,-86.53726441",0,Clear,1,POINT (-86.53726441 38.99338926),0.0,,6,6
902442493,2015-05-07,Weekend,15:00:00,2-Car,No injury/unknown,UNSAFE BACKING,E 17TH,39.179008,-86.525888,"39.179008,-86.525888",33,Clear,1,POINT (-86.525888 39.179008),0.0,"POLYGON ((-86.51139524637681 39.179008, -86.51146503294677 39.177587461734355, -86.51167372057387 39.17618060402876, -86.51201929948213 39.174800975691966, -86.5124984415578 39.17346186329906, -86.51310653240074 39.17217616323441, -86.51383771576373 39.17095625749247, -86.51468494995126 39.169813894432416, -86.51564007563498 39.16876007563498, -86.51669389443241 39.16780494995127, -86.51783625749246 39.166957715763736, -86.5190561632344 39.16622653240075, -86.52034186329905 39.16561844155781, -86.52168097569196 39.16513929948214, -86.52306060402874 39.16479372057387, -86.52446746173435 39.16458503294678, -86.525888 39.164515246376816, -86.52730853826564 39.16458503294678, -86.52871539597125 39.16479372057387, -86.53009502430803 39.16513929948214, -86.53143413670094 39.16561844155781, -86.5327198367656 39.16622653240075, -86.53393974250753 39.166957715763736, -86.53508210556758 39.16780494995127, -86.53613592436501 39.16876007563498, -86.53709105004873 39.169813894432416, -86.53793828423626 39.17095625749247, -86.53866946759925 39.17217616323441, -86.5392775584422 39.17346186329906, -86.53975670051786 39.174800975691966, -86.54010227942612 39.17618060402876, -86.54031096705322 39.177587461734355, -86.54038075362318 39.179008, -86.54031096705322 39.18042853826565, -86.54010227942612 39.18183539597125, -86.53975670051786 39.18321502430804, -86.5392775584422 39.184554136700946, -86.53866946759925 39.185839836765595, -86.53793828423626 39.187059742507536, -86.53709105004873 39.18820210556759, -86.53613592436501 39.18925592436503, -86.53508210556758 39.19021105004874, -86.53393974250753 39.19105828423627, -86.5327198367656 39.19178946759926, -86.53143413670094 39.192397558442195, -86.53009502430803 39.192876700517864, -86.52871539597125 39.19322227942614, -86.52730853826564 39.193430967053224, -86.525888 39.19350075362319, -86.52446746173435 39.193430967053224, -86.52306060402874 39.19322227942614, -86.52168097569196 39.192876700517864, -86.52034186329905 39.192397558442195, -86.5190561632344 39.19178946759926, -86.51783625749246 39.19105828423627, -86.51669389443241 39.19021105004874, -86.51564007563498 39.18925592436503, -86.51468494995126 39.18820210556759, -86.51383771576373 39.187059742507536, -86.51310653240074 39.185839836765595, -86.5124984415578 39.184554136700946, -86.51201929948213 39.18321502430804, -86.51167372057387 39.18183539597125, -86.51146503294677 39.18042853826565, -86.51139524637681 39.179008))",15,5
902493439,2015-08-02,Weekday,12:00:00,2-Car,No injury/unknown,OTHER (DRIVER) - EXPLAIN IN NARRATIVE,S LIBERTY & W 3RD,39.16461021,-86.57913006,"39.16461021,-86.57913006",5,Clear,1,POINT (-86.57913006 39.16461021),0.0,"POLYGON ((-86.56463730637681 39.16461021, -86.56470709294678 39.16318967173435, -86.56491578057387 39.161782814028754, -86.56526135948214 39.16040318569196, -86.5657405015578 39.15906407329906, -86.56634859240074 39.15777837323441, -86.56707977576373 39.15655846749247, -86.56792700995126 39.15541610443241, -86.56888213563498 39.154362285634974, -86.56993595443241 39.153407159951264, -86.57107831749246 39.15255992576373, -86.5722982232344 39.151828742400745, -86.57358392329905 39.15122065155781, -86.57492303569197 39.15074150948214, -86.57630266402874 39.150395930573865, -86.57770952173435 39.15018724294678, -86.57913006 39.15011745637681, -86.58055059826565 39.15018724294678, -86.58195745597125 39.150395930573865, -86.58333708430803 39.15074150948214, -86.58467619670094 39.15122065155781, -86.5859618967656 39.151828742400745, -86.58718180250753 39.15255992576373, -86.58832416556758 39.153407159951264, -86.58937798436502 39.154362285634974, -86.59033311004873 39.15541610443241, -86.59118034423626 39.15655846749247, -86.59191152759925 39.15777837323441, -86.5925196184422 39.15906407329906, -86.59299876051786 39.16040318569196, -86.59334433942612 39.161782814028754, -86.59355302705322 39.16318967173435, -86.59362281362318 39.16461021, -86.59355302705322 39.16603074826565, -86.59334433942612 39.167437605971244, -86.59299876051786 39.16881723430804, -86.5925196184422 39.17015634670094, -86.59191152759925 39.17144204676559, -86.59118034423626 39.17266195250753, -86.59033311004873 39.17380431556759, -86.58937798436502 39.174858134365024, -86.58832416556758 39.175813260048734, -86.58718180250753 39.176660494236266, -86.5859618967656 39.17739167759925, -86.58467619670094 39.17799976844219, -86.58333708430803 39.17847891051786, -86.58195745597125 39.178824489426134, -86.58055059826565 39.17903317705322, -86.57913006 39.17910296362319, -86.57770952173435 39.17903317705322, -86.57630266402874 39.178824489426134, -86.57492303569197 39.17847891051786, -86.57358392329905 39.17799976844219, -86.5722982232344 39.17739167759925, -86.57107831749246 39.176660494236266, -86.56993595443241 39.175813260048734, -86.56888213563498 39.174858134365024, -86.56792700995126 39.17380431556759, -86.56707977576373 39.17266195250753, -86.56634859240074 39.17144204676559, -86.5657405015578 39.17015634670094, -86.56526135948214 39.16881723430804, -86.56491578057387 39.167437605971244, -86.56470709294678 39.16603074826565, -86.56463730637681 39.16461021))",12,6
902446794,2015-05-02,Weekday,00:00:00,1-Car,No injury/unknown,ANIMAL/OBJECT IN ROADWAY,FOX HOLLOW & SR37N,39.28536159,-86.52063038,"39.28536159,-86.52063038",0,Clear,1,POINT (-86.52063038 39.28536159),0.0,,0,6
902407181,2015-03-02,Weekday,12:00:00,2-Car,No injury/unknown,UNSAFE LANE MOVEMENT,N BRYANTS CREEK & SR37N,39.33204816,-86.51427777,"39.33204816,-86.51427777",0,Partly cloudy,1,POINT (-86.51427777 39.33204816),0.0,,12,6