Master Record Number,Date,Weekend?,Hour,Collision Type,Injury Type,Primary Factor,Reported_Location,Latitude,Longitude,Location,Number of Bars,Weather Condition,Severity,geometry,area_number,bar_location,Hour of Day,Visibility (mi)
902558378,2015-11-02,Weekday,14:00:00,2-Car,No injury/unknown,FAILURE TO YIELD RIGHT OF WAY,SHARP & SR46W,39.23585459,-86.62777953,"39.23585459,-86.62777953",1,Clear,1,POINT (-86.62777953 39.23585459),0.0,"POLYGON ((-86.61328677637681 39.23585459, -86.61335656294678 39.234434051734354, -86.61356525057387 39.23302719402876, -86.61391082948214 39.231647565691965, -86.6143899715578 39.23030845329906, -86.61499806240074 39.22902275323441, -86.61572924576373 39.22780284749247, -86.61657647995126 39.226660484432415, -86.61753160563498 39.22560666563498, -86.61858542443241 39.22465153995127, -86.61972778749247 39.223804305763736, -86.6209476932344 39.22307312240075, -86.62223339329906 39.22246503155781, -86.62357250569197 39.22198588948214, -86.62495213402875 39.22164031057387, -86.62635899173435 39.22143162294678, -86.62777953 39.221361836376815, -86.62920006826565 39.22143162294678, -86.63060692597125 39.22164031057387, -86.63198655430803 39.22198588948214, -86.63332566670094 39.22246503155781, -86.6346113667656 39.22307312240075, -86.63583127250753 39.223804305763736, -86.63697363556759 39.22465153995127, -86.63802745436502 39.22560666563498, -86.63898258004873 39.226660484432415, -86.63982981423626 39.22780284749247, -86.64056099759925 39.22902275323441, -86.6411690884422 39.23030845329906, -86.64164823051786 39.231647565691965, -86.64199380942613 39.23302719402876, -86.64220249705322 39.234434051734354, -86.64227228362319 39.23585459, -86.64220249705322 39.23727512826565, -86.64199380942613 39.23868198597125, -86.64164823051786 39.24006161430804, -86.6411690884422 39.241400726700945, -86.64056099759925 39.242686426765594, -86.63982981423626 39.243906332507535, -86.63898258004873 39.24504869556759, -86.63802745436502 39.24610251436503, -86.63697363556759 39.24705764004874, -86.63583127250753 39.24790487423627, -86.6346113667656 39.248636057599256, -86.63332566670094 39.249244148442195, -86.63198655430803 39.24972329051786, -86.63060692597125 39.25006886942614, -86.62920006826565 39.250277557053224, -86.62777953 39.25034734362319, -86.62635899173435 39.250277557053224, -86.62495213402875 39.25006886942614, -86.62357250569197 39.24972329051786, -86.62223339329906 39.249244148442195, -86.6209476932344 39.248636057599256, -86.61972778749247 39.24790487423627, -86.61858542443241 39.24705764004874, -86.61753160563498 39.24610251436503, -86.61657647995126 39.24504869556759, -86.61572924576373 39.243906332507535, -86.61499806240074 39.242686426765594, -86.6143899715578 39.241400726700945, -86.61391082948214 39.24006161430804, -86.61356525057387 39.23868198597125, -86.61335656294678 39.23727512826565, -86.61328677637681 39.23585459))",14,6
902500214,2015-08-07,Weekend,07:00:00,2-Car,Incapacitating,LEFT OF CENTER,OLD ST 37 & W HOBART,39.01368968,-86.5409537,"39.01368968,-86.5409537",0,Clear,2,POINT (-86.5409537 39.01368968),0.0,,7,6
902505999,2015-08-02,Weekday,19:00:00,2-Car,Non-incapacitating,FOLLOWING TOO CLOSELY,10TH & JORDAN,39.171552,-86.515728,"39.171552,-86.515728",14,Clear,2,POINT (-86.515728 39.171552),0.0,"POLYGON ((-86.50123524637681 39.171552, -86.50130503294677 39.17013146173435, -86.50151372057387 39.16872460402875, -86.50185929948213 39.16734497569196, -86.5023384415578 39.166005863299056, -86.50294653240074 39.164720163234406, -86.50367771576373 39.163500257492466, -86.50452494995126 39.16235789443241, -86.50548007563498 39.16130407563497, -86.50653389443241 39.16034894995126, -86.50767625749246 39.15950171576373, -86.5088961632344 39.158770532400744, -86.51018186329905 39.158162441557806, -86.51152097569197 39.15768329948214, -86.51290060402874 39.157337720573864, -86.51430746173435 39.15712903294678, -86.515728 39.15705924637681, -86.51714853826564 39.15712903294678, -86.51855539597125 39.157337720573864, -86.51993502430803 39.15768329948214, -86.52127413670094 39.158162441557806, -86.5225598367656 39.158770532400744, -86.52377974250753 39.15950171576373, -86.52492210556758 39.16034894995126, -86.52597592436501 39.16130407563497, -86.52693105004873 39.16235789443241, -86.52777828423626 39.163500257492466, -86.52850946759925 39.164720163234406, -86.5291175584422 39.166005863299056, -86.52959670051786 39.16734497569196, -86.52994227942612 39.16872460402875, -86.53015096705322 39.17013146173435, -86.53022075362318 39.171552, -86.53015096705322 39.17297253826565, -86.52994227942612 39.17437939597124, -86.52959670051786 39.175759024308036, -86.5291175584422 39.17709813670094, -86.52850946759925 39.17838383676559, -86.52777828423626 39.17960374250753, -86.52693105004873 39.180746105567586, -86.52597592436501 39.18179992436502, -86.52492210556758 39.18275505004873, -86.52377974250753 39.183602284236265, -86.5225598367656 39.18433346759925, -86.52127413670094 39.18494155844219, -86.51993502430803 39.18542070051786, -86.51855539597125 39.18576627942613, -86.51714853826564 39.18597496705322, -86.515728 39.186044753623186, -86.51430746173435 39.18597496705322, -86.51290060402874 39.18576627942613, -86.51152097569197 39.18542070051786, -86.51018186329905 39.18494155844219, -86.5088961632344 39.18433346759925, -86.50767625749246 39.183602284236265, -86.50653389443241 39.18275505004873, -86.50548007563498 39.18179992436502, -86.50452494995126 39.180746105567586, -86.50367771576373 39.17960374250753, -86.50294653240074 39.17838383676559, -86.5023384415578 39.17709813670094, -86.50185929948213 39.175759024308036, -86.50151372057387 39.17437939597124, -86.50130503294677 39.17297253826565, -86.50123524637681 39.171552))",19,6
902483812,2015-07-06,Weekday,06:00:00,1-Car,No injury/unknown,ANIMAL/OBJECT IN ROADWAY,SR37S & TAPP,39.13978646,-86.57292991,"39.13978646,-86.57292991",1,Clear,1,POINT (-86.57292991 39.13978646),0.0,"POLYGON ((-86.55843715637681 39.13978646, -86.55850694294678 39.138365921734355, -86.55871563057387 39.13695906402876, -86.55906120948214 39.135579435691966, -86.5595403515578 39.13424032329906, -86.56014844240075 39.13295462323441, -86.56087962576373 39.13173471749247, -86.56172685995126 39.130592354432416, -86.56268198563498 39.12953853563498, -86.56373580443241 39.12858340995127, -86.56487816749247 39.12773617576374, -86.5660980732344 39.12700499240075, -86.56738377329906 39.12639690155781, -86.56872288569197 39.12591775948214, -86.57010251402875 39.12557218057387, -86.57150937173435 39.12536349294678, -86.57292991 39.125293706376816, -86.57435044826565 39.12536349294678, -86.57575730597125 39.12557218057387, -86.57713693430803 39.12591775948214, -86.57847604670094 39.12639690155781, -86.5797617467656 39.12700499240075, -86.58098165250753 39.12773617576374, -86.58212401556759 39.12858340995127, -86.58317783436502 39.12953853563498, -86.58413296004873 39.130592354432416, -86.58498019423627 39.13173471749247, -86.58571137759925 39.13295462323441, -86.5863194684422 39.13424032329906, -86.58679861051786 39.135579435691966, -86.58714418942613 39.13695906402876, -86.58735287705322 39.138365921734355, -86.58742266362319 39.13978646, -86.58735287705322 39.14120699826565, -86.58714418942613 39.14261385597125, -86.58679861051786 39.14399348430804, -86.5863194684422 39.145332596700946, -86.58571137759925 39.146618296765595, -86.58498019423627 39.147838202507536, -86.58413296004873 39.14898056556759, -86.58317783436502 39.15003438436503, -86.58212401556759 39.15098951004874, -86.58098165250753 39.15183674423627, -86.5797617467656 39.15256792759926, -86.57847604670094 39.153176018442196, -86.57713693430803 39.153655160517864, -86.57575730597125 39.15400073942614, -86.57435044826565 39.154209427053225, -86.57292991 39.15427921362319, -86.57150937173435 39.154209427053225, -86.57010251402875 39.15400073942614, -86.56872288569197 39.153655160517864, -86.56738377329906 39.153176018442196, -86.5660980732344 39.15256792759926, -86.56487816749247 39.15183674423627, -86.56373580443241 39.15098951004874, -86.56268198563498 39.15003438436503, -86.56172685995126 39.14898056556759, -86.56087962576373 39.147838202507536, -86.56014844240075 39.146618296765595, -86.5595403515578 39.145332596700946, -86.55906120948214 39.14399348430804, -86.55871563057387 39.14261385597125, -86.55850694294678 39.14120699826565, -86.55843715637681 39.13978646))",6,6
902552090,2015-11-02,Weekday,14:00:00,2-Car,Non-incapacitating,FAILURE TO YIELD RIGHT OF WAY,MILLER & WALNUT,39.14681026,-86.53250397,"39.14681026,-86.53250397",4,Clear,2,POINT (-86.53250397 39.14681026),0.0,"POLYGON ((-86.5180112163768 39.14681026, -86.51808100294677 39.145389721734354, -86.51828969057387 39.14398286402876, -86.51863526948213 39.142603235691965, -86.5191144115578 39.14126412329906, -86.51972250240074 39.13997842323441, -86.52045368576373 39.13875851749247, -86.52130091995126 39.137616154432415, -86.52225604563498 39.13656233563498, -86.5233098644324 39.13560720995127, -86.52445222749246 39.134759975763735, -86.5256721332344 39.13402879240075, -86.52695783329905 39.13342070155781, -86.52829694569196 39.13294155948214, -86.52967657402874 39.13259598057387, -86.53108343173434 39.13238729294678, -86.53250397 39.132317506376815, -86.53392450826564 39.13238729294678, -86.53533136597125 39.13259598057387, -86.53671099430802 39.13294155948214, -86.53805010670094 39.13342070155781, -86.53933580676559 39.13402879240075, -86.54055571250753 39.134759975763735, -86.54169807556758 39.13560720995127, -86.54275189436501 39.13656233563498, -86.54370702004873 39.137616154432415, -86.54455425423626 39.13875851749247, -86.54528543759925 39.13997842323441, -86.54589352844219 39.14126412329906, -86.54637267051785 39.142603235691965, -86.54671824942612 39.14398286402876, -86.54692693705321 39.145389721734354, -86.54699672362318 39.14681026, -86.54692693705321 39.14823079826565, -86.54671824942612 39.14963765597125, -86.54637267051785 39.15101728430804, -86.54589352844219 39.152356396700945, -86.54528543759925 39.153642096765594, -86.54455425423626 39.154862002507535, -86.54370702004873 39.15600436556759, -86.54275189436501 39.15705818436503, -86.54169807556758 39.15801331004874, -86.54055571250753 39.15886054423627, -86.53933580676559 39.159591727599256, -86.53805010670094 39.160199818442194, -86.53671099430802 39.16067896051786, -86.53533136597125 39.16102453942614, -86.53392450826564 39.16123322705322, -86.53250397 39.16130301362319, -86.53108343173434 39.16123322705322, -86.52967657402874 39.16102453942614, -86.52829694569196 39.16067896051786, -86.52695783329905 39.160199818442194, -86.5256721332344 39.159591727599256, -86.52445222749246 39.15886054423627, -86.5233098644324 39.15801331004874, -86.52225604563498 39.15705818436503, -86.52130091995126 39.15600436556759, -86.52045368576373 39.154862002507535, -86.51972250240074 39.153642096765594, -86.5191144115578 39.152356396700945, -86.51863526948213 39.15101728430804, -86.51828969057387 39.14963765597125, -86.51808100294677 39.14823079826565, -86.5180112163768 39.14681026))",14,6
902554125,2015-11-04,Weekday,12:00:00,2-Car,No injury/unknown,FAILURE TO YIELD RIGHT OF WAY,E WINSLOW & SO WALNUT STREET,39.136144,-86.528688,"39.136144,-86.528688",1,Clear,1,POINT (-86.528688 39.136144),0.0,"POLYGON ((-86.51419524637681 39.136144, -86.51426503294678 39.13472346173435, -86.51447372057387 39.13331660402876, -86.51481929948214 39.131936975691964, -86.5152984415578 39.13059786329906, -86.51590653240075 39.12931216323441, -86.51663771576374 39.12809225749247, -86.51748494995127 39.126949894432414, -86.51844007563498 39.12589607563498, -86.51949389443242 39.12494094995127, -86.52063625749247 39.124093715763735, -86.5218561632344 39.12336253240075, -86.52314186329906 39.12275444155781, -86.52448097569197 39.12227529948214, -86.52586060402875 39.12192972057387, -86.52726746173435 39.12172103294678, -86.528688 39.121651246376814, -86.53010853826565 39.12172103294678, -86.53151539597125 39.12192972057387, -86.53289502430803 39.12227529948214, -86.53423413670095 39.12275444155781, -86.5355198367656 39.12336253240075, -86.53673974250754 39.124093715763735, -86.53788210556759 39.12494094995127, -86.53893592436502 39.12589607563498, -86.53989105004874 39.126949894432414, -86.54073828423627 39.12809225749247, -86.54146946759926 39.12931216323441, -86.5420775584422 39.13059786329906, -86.54255670051786 39.131936975691964, -86.54290227942613 39.13331660402876, -86.54311096705322 39.13472346173435, -86.54318075362319 39.136144, -86.54311096705322 39.13756453826565, -86.54290227942613 39.13897139597125, -86.54255670051786 39.14035102430804, -86.5420775584422 39.141690136700944, -86.54146946759926 39.142975836765594, -86.54073828423627 39.144195742507534, -86.53989105004874 39.14533810556759, -86.53893592436502 39.14639192436503, -86.53788210556759 39.14734705004874, -86.53673974250754 39.14819428423627, -86.5355198367656 39.148925467599256, -86.53423413670095 39.149533558442194, -86.53289502430803 39.15001270051786, -86.53151539597125 39.150358279426136, -86.53010853826565 39.15056696705322, -86.528688 39.15063675362319, -86.52726746173435 39.15056696705322, -86.52586060402875 39.150358279426136, -86.52448097569197 39.15001270051786, -86.52314186329906 39.149533558442194, -86.5218561632344 39.148925467599256, -86.52063625749247 39.14819428423627, -86.51949389443242 39.14734705004874, -86.51844007563498 39.14639192436503, -86.51748494995127 39.14533810556759, -86.51663771576374 39.144195742507534, -86.51590653240075 39.142975836765594, -86.5152984415578 39.141690136700944, -86.51481929948214 39.14035102430804, -86.51447372057387 39.13897139597125, -86.51426503294678 39.13756453826565, -86.51419524637681 39.136144))",12,6
902483339,2015-07-05,Weekday,13:00:00,2-Car,No injury/unknown,IMPROPER TURNING,LIBERTY,39.145152,-86.5776,"39.145152,-86.5776",1,Partly cloudy,1,POINT (-86.5776 39.145152),0.0,"POLYGON ((-86.56310724637682 39.145152, -86.56317703294678 39.143731461734355, -86.56338572057388 39.14232460402876, -86.56373129948214 39.140944975691966, -86.5642104415578 39.13960586329906, -86.56481853240075 39.13832016323441, -86.56554971576374 39.13710025749247, -86.56639694995127 39.135957894432416, -86.56735207563499 39.13490407563498, -86.56840589443242 39.13394894995127, -86.56954825749247 39.133101715763736, -86.5707681632344 39.13237053240075, -86.57205386329906 39.13176244155781, -86.57339297569197 39.13128329948214, -86.57477260402875 39.13093772057387, -86.57617946173436 39.13072903294678, -86.5776 39.130659246376815, -86.57902053826565 39.13072903294678, -86.58042739597126 39.13093772057387, -86.58180702430803 39.13128329948214, -86.58314613670095 39.13176244155781, -86.5844318367656 39.13237053240075, -86.58565174250754 39.133101715763736, -86.58679410556759 39.13394894995127, -86.58784792436502 39.13490407563498, -86.58880305004874 39.135957894432416, -86.58965028423627 39.13710025749247, -86.59038146759926 39.13832016323441, -86.5909895584422 39.13960586329906, -86.59146870051786 39.140944975691966, -86.59181427942613 39.14232460402876, -86.59202296705323 39.143731461734355, -86.59209275362319 39.145152, -86.59202296705323 39.14657253826565, -86.59181427942613 39.14797939597125, -86.59146870051786 39.14935902430804, -86.5909895584422 39.150698136700946, -86.59038146759926 39.151983836765595, -86.58965028423627 39.153203742507536, -86.58880305004874 39.15434610556759, -86.58784792436502 39.15539992436503, -86.58679410556759 39.15635505004874, -86.58565174250754 39.15720228423627, -86.5844318367656 39.15793346759926, -86.58314613670095 39.158541558442195, -86.58180702430803 39.159020700517864, -86.58042739597126 39.15936627942614, -86.57902053826565 39.159574967053224, -86.5776 39.15964475362319, -86.57617946173436 39.159574967053224, -86.57477260402875 39.15936627942614, -86.57339297569197 39.159020700517864, -86.57205386329906 39.158541558442195, -86.5707681632344 39.15793346759926, -86.56954825749247 39.15720228423627, -86.56840589443242 39.15635505004874, -86.56735207563499 39.15539992436503, -86.56639694995127 39.15434610556759, -86.56554971576374 39.153203742507536, -86.56481853240075 39.151983836765595, -86.5642104415578 39.150698136700946, -86.56373129948214 39.14935902430804, -86.56338572057388 39.14797939597125, -86.56317703294678 39.14657253826565, -86.56310724637682 39.145152))",13,6
902503404,2015-08-04,Weekday,17:00:00,2-Car,Non-incapacitating,FAILURE TO YIELD RIGHT OF WAY,PROFILE & SR48W,39.1647376,-86.5925978,"39.1647376,-86.5925978",2,Clear,2,POINT (-86.5925978 39.1647376),0.0,"POLYGON ((-86.5781050463768 39.1647376, -86.57817483294677 39.163317061734354, -86.57838352057387 39.16191020402876, -86.57872909948213 39.160530575691965, -86.5792082415578 39.15919146329906, -86.57981633240074 39.15790576323441, -86.58054751576373 39.15668585749247, -86.58139474995126 39.155543494432415, -86.58234987563497 39.15448967563498, -86.5834036944324 39.15353454995127, -86.58454605749246 39.152687315763735, -86.5857659632344 39.15195613240075, -86.58705166329905 39.15134804155781, -86.58839077569196 39.15086889948214, -86.58977040402874 39.15052332057387, -86.59117726173434 39.15031463294678, -86.5925978 39.150244846376815, -86.59401833826564 39.15031463294678, -86.59542519597125 39.15052332057387, -86.59680482430802 39.15086889948214, -86.59814393670094 39.15134804155781, -86.59942963676559 39.15195613240075, -86.60064954250753 39.152687315763735, -86.60179190556758 39.15353454995127, -86.60284572436501 39.15448967563498, -86.60380085004873 39.155543494432415, -86.60464808423626 39.15668585749247, -86.60537926759925 39.15790576323441, -86.60598735844219 39.15919146329906, -86.60646650051785 39.160530575691965, -86.60681207942612 39.16191020402876, -86.60702076705321 39.163317061734354, -86.60709055362318 39.1647376, -86.60702076705321 39.16615813826565, -86.60681207942612 39.16756499597125, -86.60646650051785 39.16894462430804, -86.60598735844219 39.170283736700945, -86.60537926759925 39.171569436765594, -86.60464808423626 39.172789342507535, -86.60380085004873 39.17393170556759, -86.60284572436501 39.17498552436503, -86.60179190556758 39.17594065004874, -86.60064954250753 39.17678788423627, -86.59942963676559 39.177519067599256, -86.59814393670094 39.178127158442194, -86.59680482430802 39.17860630051786, -86.59542519597125 39.17895187942614, -86.59401833826564 39.17916056705322, -86.5925978 39.17923035362319, -86.59117726173434 39.17916056705322, -86.58977040402874 39.17895187942614, -86.58839077569196 39.17860630051786, -86.58705166329905 39.178127158442194, -86.5857659632344 39.177519067599256, -86.58454605749246 39.17678788423627, -86.5834036944324 39.17594065004874, -86.58234987563497 39.17498552436503, -86.58139474995126 39.17393170556759, -86.58054751576373 39.172789342507535, -86.57981633240074 39.171569436765594, -86.5792082415578 39.170283736700945, -86.57872909948213 39.16894462430804, -86.57838352057387 39.16756499597125, -86.57817483294677 39.16615813826565, -86.5781050463768 39.1647376))",17,6
902461010,2015-06-05,Weekday,15:00:00,Bus,No injury/unknown,UNSAFE LANE MOVEMENT,E 3RD & FACULTY,39.164352,-86.521088,"39.164352,-86.521088",41,Partly cloudy,1,POINT (-86.521088 39.164352),0.0,"POLYGON ((-86.50659524637682 39.164352, -86.50666503294678 39.16293146173435, -86.50687372057388 39.161524604028756, -86.50721929948214 39.16014497569196, -86.5076984415578 39.15880586329906, -86.50830653240075 39.15752016323441, -86.50903771576374 39.15630025749247, -86.50988494995127 39.15515789443241, -86.51084007563499 39.154104075634976, -86.51189389443242 39.153148949951266, -86.51303625749247 39.152301715763734, -86.5142561632344 39.15157053240075, -86.51554186329906 39.15096244155781, -86.51688097569198 39.15048329948214, -86.51826060402875 39.150137720573866, -86.51966746173436 39.14992903294678, -86.521088 39.14985924637681, -86.52250853826565 39.14992903294678, -86.52391539597126 39.150137720573866, -86.52529502430804 39.15048329948214, -86.52663413670095 39.15096244155781, -86.5279198367656 39.15157053240075, -86.52913974250754 39.152301715763734, -86.5302821055676 39.153148949951266, -86.53133592436502 39.154104075634976, -86.53229105004874 39.15515789443241, -86.53313828423627 39.15630025749247, -86.53386946759926 39.15752016323441, -86.5344775584422 39.15880586329906, -86.53495670051787 39.16014497569196, -86.53530227942613 39.161524604028756, -86.53551096705323 39.16293146173435, -86.5355807536232 39.164352, -86.53551096705323 39.16577253826565, -86.53530227942613 39.167179395971246, -86.53495670051787 39.16855902430804, -86.5344775584422 39.169898136700944, -86.53386946759926 39.17118383676559, -86.53313828423627 39.172403742507534, -86.53229105004874 39.17354610556759, -86.53133592436502 39.174599924365026, -86.5302821055676 39.175555050048736, -86.52913974250754 39.17640228423627, -86.5279198367656 39.177133467599255, -86.52663413670095 39.17774155844219, -86.52529502430804 39.17822070051786, -86.52391539597126 39.178566279426136, -86.52250853826565 39.17877496705322, -86.521088 39.17884475362319, -86.51966746173436 39.17877496705322, -86.51826060402875 39.178566279426136, -86.51688097569198 39.17822070051786, -86.51554186329906 39.17774155844219, -86.5142561632344 39.177133467599255, -86.51303625749247 39.17640228423627, -86.51189389443242 39.175555050048736, -86.51084007563499 39.174599924365026, -86.50988494995127 39.17354610556759, -86.50903771576374 39.172403742507534, -86.50830653240075 39.17118383676559, -86.5076984415578 39.169898136700944, -86.50721929948214 39.16855902430804, -86.50687372057388 39.167179395971246, -86.50666503294678 39.16577253826565, -86.50659524637682 39.164352))",15,6
902578255,2015-12-01,Weekend,12:00:00,Bus,No injury/unknown,FAILURE TO YIELD RIGHT OF WAY,SALE & SR46W,39.23384,-86.624704,"39.23384,-86.624704",1,Overcast,1,POINT (-86.624704 39.23384),0.0,"POLYGON ((-86.6102112463768 39.23384, -86.61028103294677 39.23241946173435, -86.61048972057387 39.231012604028756, -86.61083529948213 39.22963297569196, -86.6113144415578 39.22829386329906, -86.61192253240074 39.22700816323441, -86.61265371576373 39.22578825749247, -86.61350094995126 39.22464589443241, -86.61445607563498 39.223592075634976, -86.6155098944324 39.222636949951266, -86.61665225749246 39.221789715763734, -86.6178721632344 39.22105853240075, -86.61915786329905 39.22045044155781, -86.62049697569196 39.21997129948214, -86.62187660402874 39.219625720573866, -86.62328346173435 39.21941703294678, -86.624704 39.21934724637681, -86.62612453826564 39.21941703294678, -86.62753139597125 39.219625720573866, -86.62891102430802 39.21997129948214, -86.63025013670094 39.22045044155781, -86.6315358367656 39.22105853240075, -86.63275574250753 39.221789715763734, -86.63389810556758 39.222636949951266, -86.63495192436501 39.223592075634976, -86.63590705004873 39.22464589443241, -86.63675428423626 39.22578825749247, -86.63748546759925 39.22700816323441, -86.6380935584422 39.22829386329906, -86.63857270051786 39.22963297569196, -86.63891827942612 39.231012604028756, -86.63912696705322 39.23241946173435, -86.63919675362318 39.23384, -86.63912696705322 39.23526053826565, -86.63891827942612 39.236667395971246, -86.63857270051786 39.23804702430804, -86.6380935584422 39.23938613670094, -86.63748546759925 39.24067183676559, -86.63675428423626 39.24189174250753, -86.63590705004873 39.24303410556759, -86.63495192436501 39.244087924365026, -86.63389810556758 39.245043050048736, -86.63275574250753 39.24589028423627, -86.6315358367656 39.246621467599255, -86.63025013670094 39.24722955844219, -86.62891102430802 39.24770870051786, -86.62753139597125 39.248054279426135, -86.62612453826564 39.24826296705322, -86.624704 39.24833275362319, -86.62328346173435 39.24826296705322, -86.62187660402874 39.248054279426135, -86.62049697569196 39.24770870051786, -86.61915786329905 39.24722955844219, -86.6178721632344 39.246621467599255, -86.61665225749246 39.24589028423627, -86.6155098944324 39.245043050048736, -86.61445607563498 39.244087924365026, -86.61350094995126 39.24303410556759, -86.61265371576373 39.24189174250753, -86.61192253240074 39.24067183676559, -86.6113144415578 39.23938613670094, -86.61083529948213 39.23804702430804, -86.61048972057387 39.236667395971246, -86.61028103294677 39.23526053826565, -86.6102112463768 39.23384))",12,6
902538466,2015-10-03,Weekday,21:00:00,Pedestrian,Non-incapacitating,HEADLIGHT DEFECTIVE OR NOT ON,4TH & GRANT,39.165648,-86.529712,"39.165648,-86.529712",43,Heavy rain at times,2,POINT (-86.529712 39.165648),0.0,"POLYGON ((-86.51521924637682 39.165648, -86.51528903294678 39.16422746173435, -86.51549772057388 39.16282060402875, -86.51584329948214 39.16144097569196, -86.5163224415578 39.160101863299055, -86.51693053240075 39.158816163234405, -86.51766171576374 39.157596257492465, -86.51850894995127 39.15645389443241, -86.51946407563499 39.15540007563497, -86.52051789443242 39.15444494995126, -86.52166025749247 39.15359771576373, -86.5228801632344 39.15286653240074, -86.52416586329906 39.152258441557805, -86.52550497569197 39.151779299482136, -86.52688460402875 39.15143372057386, -86.52829146173436 39.151225032946776, -86.529712 39.15115524637681, -86.53113253826565 39.151225032946776, -86.53253939597126 39.15143372057386, -86.53391902430803 39.151779299482136, -86.53525813670095 39.152258441557805, -86.5365438367656 39.15286653240074, -86.53776374250754 39.15359771576373, -86.53890610556759 39.15444494995126, -86.53995992436502 39.15540007563497, -86.54091505004874 39.15645389443241, -86.54176228423627 39.157596257492465, -86.54249346759926 39.158816163234405, -86.5431015584422 39.160101863299055, -86.54358070051786 39.16144097569196, -86.54392627942613 39.16282060402875, -86.54413496705322 39.16422746173435, -86.54420475362319 39.165648, -86.54413496705322 39.167068538265646, -86.54392627942613 39.16847539597124, -86.54358070051786 39.169855024308035, -86.5431015584422 39.17119413670094, -86.54249346759926 39.17247983676559, -86.54176228423627 39.17369974250753, -86.54091505004874 39.174842105567585, -86.53995992436502 39.17589592436502, -86.53890610556759 39.17685105004873, -86.53776374250754 39.177698284236264, -86.5365438367656 39.17842946759925, -86.53525813670095 39.17903755844219, -86.53391902430803 39.17951670051786, -86.53253939597126 39.17986227942613, -86.53113253826565 39.18007096705322, -86.529712 39.180140753623185, -86.52829146173436 39.18007096705322, -86.52688460402875 39.17986227942613, -86.52550497569197 39.17951670051786, -86.52416586329906 39.17903755844219, -86.5228801632344 39.17842946759925, -86.52166025749247 39.177698284236264, -86.52051789443242 39.17685105004873, -86.51946407563499 39.17589592436502, -86.51850894995127 39.174842105567585, -86.51766171576374 39.17369974250753, -86.51693053240075 39.17247983676559, -86.5163224415578 39.17119413670094, -86.51584329948214 39.169855024308035, -86.51549772057388 39.16847539597124, -86.51528903294678 39.167068538265646, -86.51521924637682 39.165648))",21,4
902398178,2015-02-05,Weekday,17:00:00,2-Car,No injury/unknown,FAILURE TO YIELD RIGHT OF WAY,DIXIE & FAIRVIEW,39.156752,-86.540976,"39.156752,-86.540976",41,Clear,1,POINT (-86.540976 39.156752),0.0,"POLYGON ((-86.52648324637681 39.156752, -86.52655303294678 39.15533146173435, -86.52676172057387 39.15392460402875, -86.52710729948214 39.15254497569196, -86.5275864415578 39.151205863299054, -86.52819453240075 39.149920163234405, -86.52892571576373 39.148700257492465, -86.52977294995127 39.14755789443241, -86.53072807563498 39.14650407563497, -86.53178189443241 39.14554894995126, -86.53292425749247 39.14470171576373, -86.5341441632344 39.14397053240074, -86.53542986329906 39.143362441557805, -86.53676897569197 39.142883299482136, -86.53814860402875 39.14253772057386, -86.53955546173435 39.142329032946776, -86.540976 39.14225924637681, -86.54239653826565 39.142329032946776, -86.54380339597125 39.14253772057386, -86.54518302430803 39.142883299482136, -86.54652213670094 39.143362441557805, -86.5478078367656 39.14397053240074, -86.54902774250753 39.14470171576373, -86.55017010556759 39.14554894995126, -86.55122392436502 39.14650407563497, -86.55217905004874 39.14755789443241, -86.55302628423627 39.148700257492465, -86.55375746759925 39.149920163234405, -86.5543655584422 39.151205863299054, -86.55484470051786 39.15254497569196, -86.55519027942613 39.15392460402875, -86.55539896705322 39.15533146173435, -86.55546875362319 39.156752, -86.55539896705322 39.158172538265646, -86.55519027942613 39.15957939597124, -86.55484470051786 39.160959024308035, -86.5543655584422 39.16229813670094, -86.55375746759925 39.16358383676559, -86.55302628423627 39.16480374250753, -86.55217905004874 39.165946105567585, -86.55122392436502 39.16699992436502, -86.55017010556759 39.16795505004873, -86.54902774250753 39.168802284236264, -86.5478078367656 39.16953346759925, -86.54652213670094 39.17014155844219, -86.54518302430803 39.17062070051786, -86.54380339597125 39.17096627942613, -86.54239653826565 39.17117496705322, -86.540976 39.171244753623185, -86.53955546173435 39.17117496705322, -86.53814860402875 39.17096627942613, -86.53676897569197 39.17062070051786, -86.53542986329906 39.17014155844219, -86.5341441632344 39.16953346759925, -86.53292425749247 39.168802284236264, -86.53178189443241 39.16795505004873, -86.53072807563498 39.16699992436502, -86.52977294995127 39.165946105567585, -86.52892571576373 39.16480374250753, -86.52819453240075 39.16358383676559, -86.5275864415578 39.16229813670094, -86.52710729948214 39.160959024308035, -86.52676172057387 39.15957939597124, -86.52655303294678 39.158172538265646, -86.52648324637681 39.156752))",17,3