Master Record Number,Date,Weekend?,Hour,Collision Type,Injury Type,Primary Factor,Reported_Location,Latitude,Longitude,Location,Number of Bars,Weather Condition,Severity,geometry,area_number,bar_location,Hour of Day,Visibility (mi)
902463462,2015-06-02,Weekday,13:00:00,2-Car,No injury/unknown,IMPROPER TURNING,N WALNUT,39.16871445,-86.53356669,"39.16871445,-86.53356669",41,Partly cloudy,1,POINT (-86.53356669 39.16871445),0.0,"POLYGON ((-86.51907393637681 39.16871445, -86.51914372294678 39.167293911734355, -86.51935241057387 39.16588705402876, -86.51969798948214 39.164507425691966, -86.5201771315578 39.16316831329906, -86.52078522240075 39.16188261323441, -86.52151640576373 39.16066270749247, -86.52236363995127 39.159520344432416, -86.52331876563498 39.15846652563498, -86.52437258443241 39.15751139995127, -86.52551494749247 39.156664165763736, -86.5267348532344 39.15593298240075, -86.52802055329906 39.15532489155781, -86.52935966569197 39.15484574948214, -86.53073929402875 39.15450017057387, -86.53214615173435 39.15429148294678, -86.53356669 39.154221696376815, -86.53498722826565 39.15429148294678, -86.53639408597125 39.15450017057387, -86.53777371430803 39.15484574948214, -86.53911282670094 39.15532489155781, -86.5403985267656 39.15593298240075, -86.54161843250753 39.156664165763736, -86.54276079556759 39.15751139995127, -86.54381461436502 39.15846652563498, -86.54476974004874 39.159520344432416, -86.54561697423627 39.16066270749247, -86.54634815759925 39.16188261323441, -86.5469562484422 39.16316831329906, -86.54743539051786 39.164507425691966, -86.54778096942613 39.16588705402876, -86.54798965705322 39.167293911734355, -86.54805944362319 39.16871445, -86.54798965705322 39.17013498826565, -86.54778096942613 39.17154184597125, -86.54743539051786 39.17292147430804, -86.5469562484422 39.174260586700946, -86.54634815759925 39.175546286765595, -86.54561697423627 39.176766192507536, -86.54476974004874 39.17790855556759, -86.54381461436502 39.17896237436503, -86.54276079556759 39.17991750004874, -86.54161843250753 39.18076473423627, -86.5403985267656 39.18149591759926, -86.53911282670094 39.182104008442195, -86.53777371430803 39.182583150517864, -86.53639408597125 39.18292872942614, -86.53498722826565 39.183137417053224, -86.53356669 39.18320720362319, -86.53214615173435 39.183137417053224, -86.53073929402875 39.18292872942614, -86.52935966569197 39.182583150517864, -86.52802055329906 39.182104008442195, -86.5267348532344 39.18149591759926, -86.52551494749247 39.18076473423627, -86.52437258443241 39.17991750004874, -86.52331876563498 39.17896237436503, -86.52236363995127 39.17790855556759, -86.52151640576373 39.176766192507536, -86.52078522240075 39.175546286765595, -86.5201771315578 39.174260586700946, -86.51969798948214 39.17292147430804, -86.51935241057387 39.17154184597125, -86.51914372294678 39.17013498826565, -86.51907393637681 39.16871445))",13,6
902578478,2015-12-07,Weekend,21:00:00,1-Car,No injury/unknown,DRIVER ASLEEP OR FATIGUED,3315 E LONGVIEW & KINGSTON,39.166848,-86.4928,"39.166848,-86.4928",6,Patchy rain possible,1,POINT (-86.4928 39.166848),0.0,"POLYGON ((-86.47830724637681 39.166848, -86.47837703294678 39.16542746173435, -86.47858572057388 39.16402060402876, -86.47893129948214 39.162640975691964, -86.4794104415578 39.16130186329906, -86.48001853240075 39.16001616323441, -86.48074971576374 39.15879625749247, -86.48159694995127 39.157653894432414, -86.48255207563498 39.15660007563498, -86.48360589443242 39.15564494995127, -86.48474825749247 39.154797715763735, -86.4859681632344 39.15406653240075, -86.48725386329906 39.15345844155781, -86.48859297569197 39.15297929948214, -86.48997260402875 39.15263372057387, -86.49137946173435 39.15242503294678, -86.4928 39.152355246376814, -86.49422053826565 39.15242503294678, -86.49562739597125 39.15263372057387, -86.49700702430803 39.15297929948214, -86.49834613670095 39.15345844155781, -86.4996318367656 39.15406653240075, -86.50085174250754 39.154797715763735, -86.50199410556759 39.15564494995127, -86.50304792436502 39.15660007563498, -86.50400305004874 39.157653894432414, -86.50485028423627 39.15879625749247, -86.50558146759926 39.16001616323441, -86.5061895584422 39.16130186329906, -86.50666870051786 39.162640975691964, -86.50701427942613 39.16402060402876, -86.50722296705322 39.16542746173435, -86.50729275362319 39.166848, -86.50722296705322 39.16826853826565, -86.50701427942613 39.16967539597125, -86.50666870051786 39.17105502430804, -86.5061895584422 39.172394136700945, -86.50558146759926 39.173679836765594, -86.50485028423627 39.174899742507534, -86.50400305004874 39.17604210556759, -86.50304792436502 39.17709592436503, -86.50199410556759 39.17805105004874, -86.50085174250754 39.17889828423627, -86.4996318367656 39.179629467599256, -86.49834613670095 39.180237558442194, -86.49700702430803 39.18071670051786, -86.49562739597125 39.181062279426136, -86.49422053826565 39.18127096705322, -86.4928 39.18134075362319, -86.49137946173435 39.18127096705322, -86.48997260402875 39.181062279426136, -86.48859297569197 39.18071670051786, -86.48725386329906 39.180237558442194, -86.4859681632344 39.179629467599256, -86.48474825749247 39.17889828423627, -86.48360589443242 39.17805105004874, -86.48255207563498 39.17709592436503, -86.48159694995127 39.17604210556759, -86.48074971576374 39.174899742507534, -86.48001853240075 39.173679836765594, -86.4794104415578 39.172394136700945, -86.47893129948214 39.17105502430804, -86.47858572057388 39.16967539597125, -86.47837703294678 39.16826853826565, -86.47830724637681 39.166848))",21,1
902540528,2015-10-06,Weekend,21:00:00,2-Car,No injury/unknown,FOLLOWING TOO CLOSELY,2ND & WALKER,39.16142978,-86.54614023,"39.16142978,-86.54614023",36,Clear,1,POINT (-86.54614023 39.16142978),0.0,"POLYGON ((-86.53164747637682 39.16142978, -86.53171726294678 39.16000924173435, -86.53192595057388 39.158602384028754, -86.53227152948214 39.15722275569196, -86.5327506715578 39.155883643299056, -86.53335876240075 39.15459794323441, -86.53408994576374 39.153378037492466, -86.53493717995127 39.15223567443241, -86.53589230563499 39.151181855634974, -86.53694612443242 39.150226729951264, -86.53808848749247 39.14937949576373, -86.5393083932344 39.148648312400745, -86.54059409329906 39.14804022155781, -86.54193320569198 39.14756107948214, -86.54331283402875 39.147215500573864, -86.54471969173436 39.14700681294678, -86.54614023 39.14693702637681, -86.54756076826565 39.14700681294678, -86.54896762597126 39.147215500573864, -86.55034725430804 39.14756107948214, -86.55168636670095 39.14804022155781, -86.5529720667656 39.148648312400745, -86.55419197250754 39.14937949576373, -86.5553343355676 39.150226729951264, -86.55638815436502 39.151181855634974, -86.55734328004874 39.15223567443241, -86.55819051423627 39.153378037492466, -86.55892169759926 39.15459794323441, -86.5595297884422 39.155883643299056, -86.56000893051787 39.15722275569196, -86.56035450942613 39.158602384028754, -86.56056319705323 39.16000924173435, -86.5606329836232 39.16142978, -86.56056319705323 39.16285031826565, -86.56035450942613 39.164257175971244, -86.56000893051787 39.165636804308036, -86.5595297884422 39.16697591670094, -86.55892169759926 39.16826161676559, -86.55819051423627 39.16948152250753, -86.55734328004874 39.170623885567586, -86.55638815436502 39.171677704365024, -86.5553343355676 39.172632830048734, -86.55419197250754 39.173480064236266, -86.5529720667656 39.17421124759925, -86.55168636670095 39.17481933844219, -86.55034725430804 39.17529848051786, -86.54896762597126 39.17564405942613, -86.54756076826565 39.17585274705322, -86.54614023 39.175922533623186, -86.54471969173436 39.17585274705322, -86.54331283402875 39.17564405942613, -86.54193320569198 39.17529848051786, -86.54059409329906 39.17481933844219, -86.5393083932344 39.17421124759925, -86.53808848749247 39.173480064236266, -86.53694612443242 39.172632830048734, -86.53589230563499 39.171677704365024, -86.53493717995127 39.170623885567586, -86.53408994576374 39.16948152250753, -86.53335876240075 39.16826161676559, -86.5327506715578 39.16697591670094, -86.53227152948214 39.165636804308036, -86.53192595057388 39.164257175971244, -86.53171726294678 39.16285031826565, -86.53164747637682 39.16142978))",21,6
902417101,2015-03-01,Weekend,14:00:00,2-Car,No injury/unknown,FOLLOWING TOO CLOSELY,2ND & PATTERSON,39.16074984,-86.54850997,"39.16074984,-86.54850997",33,Patchy moderate snow,1,POINT (-86.54850997 39.16074984),0.0,"POLYGON ((-86.53401721637681 39.16074984, -86.53408700294678 39.15932930173435, -86.53429569057387 39.157922444028756, -86.53464126948214 39.156542815691964, -86.5351204115578 39.15520370329906, -86.53572850240074 39.15391800323441, -86.53645968576373 39.15269809749247, -86.53730691995126 39.151555734432414, -86.53826204563498 39.150501915634976, -86.53931586443241 39.149546789951266, -86.54045822749246 39.148699555763734, -86.5416781332344 39.14796837240075, -86.54296383329905 39.14736028155781, -86.54430294569197 39.14688113948214, -86.54568257402875 39.14653556057387, -86.54708943173435 39.14632687294678, -86.54850997 39.146257086376814, -86.54993050826565 39.14632687294678, -86.55133736597125 39.14653556057387, -86.55271699430803 39.14688113948214, -86.55405610670094 39.14736028155781, -86.5553418067656 39.14796837240075, -86.55656171250753 39.148699555763734, -86.55770407556759 39.149546789951266, -86.55875789436502 39.150501915634976, -86.55971302004873 39.151555734432414, -86.56056025423626 39.15269809749247, -86.56129143759925 39.15391800323441, -86.5618995284422 39.15520370329906, -86.56237867051786 39.156542815691964, -86.56272424942613 39.157922444028756, -86.56293293705322 39.15932930173435, -86.56300272362319 39.16074984, -86.56293293705322 39.16217037826565, -86.56272424942613 39.163577235971246, -86.56237867051786 39.16495686430804, -86.5618995284422 39.166295976700944, -86.56129143759925 39.16758167676559, -86.56056025423626 39.168801582507534, -86.55971302004873 39.16994394556759, -86.55875789436502 39.170997764365026, -86.55770407556759 39.171952890048736, -86.55656171250753 39.17280012423627, -86.5553418067656 39.173531307599255, -86.55405610670094 39.17413939844219, -86.55271699430803 39.17461854051786, -86.55133736597125 39.174964119426136, -86.54993050826565 39.17517280705322, -86.54850997 39.17524259362319, -86.54708943173435 39.17517280705322, -86.54568257402875 39.174964119426136, -86.54430294569197 39.17461854051786, -86.54296383329905 39.17413939844219, -86.5416781332344 39.173531307599255, -86.54045822749246 39.17280012423627, -86.53931586443241 39.171952890048736, -86.53826204563498 39.170997764365026, -86.53730691995126 39.16994394556759, -86.53645968576373 39.168801582507534, -86.53572850240074 39.16758167676559, -86.5351204115578 39.166295976700944, -86.53464126948214 39.16495686430804, -86.53429569057387 39.163577235971246, -86.53408700294678 39.16217037826565, -86.53401721637681 39.16074984))",14,1
902445988,2015-05-06,Weekend,19:00:00,2-Car,No injury/unknown,UNSAFE BACKING,E 3RD,39.164272,-86.50177208,"39.164272,-86.50177208",6,Clear,1,POINT (-86.50177208 39.164272),0.0,"POLYGON ((-86.48727932637681 39.164272, -86.48734911294677 39.16285146173435, -86.48755780057387 39.16144460402875, -86.48790337948213 39.16006497569196, -86.4883825215578 39.158725863299054, -86.48899061240074 39.157440163234405, -86.48972179576373 39.156220257492464, -86.49056902995126 39.15507789443241, -86.49152415563498 39.15402407563497, -86.49257797443241 39.15306894995126, -86.49372033749246 39.15222171576373, -86.4949402432344 39.15149053240074, -86.49622594329905 39.150882441557805, -86.49756505569196 39.150403299482136, -86.49894468402874 39.15005772057386, -86.50035154173435 39.149849032946776, -86.50177208 39.14977924637681, -86.50319261826564 39.149849032946776, -86.50459947597125 39.15005772057386, -86.50597910430803 39.150403299482136, -86.50731821670094 39.150882441557805, -86.5086039167656 39.15149053240074, -86.50982382250753 39.15222171576373, -86.51096618556758 39.15306894995126, -86.51202000436501 39.15402407563497, -86.51297513004873 39.15507789443241, -86.51382236423626 39.156220257492464, -86.51455354759925 39.157440163234405, -86.5151616384422 39.158725863299054, -86.51564078051786 39.16006497569196, -86.51598635942612 39.16144460402875, -86.51619504705322 39.16285146173435, -86.51626483362318 39.164272, -86.51619504705322 39.165692538265645, -86.51598635942612 39.16709939597124, -86.51564078051786 39.168479024308034, -86.5151616384422 39.16981813670094, -86.51455354759925 39.17110383676559, -86.51382236423626 39.17232374250753, -86.51297513004873 39.173466105567584, -86.51202000436501 39.17451992436502, -86.51096618556758 39.17547505004873, -86.50982382250753 39.176322284236264, -86.5086039167656 39.17705346759925, -86.50731821670094 39.17766155844219, -86.50597910430803 39.17814070051786, -86.50459947597125 39.17848627942613, -86.50319261826564 39.17869496705322, -86.50177208 39.178764753623184, -86.50035154173435 39.17869496705322, -86.49894468402874 39.17848627942613, -86.49756505569196 39.17814070051786, -86.49622594329905 39.17766155844219, -86.4949402432344 39.17705346759925, -86.49372033749246 39.176322284236264, -86.49257797443241 39.17547505004873, -86.49152415563498 39.17451992436502, -86.49056902995126 39.173466105567584, -86.48972179576373 39.17232374250753, -86.48899061240074 39.17110383676559, -86.4883825215578 39.16981813670094, -86.48790337948213 39.168479024308034, -86.48755780057387 39.16709939597124, -86.48734911294677 39.165692538265645, -86.48727932637681 39.164272))",19,6
902470606,2015-06-06,Weekday,18:00:00,2-Car,No injury/unknown,OTHER (DRIVER) - EXPLAIN IN NARRATIVE,CURRY & GIFFORD,39.156896,-86.582704,"39.156896,-86.582704",4,Clear,1,POINT (-86.582704 39.156896),0.0,"POLYGON ((-86.56821124637682 39.156896, -86.56828103294679 39.155475461734355, -86.56848972057388 39.15406860402876, -86.56883529948215 39.152688975691966, -86.56931444155781 39.15134986329906, -86.56992253240075 39.15006416323441, -86.57065371576374 39.14884425749247, -86.57150094995127 39.147701894432416, -86.57245607563499 39.14664807563498, -86.57350989443242 39.14569294995127, -86.57465225749247 39.144845715763736, -86.57587216323441 39.14411453240075, -86.57715786329906 39.14350644155781, -86.57849697569198 39.14302729948214, -86.57987660402875 39.14268172057387, -86.58128346173436 39.14247303294678, -86.582704 39.142403246376816, -86.58412453826566 39.14247303294678, -86.58553139597126 39.14268172057387, -86.58691102430804 39.14302729948214, -86.58825013670095 39.14350644155781, -86.5895358367656 39.14411453240075, -86.59075574250754 39.144845715763736, -86.5918981055676 39.14569294995127, -86.59295192436502 39.14664807563498, -86.59390705004874 39.147701894432416, -86.59475428423627 39.14884425749247, -86.59548546759926 39.15006416323441, -86.5960935584422 39.15134986329906, -86.59657270051787 39.152688975691966, -86.59691827942613 39.15406860402876, -86.59712696705323 39.155475461734355, -86.5971967536232 39.156896, -86.59712696705323 39.15831653826565, -86.59691827942613 39.15972339597125, -86.59657270051787 39.16110302430804, -86.5960935584422 39.162442136700946, -86.59548546759926 39.163727836765595, -86.59475428423627 39.164947742507536, -86.59390705004874 39.16609010556759, -86.59295192436502 39.16714392436503, -86.5918981055676 39.16809905004874, -86.59075574250754 39.16894628423627, -86.5895358367656 39.16967746759926, -86.58825013670095 39.170285558442195, -86.58691102430804 39.170764700517864, -86.58553139597126 39.17111027942614, -86.58412453826566 39.171318967053224, -86.582704 39.17138875362319, -86.58128346173436 39.171318967053224, -86.57987660402875 39.17111027942614, -86.57849697569198 39.170764700517864, -86.57715786329906 39.170285558442195, -86.57587216323441 39.16967746759926, -86.57465225749247 39.16894628423627, -86.57350989443242 39.16809905004874, -86.57245607563499 39.16714392436503, -86.57150094995127 39.16609010556759, -86.57065371576374 39.164947742507536, -86.56992253240075 39.163727836765595, -86.56931444155781 39.162442136700946, -86.56883529948215 39.16110302430804, -86.56848972057388 39.15972339597125, -86.56828103294679 39.15831653826565, -86.56821124637682 39.156896))",18,6
902603734,2015-12-02,Weekday,07:00:00,1-Car,No injury/unknown,RAN OFF ROAD RIGHT,FAIRFAX & WALNUT STREET,39.10715819,-86.52650724,"39.10715819,-86.52650724",0,Clear,1,POINT (-86.52650724 39.10715819),0.0,,7,6
902572065,2015-11-05,Weekday,20:00:00,2-Car,No injury/unknown,LEFT OF CENTER,CHAFIN CHAPEL & RED HILL,39.31249031,-86.63475975,"39.31249031,-86.63475975",0,Overcast,1,POINT (-86.63475975 39.31249031),0.0,,20,6
902372873,2015-01-01,Weekend,11:00:00,1-Car,Non-incapacitating,ANIMAL/OBJECT IN ROADWAY,DELAP,39.250778,-86.615867,"39.250778,-86.615867",0,Clear,2,POINT (-86.615867 39.250778),0.0,,11,6
902377198,2015-01-01,Weekend,09:00:00,1-Car,Incapacitating,SPEED TOO FAST FOR WEATHER CONDITIONS,FRIENDSHIP & SR46,39.15149145,-86.40317983,"39.15149145,-86.40317983",0,Clear,2,POINT (-86.40317983 39.15149145),0.0,,9,6
902413711,2015-03-05,Weekday,20:00:00,1-Car,No injury/unknown,ANIMAL/OBJECT IN ROADWAY,WALCOTT & WOODYARD,39.20263934,-86.60293007,"39.20263934,-86.60293007",0,Overcast,1,POINT (-86.60293007 39.20263934),0.0,,20,1
902547780,2015-10-03,Weekday,16:00:00,2-Car,No injury/unknown,SPEED TOO FAST FOR WEATHER CONDITIONS,S WALNUT & W GRIMES,39.15344,-86.5336,"39.15344,-86.5336",24,Heavy rain at times,1,POINT (-86.5336 39.15344),0.0,"POLYGON ((-86.51910724637682 39.15344, -86.51917703294679 39.152019461734355, -86.51938572057388 39.15061260402876, -86.51973129948215 39.149232975691966, -86.52021044155781 39.14789386329906, -86.52081853240075 39.14660816323441, -86.52154971576374 39.14538825749247, -86.52239694995127 39.144245894432416, -86.52335207563499 39.14319207563498, -86.52440589443242 39.14223694995127, -86.52554825749247 39.14138971576374, -86.52676816323441 39.14065853240075, -86.52805386329906 39.14005044155781, -86.52939297569198 39.13957129948214, -86.53077260402875 39.13922572057387, -86.53217946173436 39.13901703294678, -86.5336 39.138947246376816, -86.53502053826566 39.13901703294678, -86.53642739597126 39.13922572057387, -86.53780702430804 39.13957129948214, -86.53914613670095 39.14005044155781, -86.5404318367656 39.14065853240075, -86.54165174250754 39.14138971576374, -86.5427941055676 39.14223694995127, -86.54384792436502 39.14319207563498, -86.54480305004874 39.144245894432416, -86.54565028423627 39.14538825749247, -86.54638146759926 39.14660816323441, -86.5469895584422 39.14789386329906, -86.54746870051787 39.149232975691966, -86.54781427942613 39.15061260402876, -86.54802296705323 39.152019461734355, -86.5480927536232 39.15344, -86.54802296705323 39.15486053826565, -86.54781427942613 39.15626739597125, -86.54746870051787 39.15764702430804, -86.5469895584422 39.158986136700946, -86.54638146759926 39.160271836765595, -86.54565028423627 39.161491742507536, -86.54480305004874 39.16263410556759, -86.54384792436502 39.16368792436503, -86.5427941055676 39.16464305004874, -86.54165174250754 39.16549028423627, -86.5404318367656 39.16622146759926, -86.53914613670095 39.166829558442195, -86.53780702430804 39.167308700517864, -86.53642739597126 39.16765427942614, -86.53502053826566 39.167862967053225, -86.5336 39.16793275362319, -86.53217946173436 39.167862967053225, -86.53077260402875 39.16765427942614, -86.52939297569198 39.167308700517864, -86.52805386329906 39.166829558442195, -86.52676816323441 39.16622146759926, -86.52554825749247 39.16549028423627, -86.52440589443242 39.16464305004874, -86.52335207563499 39.16368792436503, -86.52239694995127 39.16263410556759, -86.52154971576374 39.161491742507536, -86.52081853240075 39.160271836765595, -86.52021044155781 39.158986136700946, -86.51973129948215 39.15764702430804, -86.51938572057388 39.15626739597125, -86.51917703294679 39.15486053826565, -86.51910724637682 39.15344))",16,4
902413088,2015-03-06,Weekday,16:00:00,1-Car,No injury/unknown,UNSAFE BACKING,EAST 3RD,39.16464,-86.5324,"39.16464,-86.5324",43,Clear,1,POINT (-86.5324 39.16464),0.0,"POLYGON ((-86.51790724637681 39.16464, -86.51797703294677 39.16321946173435, -86.51818572057387 39.16181260402875, -86.51853129948213 39.16043297569196, -86.5190104415578 39.159093863299056, -86.51961853240074 39.15780816323441, -86.52034971576373 39.156588257492466, -86.52119694995126 39.15544589443241, -86.52215207563498 39.15439207563497, -86.52320589443241 39.153436949951264, -86.52434825749246 39.15258971576373, -86.5255681632344 39.151858532400745, -86.52685386329905 39.151250441557806, -86.52819297569197 39.15077129948214, -86.52957260402874 39.150425720573864, -86.53097946173435 39.15021703294678, -86.5324 39.15014724637681, -86.53382053826564 39.15021703294678, -86.53522739597125 39.150425720573864, -86.53660702430803 39.15077129948214, -86.53794613670094 39.151250441557806, -86.5392318367656 39.151858532400745, -86.54045174250753 39.15258971576373, -86.54159410556758 39.153436949951264, -86.54264792436501 39.15439207563497, -86.54360305004873 39.15544589443241, -86.54445028423626 39.156588257492466, -86.54518146759925 39.15780816323441, -86.5457895584422 39.159093863299056, -86.54626870051786 39.16043297569196, -86.54661427942612 39.16181260402875, -86.54682296705322 39.16321946173435, -86.54689275362318 39.16464, -86.54682296705322 39.16606053826565, -86.54661427942612 39.167467395971244, -86.54626870051786 39.168847024308036, -86.5457895584422 39.17018613670094, -86.54518146759925 39.17147183676559, -86.54445028423626 39.17269174250753, -86.54360305004873 39.173834105567586, -86.54264792436501 39.174887924365024, -86.54159410556758 39.175843050048734, -86.54045174250753 39.176690284236265, -86.5392318367656 39.17742146759925, -86.53794613670094 39.17802955844219, -86.53660702430803 39.17850870051786, -86.53522739597125 39.17885427942613, -86.53382053826564 39.17906296705322, -86.5324 39.179132753623186, -86.53097946173435 39.17906296705322, -86.52957260402874 39.17885427942613, -86.52819297569197 39.17850870051786, -86.52685386329905 39.17802955844219, -86.5255681632344 39.17742146759925, -86.52434825749246 39.176690284236265, -86.52320589443241 39.175843050048734, -86.52215207563498 39.174887924365024, -86.52119694995126 39.173834105567586, -86.52034971576373 39.17269174250753, -86.51961853240074 39.17147183676559, -86.5190104415578 39.17018613670094, -86.51853129948213 39.168847024308036, -86.51818572057387 39.167467395971244, -86.51797703294677 39.16606053826565, -86.51790724637681 39.16464))",16,0
902420166,2015-03-06,Weekday,15:00:00,2-Car,No injury/unknown,FOLLOWING TOO CLOSELY,RANGE & SR46S,39.17522812,-86.49550628,"39.17522812,-86.49550628",5,Clear,1,POINT (-86.49550628 39.17522812),0.0,"POLYGON ((-86.48101352637681 39.17522812, -86.48108331294678 39.17380758173435, -86.48129200057387 39.172400724028755, -86.48163757948214 39.17102109569196, -86.4821167215578 39.16968198329906, -86.48272481240075 39.16839628323441, -86.48345599576373 39.16717637749247, -86.48430322995127 39.16603401443241, -86.48525835563498 39.164980195634975, -86.48631217443241 39.164025069951265, -86.48745453749247 39.16317783576373, -86.4886744432344 39.162446652400746, -86.48996014329906 39.16183856155781, -86.49129925569197 39.16135941948214, -86.49267888402875 39.161013840573865, -86.49408574173435 39.16080515294678, -86.49550628 39.16073536637681, -86.49692681826565 39.16080515294678, -86.49833367597125 39.161013840573865, -86.49971330430803 39.16135941948214, -86.50105241670094 39.16183856155781, -86.5023381167656 39.162446652400746, -86.50355802250753 39.16317783576373, -86.50470038556759 39.164025069951265, -86.50575420436502 39.164980195634975, -86.50670933004874 39.16603401443241, -86.50755656423627 39.16717637749247, -86.50828774759925 39.16839628323441, -86.5088958384422 39.16968198329906, -86.50937498051786 39.17102109569196, -86.50972055942613 39.172400724028755, -86.50992924705322 39.17380758173435, -86.50999903362319 39.17522812, -86.50992924705322 39.17664865826565, -86.50972055942613 39.178055515971245, -86.50937498051786 39.17943514430804, -86.5088958384422 39.18077425670094, -86.50828774759925 39.18205995676559, -86.50755656423627 39.18327986250753, -86.50670933004874 39.18442222556759, -86.50575420436502 39.185476044365025, -86.50470038556759 39.186431170048735, -86.50355802250753 39.18727840423627, -86.5023381167656 39.188009587599254, -86.50105241670094 39.18861767844219, -86.49971330430803 39.18909682051786, -86.49833367597125 39.189442399426135, -86.49692681826565 39.18965108705322, -86.49550628 39.18972087362319, -86.49408574173435 39.18965108705322, -86.49267888402875 39.189442399426135, -86.49129925569197 39.18909682051786, -86.48996014329906 39.18861767844219, -86.4886744432344 39.188009587599254, -86.48745453749247 39.18727840423627, -86.48631217443241 39.186431170048735, -86.48525835563498 39.185476044365025, -86.48430322995127 39.18442222556759, -86.48345599576373 39.18327986250753, -86.48272481240075 39.18205995676559, -86.4821167215578 39.18077425670094, -86.48163757948214 39.17943514430804, -86.48129200057387 39.178055515971245, -86.48108331294678 39.17664865826565, -86.48101352637681 39.17522812))",15,0
902538414,2015-10-02,Weekday,15:00:00,2-Car,No injury/unknown,FAILURE TO YIELD RIGHT OF WAY,S STRAIN RIDGE,39.07112,-86.507008,"39.07112,-86.507008",0,Clear,1,POINT (-86.507008 39.07112),0.0,,15,6
902417363,2015-03-02,Weekday,07:00:00,2-Car,Non-incapacitating,FAILURE TO YIELD RIGHT OF WAY,S LEONARD SPRINGS & W LEONARD SPRINGS,39.126976,-86.582464,"39.126976,-86.582464",0,Partly cloudy,2,POINT (-86.582464 39.126976),0.0,,7,6
902422365,2015-03-03,Weekday,21:00:00,2-Car,Incapacitating,LEFT OF CENTER,SR37 & VICTOR,39.10328611,-86.54911173,"39.10328611,-86.54911173",0,Cloudy,2,POINT (-86.54911173 39.10328611),0.0,,21,6
902513424,2015-09-03,Weekday,10:00:00,2-Car,No injury/unknown,OTHER (DRIVER) - EXPLAIN IN NARRATIVE,6TH & GRANT,39.16743734,-86.529696,"39.16743734,-86.529696",42,Clear,1,POINT (-86.529696 39.16743734),0.0,"POLYGON ((-86.51520324637681 39.16743734, -86.51527303294678 39.16601680173435, -86.51548172057387 39.164609944028754, -86.51582729948214 39.16323031569196, -86.5163064415578 39.16189120329906, -86.51691453240075 39.16060550323441, -86.51764571576373 39.15938559749247, -86.51849294995127 39.15824323443241, -86.51944807563498 39.157189415634974, -86.52050189443241 39.156234289951264, -86.52164425749247 39.15538705576373, -86.5228641632344 39.154655872400745, -86.52414986329906 39.15404778155781, -86.52548897569197 39.15356863948214, -86.52686860402875 39.153223060573865, -86.52827546173435 39.15301437294678, -86.529696 39.15294458637681, -86.53111653826565 39.15301437294678, -86.53252339597125 39.153223060573865, -86.53390302430803 39.15356863948214, -86.53524213670094 39.15404778155781, -86.5365278367656 39.154655872400745, -86.53774774250753 39.15538705576373, -86.53889010556759 39.156234289951264, -86.53994392436502 39.157189415634974, -86.54089905004874 39.15824323443241, -86.54174628423627 39.15938559749247, -86.54247746759926 39.16060550323441, -86.5430855584422 39.16189120329906, -86.54356470051786 39.16323031569196, -86.54391027942613 39.164609944028754, -86.54411896705322 39.16601680173435, -86.54418875362319 39.16743734, -86.54411896705322 39.16885787826565, -86.54391027942613 39.170264735971244, -86.54356470051786 39.17164436430804, -86.5430855584422 39.17298347670094, -86.54247746759926 39.17426917676559, -86.54174628423627 39.17548908250753, -86.54089905004874 39.17663144556759, -86.53994392436502 39.177685264365024, -86.53889010556759 39.178640390048734, -86.53774774250753 39.179487624236266, -86.5365278367656 39.18021880759925, -86.53524213670094 39.18082689844219, -86.53390302430803 39.18130604051786, -86.53252339597125 39.181651619426134, -86.53111653826565 39.18186030705322, -86.529696 39.18193009362319, -86.52827546173435 39.18186030705322, -86.52686860402875 39.181651619426134, -86.52548897569197 39.18130604051786, -86.52414986329906 39.18082689844219, -86.5228641632344 39.18021880759925, -86.52164425749247 39.179487624236266, -86.52050189443241 39.178640390048734, -86.51944807563498 39.177685264365024, -86.51849294995127 39.17663144556759, -86.51764571576373 39.17548908250753, -86.51691453240075 39.17426917676559, -86.5163064415578 39.17298347670094, -86.51582729948214 39.17164436430804, -86.51548172057387 39.170264735971244, -86.51527303294678 39.16885787826565, -86.51520324637681 39.16743734))",10,6