Master Record Number,Date,Weekend?,Hour,Collision Type,Injury Type,Primary Factor,Reported_Location,Latitude,Longitude,Location,Number of Bars,Weather Condition,Severity,geometry,area_number,bar_location,Hour of Day,Visibility (mi)
902552395,2015-11-02,Weekday,18:00:00,2-Car,No injury/unknown,IMPROPER LANE USAGE,EAST HIGH & EAST MOORES,39.15048257,-86.50844643,"39.15048257,-86.50844643",4,Clear,1,POINT (-86.50844643 39.15048257),0.0,"POLYGON ((-86.49395367637682 39.15048257, -86.49402346294679 39.14906203173435, -86.49423215057388 39.147655174028756, -86.49457772948215 39.146275545691964, -86.49505687155781 39.14493643329906, -86.49566496240075 39.14365073323441, -86.49639614576374 39.14243082749247, -86.49724337995127 39.141288464432414, -86.49819850563499 39.140234645634976, -86.49925232443242 39.139279519951266, -86.50039468749247 39.138432285763734, -86.50161459323441 39.13770110240075, -86.50290029329906 39.13709301155781, -86.50423940569198 39.13661386948214, -86.50561903402875 39.13626829057387, -86.50702589173436 39.13605960294678, -86.50844643 39.135989816376814, -86.50986696826565 39.13605960294678, -86.51127382597126 39.13626829057387, -86.51265345430804 39.13661386948214, -86.51399256670095 39.13709301155781, -86.5152782667656 39.13770110240075, -86.51649817250754 39.138432285763734, -86.5176405355676 39.139279519951266, -86.51869435436502 39.140234645634976, -86.51964948004874 39.141288464432414, -86.52049671423627 39.14243082749247, -86.52122789759926 39.14365073323441, -86.5218359884422 39.14493643329906, -86.52231513051787 39.146275545691964, -86.52266070942613 39.147655174028756, -86.52286939705323 39.14906203173435, -86.5229391836232 39.15048257, -86.52286939705323 39.15190310826565, -86.52266070942613 39.153309965971246, -86.52231513051787 39.15468959430804, -86.5218359884422 39.156028706700944, -86.52122789759926 39.15731440676559, -86.52049671423627 39.158534312507534, -86.51964948004874 39.15967667556759, -86.51869435436502 39.160730494365026, -86.5176405355676 39.161685620048736, -86.51649817250754 39.16253285423627, -86.5152782667656 39.163264037599255, -86.51399256670095 39.16387212844219, -86.51265345430804 39.16435127051786, -86.51127382597126 39.164696849426136, -86.50986696826565 39.16490553705322, -86.50844643 39.16497532362319, -86.50702589173436 39.16490553705322, -86.50561903402875 39.164696849426136, -86.50423940569198 39.16435127051786, -86.50290029329906 39.16387212844219, -86.50161459323441 39.163264037599255, -86.50039468749247 39.16253285423627, -86.49925232443242 39.161685620048736, -86.49819850563499 39.160730494365026, -86.49724337995127 39.15967667556759, -86.49639614576374 39.158534312507534, -86.49566496240075 39.15731440676559, -86.49505687155781 39.156028706700944, -86.49457772948215 39.15468959430804, -86.49423215057388 39.153309965971246, -86.49402346294679 39.15190310826565, -86.49395367637682 39.15048257))",18,6
902428732,2015-04-03,Weekday,09:00:00,2-Car,No injury/unknown,DRIVER DISTRACTED - EXPLAIN IN NARRATIVE,HICKORY & SR48,39.164832,-86.585856,"39.164832,-86.585856",4,Heavy rain at times,1,POINT (-86.585856 39.164832),0.0,"POLYGON ((-86.57136324637682 39.164832, -86.57143303294679 39.16341146173435, -86.57164172057388 39.16200460402875, -86.57198729948215 39.16062497569196, -86.57246644155781 39.159285863299054, -86.57307453240075 39.158000163234405, -86.57380571576374 39.156780257492464, -86.57465294995127 39.15563789443241, -86.57560807563499 39.15458407563497, -86.57666189443242 39.15362894995126, -86.57780425749247 39.15278171576373, -86.57902416323441 39.15205053240074, -86.58030986329906 39.151442441557805, -86.58164897569198 39.150963299482136, -86.58302860402875 39.15061772057386, -86.58443546173436 39.150409032946776, -86.585856 39.15033924637681, -86.58727653826566 39.150409032946776, -86.58868339597126 39.15061772057386, -86.59006302430804 39.150963299482136, -86.59140213670095 39.151442441557805, -86.5926878367656 39.15205053240074, -86.59390774250754 39.15278171576373, -86.5950501055676 39.15362894995126, -86.59610392436502 39.15458407563497, -86.59705905004874 39.15563789443241, -86.59790628423627 39.156780257492464, -86.59863746759926 39.158000163234405, -86.5992455584422 39.159285863299054, -86.59972470051787 39.16062497569196, -86.60007027942613 39.16200460402875, -86.60027896705323 39.16341146173435, -86.6003487536232 39.164832, -86.60027896705323 39.166252538265645, -86.60007027942613 39.16765939597124, -86.59972470051787 39.169039024308034, -86.5992455584422 39.17037813670094, -86.59863746759926 39.17166383676559, -86.59790628423627 39.17288374250753, -86.59705905004874 39.174026105567584, -86.59610392436502 39.17507992436502, -86.5950501055676 39.17603505004873, -86.59390774250754 39.176882284236264, -86.5926878367656 39.17761346759925, -86.59140213670095 39.17822155844219, -86.59006302430804 39.17870070051786, -86.58868339597126 39.17904627942613, -86.58727653826566 39.17925496705322, -86.585856 39.179324753623185, -86.58443546173436 39.17925496705322, -86.58302860402875 39.17904627942613, -86.58164897569198 39.17870070051786, -86.58030986329906 39.17822155844219, -86.57902416323441 39.17761346759925, -86.57780425749247 39.176882284236264, -86.57666189443242 39.17603505004873, -86.57560807563499 39.17507992436502, -86.57465294995127 39.174026105567584, -86.57380571576374 39.17288374250753, -86.57307453240075 39.17166383676559, -86.57246644155781 39.17037813670094, -86.57198729948215 39.169039024308034, -86.57164172057388 39.16765939597124, -86.57143303294679 39.166252538265645, -86.57136324637682 39.164832))",9,4
902451275,2015-05-03,Weekday,09:00:00,2-Car,Non-incapacitating,DISREGARD SIGNAL/REG SIGN,CURRY & SR 45,39.142048,-86.582592,"39.142048,-86.582592",1,Clear,2,POINT (-86.582592 39.142048),0.0,"POLYGON ((-86.56809924637682 39.142048, -86.56816903294678 39.140627461734354, -86.56837772057388 39.13922060402876, -86.56872329948214 39.137840975691965, -86.5692024415578 39.13650186329906, -86.56981053240075 39.13521616323441, -86.57054171576374 39.13399625749247, -86.57138894995127 39.132853894432415, -86.57234407563499 39.13180007563498, -86.57339789443242 39.13084494995127, -86.57454025749247 39.129997715763736, -86.5757601632344 39.12926653240075, -86.57704586329906 39.12865844155781, -86.57838497569198 39.12817929948214, -86.57976460402875 39.12783372057387, -86.58117146173436 39.12762503294678, -86.582592 39.127555246376815, -86.58401253826565 39.12762503294678, -86.58541939597126 39.12783372057387, -86.58679902430804 39.12817929948214, -86.58813813670095 39.12865844155781, -86.5894238367656 39.12926653240075, -86.59064374250754 39.129997715763736, -86.59178610556759 39.13084494995127, -86.59283992436502 39.13180007563498, -86.59379505004874 39.132853894432415, -86.59464228423627 39.13399625749247, -86.59537346759926 39.13521616323441, -86.5959815584422 39.13650186329906, -86.59646070051787 39.137840975691965, -86.59680627942613 39.13922060402876, -86.59701496705323 39.140627461734354, -86.5970847536232 39.142048, -86.59701496705323 39.14346853826565, -86.59680627942613 39.14487539597125, -86.59646070051787 39.14625502430804, -86.5959815584422 39.147594136700945, -86.59537346759926 39.148879836765595, -86.59464228423627 39.150099742507535, -86.59379505004874 39.15124210556759, -86.59283992436502 39.15229592436503, -86.59178610556759 39.15325105004874, -86.59064374250754 39.15409828423627, -86.5894238367656 39.15482946759926, -86.58813813670095 39.155437558442195, -86.58679902430804 39.155916700517864, -86.58541939597126 39.15626227942614, -86.58401253826565 39.156470967053224, -86.582592 39.15654075362319, -86.58117146173436 39.156470967053224, -86.57976460402875 39.15626227942614, -86.57838497569198 39.155916700517864, -86.57704586329906 39.155437558442195, -86.5757601632344 39.15482946759926, -86.57454025749247 39.15409828423627, -86.57339789443242 39.15325105004874, -86.57234407563499 39.15229592436503, -86.57138894995127 39.15124210556759, -86.57054171576374 39.150099742507535, -86.56981053240075 39.148879836765595, -86.5692024415578 39.147594136700945, -86.56872329948214 39.14625502430804, -86.56837772057388 39.14487539597125, -86.56816903294678 39.14346853826565, -86.56809924637682 39.142048))",9,6
902480018,2015-07-03,Weekday,00:00:00,1-Car,No injury/unknown,SPEED TOO FAST FOR WEATHER CONDITIONS,4625 W GIFFORD & S ENDWRIGHT,39.151344,-86.5964,"39.151344,-86.5964",1,Moderate or heavy rain shower,1,POINT (-86.5964 39.151344),0.0,"POLYGON ((-86.58190724637682 39.151344, -86.58197703294678 39.14992346173435, -86.58218572057388 39.14851660402876, -86.58253129948214 39.147136975691964, -86.5830104415578 39.14579786329906, -86.58361853240075 39.14451216323441, -86.58434971576374 39.14329225749247, -86.58519694995127 39.142149894432414, -86.58615207563498 39.14109607563498, -86.58720589443242 39.14014094995127, -86.58834825749247 39.139293715763735, -86.5895681632344 39.13856253240075, -86.59085386329906 39.13795444155781, -86.59219297569197 39.13747529948214, -86.59357260402875 39.13712972057387, -86.59497946173435 39.13692103294678, -86.5964 39.136851246376814, -86.59782053826565 39.13692103294678, -86.59922739597125 39.13712972057387, -86.60060702430803 39.13747529948214, -86.60194613670095 39.13795444155781, -86.6032318367656 39.13856253240075, -86.60445174250754 39.139293715763735, -86.60559410556759 39.14014094995127, -86.60664792436502 39.14109607563498, -86.60760305004874 39.142149894432414, -86.60845028423627 39.14329225749247, -86.60918146759926 39.14451216323441, -86.6097895584422 39.14579786329906, -86.61026870051786 39.147136975691964, -86.61061427942613 39.14851660402876, -86.61082296705322 39.14992346173435, -86.61089275362319 39.151344, -86.61082296705322 39.15276453826565, -86.61061427942613 39.15417139597125, -86.61026870051786 39.15555102430804, -86.6097895584422 39.156890136700945, -86.60918146759926 39.158175836765594, -86.60845028423627 39.159395742507535, -86.60760305004874 39.16053810556759, -86.60664792436502 39.16159192436503, -86.60559410556759 39.16254705004874, -86.60445174250754 39.16339428423627, -86.6032318367656 39.164125467599256, -86.60194613670095 39.164733558442194, -86.60060702430803 39.16521270051786, -86.59922739597125 39.165558279426136, -86.59782053826565 39.16576696705322, -86.5964 39.16583675362319, -86.59497946173435 39.16576696705322, -86.59357260402875 39.165558279426136, -86.59219297569197 39.16521270051786, -86.59085386329906 39.164733558442194, -86.5895681632344 39.164125467599256, -86.58834825749247 39.16339428423627, -86.58720589443242 39.16254705004874, -86.58615207563498 39.16159192436503, -86.58519694995127 39.16053810556759, -86.58434971576374 39.159395742507535, -86.58361853240075 39.158175836765594, -86.5830104415578 39.156890136700945, -86.58253129948214 39.15555102430804, -86.58218572057388 39.15417139597125, -86.58197703294678 39.15276453826565, -86.58190724637682 39.151344))",0,1
902379834,2015-01-07,Weekend,17:00:00,2-Car,No injury/unknown,FAILURE TO YIELD RIGHT OF WAY,7TH & WASHINGTON,39.16864,-86.5324,"39.16864,-86.5324",42,Overcast,1,POINT (-86.5324 39.16864),0.0,"POLYGON ((-86.51790724637681 39.16864, -86.51797703294677 39.167219461734355, -86.51818572057387 39.16581260402876, -86.51853129948213 39.164432975691966, -86.5190104415578 39.16309386329906, -86.51961853240074 39.16180816323441, -86.52034971576373 39.16058825749247, -86.52119694995126 39.159445894432416, -86.52215207563498 39.15839207563498, -86.52320589443241 39.15743694995127, -86.52434825749246 39.15658971576374, -86.5255681632344 39.15585853240075, -86.52685386329905 39.15525044155781, -86.52819297569197 39.15477129948214, -86.52957260402874 39.15442572057387, -86.53097946173435 39.15421703294678, -86.5324 39.154147246376816, -86.53382053826564 39.15421703294678, -86.53522739597125 39.15442572057387, -86.53660702430803 39.15477129948214, -86.53794613670094 39.15525044155781, -86.5392318367656 39.15585853240075, -86.54045174250753 39.15658971576374, -86.54159410556758 39.15743694995127, -86.54264792436501 39.15839207563498, -86.54360305004873 39.159445894432416, -86.54445028423626 39.16058825749247, -86.54518146759925 39.16180816323441, -86.5457895584422 39.16309386329906, -86.54626870051786 39.164432975691966, -86.54661427942612 39.16581260402876, -86.54682296705322 39.167219461734355, -86.54689275362318 39.16864, -86.54682296705322 39.17006053826565, -86.54661427942612 39.17146739597125, -86.54626870051786 39.17284702430804, -86.5457895584422 39.174186136700946, -86.54518146759925 39.175471836765595, -86.54445028423626 39.176691742507536, -86.54360305004873 39.17783410556759, -86.54264792436501 39.17888792436503, -86.54159410556758 39.17984305004874, -86.54045174250753 39.18069028423627, -86.5392318367656 39.18142146759926, -86.53794613670094 39.182029558442196, -86.53660702430803 39.182508700517864, -86.53522739597125 39.18285427942614, -86.53382053826564 39.183062967053225, -86.5324 39.18313275362319, -86.53097946173435 39.183062967053225, -86.52957260402874 39.18285427942614, -86.52819297569197 39.182508700517864, -86.52685386329905 39.182029558442196, -86.5255681632344 39.18142146759926, -86.52434825749246 39.18069028423627, -86.52320589443241 39.17984305004874, -86.52215207563498 39.17888792436503, -86.52119694995126 39.17783410556759, -86.52034971576373 39.176691742507536, -86.51961853240074 39.175471836765595, -86.5190104415578 39.174186136700946, -86.51853129948213 39.17284702430804, -86.51818572057387 39.17146739597125, -86.51797703294677 39.17006053826565, -86.51790724637681 39.16864))",17,6
902406010,2015-03-02,Weekday,10:00:00,2-Car,No injury/unknown,UNSAFE BACKING,S LANDMARK,39.1593799,-86.5537101,"39.1593799,-86.5537101",7,Partly cloudy,1,POINT (-86.5537101 39.1593799),0.0,"POLYGON ((-86.53921734637682 39.1593799, -86.53928713294678 39.15795936173435, -86.53949582057388 39.15655250402875, -86.53984139948214 39.15517287569196, -86.5403205415578 39.153833763299055, -86.54092863240075 39.152548063234406, -86.54165981576374 39.151328157492465, -86.54250704995127 39.15018579443241, -86.54346217563499 39.14913197563497, -86.54451599443242 39.14817684995126, -86.54565835749247 39.14732961576373, -86.5468782632344 39.146598432400744, -86.54816396329906 39.145990341557805, -86.54950307569197 39.14551119948214, -86.55088270402875 39.14516562057386, -86.55228956173436 39.144956932946776, -86.5537101 39.14488714637681, -86.55513063826565 39.144956932946776, -86.55653749597126 39.14516562057386, -86.55791712430803 39.14551119948214, -86.55925623670095 39.145990341557805, -86.5605419367656 39.146598432400744, -86.56176184250754 39.14732961576373, -86.56290420556759 39.14817684995126, -86.56395802436502 39.14913197563497, -86.56491315004874 39.15018579443241, -86.56576038423627 39.151328157492465, -86.56649156759926 39.152548063234406, -86.5670996584422 39.153833763299055, -86.56757880051786 39.15517287569196, -86.56792437942613 39.15655250402875, -86.56813306705322 39.15795936173435, -86.56820285362319 39.1593799, -86.56813306705322 39.160800438265646, -86.56792437942613 39.16220729597124, -86.56757880051786 39.163586924308035, -86.5670996584422 39.16492603670094, -86.56649156759926 39.16621173676559, -86.56576038423627 39.16743164250753, -86.56491315004874 39.168574005567585, -86.56395802436502 39.16962782436502, -86.56290420556759 39.17058295004873, -86.56176184250754 39.171430184236264, -86.5605419367656 39.17216136759925, -86.55925623670095 39.17276945844219, -86.55791712430803 39.17324860051786, -86.55653749597126 39.17359417942613, -86.55513063826565 39.17380286705322, -86.5537101 39.173872653623185, -86.55228956173436 39.17380286705322, -86.55088270402875 39.17359417942613, -86.54950307569197 39.17324860051786, -86.54816396329906 39.17276945844219, -86.5468782632344 39.17216136759925, -86.54565835749247 39.171430184236264, -86.54451599443242 39.17058295004873, -86.54346217563499 39.16962782436502, -86.54250704995127 39.168574005567585, -86.54165981576374 39.16743164250753, -86.54092863240075 39.16621173676559, -86.5403205415578 39.16492603670094, -86.53984139948214 39.163586924308035, -86.53949582057388 39.16220729597124, -86.53928713294678 39.160800438265646, -86.53921734637682 39.1593799))",10,6
902469953,2015-06-06,Weekday,00:00:00,1-Car,No injury/unknown,SPEED TOO FAST FOR WEATHER CONDITIONS,S LEONARD SPRINGS & W LIZZY,39.1987365,-86.59514017,"39.1987365,-86.59514017",0,Clear,1,POINT (-86.59514017 39.1987365),0.0,,0,6
902560116,2015-11-04,Weekday,12:00:00,2-Car,No injury/unknown,OTHER (DRIVER) - EXPLAIN IN NARRATIVE,N JACOBS,39.1702919,-86.57196044,"39.1702919,-86.57196044",5,Clear,1,POINT (-86.57196044 39.1702919),0.0,"POLYGON ((-86.55746768637681 39.1702919, -86.55753747294678 39.168871361734354, -86.55774616057387 39.16746450402876, -86.55809173948214 39.166084875691965, -86.5585708815578 39.16474576329906, -86.55917897240074 39.16346006323441, -86.55991015576373 39.16224015749247, -86.56075738995126 39.161097794432415, -86.56171251563498 39.16004397563498, -86.56276633443241 39.15908884995127, -86.56390869749247 39.158241615763735, -86.5651286032344 39.15751043240075, -86.56641430329906 39.15690234155781, -86.56775341569197 39.15642319948214, -86.56913304402875 39.15607762057387, -86.57053990173435 39.15586893294678, -86.57196044 39.155799146376815, -86.57338097826565 39.15586893294678, -86.57478783597125 39.15607762057387, -86.57616746430803 39.15642319948214, -86.57750657670094 39.15690234155781, -86.5787922767656 39.15751043240075, -86.58001218250753 39.158241615763735, -86.58115454556759 39.15908884995127, -86.58220836436502 39.16004397563498, -86.58316349004873 39.161097794432415, -86.58401072423626 39.16224015749247, -86.58474190759925 39.16346006323441, -86.5853499984422 39.16474576329906, -86.58582914051786 39.166084875691965, -86.58617471942613 39.16746450402876, -86.58638340705322 39.168871361734354, -86.58645319362319 39.1702919, -86.58638340705322 39.17171243826565, -86.58617471942613 39.17311929597125, -86.58582914051786 39.17449892430804, -86.5853499984422 39.175838036700945, -86.58474190759925 39.177123736765594, -86.58401072423626 39.178343642507535, -86.58316349004873 39.17948600556759, -86.58220836436502 39.18053982436503, -86.58115454556759 39.18149495004874, -86.58001218250753 39.18234218423627, -86.5787922767656 39.183073367599256, -86.57750657670094 39.183681458442194, -86.57616746430803 39.18416060051786, -86.57478783597125 39.18450617942614, -86.57338097826565 39.18471486705322, -86.57196044 39.18478465362319, -86.57053990173435 39.18471486705322, -86.56913304402875 39.18450617942614, -86.56775341569197 39.18416060051786, -86.56641430329906 39.183681458442194, -86.5651286032344 39.183073367599256, -86.56390869749247 39.18234218423627, -86.56276633443241 39.18149495004874, -86.56171251563498 39.18053982436503, -86.56075738995126 39.17948600556759, -86.55991015576373 39.178343642507535, -86.55917897240074 39.177123736765594, -86.5585708815578 39.175838036700945, -86.55809173948214 39.17449892430804, -86.55774616057387 39.17311929597125, -86.55753747294678 39.17171243826565, -86.55746768637681 39.1702919))",12,6
902425721,2015-04-04,Weekday,16:00:00,2-Car,No injury/unknown,FAILURE TO YIELD RIGHT OF WAY,LONGVIEW & PETE ELLIS,39.166944,-86.495056,"39.166944,-86.495056",6,Cloudy,1,POINT (-86.495056 39.166944),0.0,"POLYGON ((-86.48056324637682 39.166944, -86.48063303294678 39.16552346173435, -86.48084172057388 39.164116604028756, -86.48118729948214 39.16273697569196, -86.4816664415578 39.16139786329906, -86.48227453240075 39.16011216323441, -86.48300571576374 39.15889225749247, -86.48385294995127 39.15774989443241, -86.48480807563499 39.156696075634976, -86.48586189443242 39.155740949951266, -86.48700425749247 39.154893715763734, -86.4882241632344 39.15416253240075, -86.48950986329906 39.15355444155781, -86.49084897569197 39.15307529948214, -86.49222860402875 39.152729720573866, -86.49363546173436 39.15252103294678, -86.495056 39.15245124637681, -86.49647653826565 39.15252103294678, -86.49788339597126 39.152729720573866, -86.49926302430804 39.15307529948214, -86.50060213670095 39.15355444155781, -86.5018878367656 39.15416253240075, -86.50310774250754 39.154893715763734, -86.50425010556759 39.155740949951266, -86.50530392436502 39.156696075634976, -86.50625905004874 39.15774989443241, -86.50710628423627 39.15889225749247, -86.50783746759926 39.16011216323441, -86.5084455584422 39.16139786329906, -86.50892470051787 39.16273697569196, -86.50927027942613 39.164116604028756, -86.50947896705323 39.16552346173435, -86.50954875362319 39.166944, -86.50947896705323 39.16836453826565, -86.50927027942613 39.169771395971246, -86.50892470051787 39.17115102430804, -86.5084455584422 39.172490136700944, -86.50783746759926 39.17377583676559, -86.50710628423627 39.174995742507534, -86.50625905004874 39.17613810556759, -86.50530392436502 39.177191924365026, -86.50425010556759 39.178147050048736, -86.50310774250754 39.17899428423627, -86.5018878367656 39.179725467599255, -86.50060213670095 39.18033355844219, -86.49926302430804 39.18081270051786, -86.49788339597126 39.181158279426135, -86.49647653826565 39.18136696705322, -86.495056 39.18143675362319, -86.49363546173436 39.18136696705322, -86.49222860402875 39.181158279426135, -86.49084897569197 39.18081270051786, -86.48950986329906 39.18033355844219, -86.4882241632344 39.179725467599255, -86.48700425749247 39.17899428423627, -86.48586189443242 39.178147050048736, -86.48480807563499 39.177191924365026, -86.48385294995127 39.17613810556759, -86.48300571576374 39.174995742507534, -86.48227453240075 39.17377583676559, -86.4816664415578 39.172490136700944, -86.48118729948214 39.17115102430804, -86.48084172057388 39.169771395971246, -86.48063303294678 39.16836453826565, -86.48056324637682 39.166944))",16,6
902446533,2015-05-01,Weekend,07:00:00,1-Car,No injury/unknown,ANIMAL/OBJECT IN ROADWAY,SR37N & TAPP,39.14390618,-86.57297357,"39.14390618,-86.57297357",1,Clear,1,POINT (-86.57297357 39.14390618),0.0,"POLYGON ((-86.55848081637681 39.14390618, -86.55855060294678 39.14248564173435, -86.55875929057387 39.14107878402876, -86.55910486948214 39.139699155691964, -86.5595840115578 39.13836004329906, -86.56019210240075 39.13707434323441, -86.56092328576374 39.13585443749247, -86.56177051995127 39.134712074432414, -86.56272564563498 39.13365825563498, -86.56377946443241 39.13270312995127, -86.56492182749247 39.131855895763735, -86.5661417332344 39.13112471240075, -86.56742743329906 39.13051662155781, -86.56876654569197 39.13003747948214, -86.57014617402875 39.12969190057387, -86.57155303173435 39.12948321294678, -86.57297357 39.129413426376814, -86.57439410826565 39.12948321294678, -86.57580096597125 39.12969190057387, -86.57718059430803 39.13003747948214, -86.57851970670094 39.13051662155781, -86.5798054067656 39.13112471240075, -86.58102531250753 39.131855895763735, -86.58216767556759 39.13270312995127, -86.58322149436502 39.13365825563498, -86.58417662004874 39.134712074432414, -86.58502385423627 39.13585443749247, -86.58575503759926 39.13707434323441, -86.5863631284422 39.13836004329906, -86.58684227051786 39.139699155691964, -86.58718784942613 39.14107878402876, -86.58739653705322 39.14248564173435, -86.58746632362319 39.14390618, -86.58739653705322 39.14532671826565, -86.58718784942613 39.14673357597125, -86.58684227051786 39.14811320430804, -86.5863631284422 39.149452316700945, -86.58575503759926 39.150738016765594, -86.58502385423627 39.151957922507535, -86.58417662004874 39.15310028556759, -86.58322149436502 39.15415410436503, -86.58216767556759 39.15510923004874, -86.58102531250753 39.15595646423627, -86.5798054067656 39.156687647599256, -86.57851970670094 39.157295738442194, -86.57718059430803 39.15777488051786, -86.57580096597125 39.15812045942614, -86.57439410826565 39.15832914705322, -86.57297357 39.15839893362319, -86.57155303173435 39.15832914705322, -86.57014617402875 39.15812045942614, -86.56876654569197 39.15777488051786, -86.56742743329906 39.157295738442194, -86.5661417332344 39.156687647599256, -86.56492182749247 39.15595646423627, -86.56377946443241 39.15510923004874, -86.56272564563498 39.15415410436503, -86.56177051995127 39.15310028556759, -86.56092328576374 39.151957922507535, -86.56019210240075 39.150738016765594, -86.5595840115578 39.149452316700945, -86.55910486948214 39.14811320430804, -86.55875929057387 39.14673357597125, -86.55855060294678 39.14532671826565, -86.55848081637681 39.14390618))",7,6
902552020,2015-11-02,Weekday,12:00:00,2-Car,No injury/unknown,FAILURE TO YIELD RIGHT OF WAY,3RD & SWAIN,39.16425012,-86.51525996,"39.16425012,-86.51525996",12,Clear,1,POINT (-86.51525996 39.16425012),0.0,"POLYGON ((-86.5007672063768 39.16425012, -86.50083699294677 39.16282958173435, -86.50104568057387 39.16142272402875, -86.50139125948213 39.16004309569196, -86.5018704015578 39.158703983299056, -86.50247849240074 39.157418283234406, -86.50320967576373 39.156198377492466, -86.50405690995126 39.15505601443241, -86.50501203563498 39.15400219563497, -86.5060658544324 39.15304706995126, -86.50720821749246 39.15219983576373, -86.5084281232344 39.151468652400744, -86.50971382329905 39.150860561557806, -86.51105293569196 39.15038141948214, -86.51243256402874 39.150035840573864, -86.51383942173435 39.14982715294678, -86.51525996 39.14975736637681, -86.51668049826564 39.14982715294678, -86.51808735597125 39.150035840573864, -86.51946698430802 39.15038141948214, -86.52080609670094 39.150860561557806, -86.5220917967656 39.151468652400744, -86.52331170250753 39.15219983576373, -86.52445406556758 39.15304706995126, -86.52550788436501 39.15400219563497, -86.52646301004873 39.15505601443241, -86.52731024423626 39.156198377492466, -86.52804142759925 39.157418283234406, -86.5286495184422 39.158703983299056, -86.52912866051786 39.16004309569196, -86.52947423942612 39.16142272402875, -86.52968292705322 39.16282958173435, -86.52975271362318 39.16425012, -86.52968292705322 39.16567065826565, -86.52947423942612 39.16707751597124, -86.52912866051786 39.168457144308036, -86.5286495184422 39.16979625670094, -86.52804142759925 39.17108195676559, -86.52731024423626 39.17230186250753, -86.52646301004873 39.173444225567586, -86.52550788436501 39.17449804436502, -86.52445406556758 39.17545317004873, -86.52331170250753 39.176300404236265, -86.5220917967656 39.17703158759925, -86.52080609670094 39.17763967844219, -86.51946698430802 39.17811882051786, -86.51808735597125 39.17846439942613, -86.51668049826564 39.17867308705322, -86.51525996 39.178742873623186, -86.51383942173435 39.17867308705322, -86.51243256402874 39.17846439942613, -86.51105293569196 39.17811882051786, -86.50971382329905 39.17763967844219, -86.5084281232344 39.17703158759925, -86.50720821749246 39.176300404236265, -86.5060658544324 39.17545317004873, -86.50501203563498 39.17449804436502, -86.50405690995126 39.173444225567586, -86.50320967576373 39.17230186250753, -86.50247849240074 39.17108195676559, -86.5018704015578 39.16979625670094, -86.50139125948213 39.168457144308036, -86.50104568057387 39.16707751597124, -86.50083699294677 39.16567065826565, -86.5007672063768 39.16425012))",12,6
902403245,2015-02-05,Weekday,18:00:00,2-Car,No injury/unknown,FOLLOWING TOO CLOSELY,SR45W,39.125312,-86.610496,"39.125312,-86.610496",0,Clear,1,POINT (-86.610496 39.125312),0.0,,18,3
902403272,2015-02-05,Weekday,20:00:00,1-Car,No injury/unknown,OTHER (DRIVER) - EXPLAIN IN NARRATIVE,S OLD SR 37,39.137088,-86.53056,"39.137088,-86.53056",1,Clear,1,POINT (-86.53056 39.137088),0.0,"POLYGON ((-86.5160672463768 39.137088, -86.51613703294677 39.13566746173435, -86.51634572057387 39.13426060402875, -86.51669129948213 39.13288097569196, -86.5171704415578 39.131541863299056, -86.51777853240074 39.13025616323441, -86.51850971576373 39.129036257492466, -86.51935694995126 39.12789389443241, -86.52031207563498 39.12684007563497, -86.5213658944324 39.12588494995126, -86.52250825749246 39.12503771576373, -86.5237281632344 39.124306532400745, -86.52501386329905 39.123698441557806, -86.52635297569196 39.12321929948214, -86.52773260402874 39.122873720573864, -86.52913946173435 39.12266503294678, -86.53056 39.12259524637681, -86.53198053826564 39.12266503294678, -86.53338739597125 39.122873720573864, -86.53476702430802 39.12321929948214, -86.53610613670094 39.123698441557806, -86.5373918367656 39.124306532400745, -86.53861174250753 39.12503771576373, -86.53975410556758 39.12588494995126, -86.54080792436501 39.12684007563497, -86.54176305004873 39.12789389443241, -86.54261028423626 39.129036257492466, -86.54334146759925 39.13025616323441, -86.5439495584422 39.131541863299056, -86.54442870051786 39.13288097569196, -86.54477427942612 39.13426060402875, -86.54498296705322 39.13566746173435, -86.54505275362318 39.137088, -86.54498296705322 39.13850853826565, -86.54477427942612 39.139915395971244, -86.54442870051786 39.141295024308036, -86.5439495584422 39.14263413670094, -86.54334146759925 39.14391983676559, -86.54261028423626 39.14513974250753, -86.54176305004873 39.146282105567586, -86.54080792436501 39.147335924365024, -86.53975410556758 39.14829105004873, -86.53861174250753 39.149138284236265, -86.5373918367656 39.14986946759925, -86.53610613670094 39.15047755844219, -86.53476702430802 39.15095670051786, -86.53338739597125 39.15130227942613, -86.53198053826564 39.15151096705322, -86.53056 39.151580753623186, -86.52913946173435 39.15151096705322, -86.52773260402874 39.15130227942613, -86.52635297569196 39.15095670051786, -86.52501386329905 39.15047755844219, -86.5237281632344 39.14986946759925, -86.52250825749246 39.149138284236265, -86.5213658944324 39.14829105004873, -86.52031207563498 39.147335924365024, -86.51935694995126 39.146282105567586, -86.51850971576373 39.14513974250753, -86.51777853240074 39.14391983676559, -86.5171704415578 39.14263413670094, -86.51669129948213 39.141295024308036, -86.51634572057387 39.139915395971244, -86.51613703294677 39.13850853826565, -86.5160672463768 39.137088))",20,3