Master Record Number,Date,Weekend?,Hour,Collision Type,Injury Type,Primary Factor,Reported_Location,Latitude,Longitude,Location,Number of Bars,Weather Condition,Severity,geometry,area_number,bar_location,Hour of Day,Visibility (mi)
902412120,2015-03-01,Weekend,00:00:00,3+ Cars,Non-incapacitating,DRIVER DISTRACTED - EXPLAIN IN NARRATIVE,SR46S & THIRD,39.16424006,-86.49827018,"39.16424006,-86.49827018",6,Patchy moderate snow,2,POINT (-86.49827018 39.16424006),0.0,"POLYGON ((-86.48377742637682 39.16424006, -86.48384721294678 39.16281952173435, -86.48405590057388 39.16141266402875, -86.48440147948214 39.16003303569196, -86.4848806215578 39.158693923299055, -86.48548871240075 39.157408223234405, -86.48621989576374 39.156188317492465, -86.48706712995127 39.15504595443241, -86.48802225563499 39.15399213563497, -86.48907607443242 39.15303700995126, -86.49021843749247 39.15218977576373, -86.4914383432344 39.15145859240074, -86.49272404329906 39.150850501557805, -86.49406315569198 39.150371359482136, -86.49544278402875 39.15002578057386, -86.49684964173436 39.149817092946776, -86.49827018 39.14974730637681, -86.49969071826565 39.149817092946776, -86.50109757597126 39.15002578057386, -86.50247720430804 39.150371359482136, -86.50381631670095 39.150850501557805, -86.5051020167656 39.15145859240074, -86.50632192250754 39.15218977576373, -86.5074642855676 39.15303700995126, -86.50851810436502 39.15399213563497, -86.50947323004874 39.15504595443241, -86.51032046423627 39.156188317492465, -86.51105164759926 39.157408223234405, -86.5116597384422 39.158693923299055, -86.51213888051787 39.16003303569196, -86.51248445942613 39.16141266402875, -86.51269314705323 39.16281952173435, -86.5127629336232 39.16424006, -86.51269314705323 39.165660598265646, -86.51248445942613 39.16706745597124, -86.51213888051787 39.168447084308035, -86.5116597384422 39.16978619670094, -86.51105164759926 39.17107189676559, -86.51032046423627 39.17229180250753, -86.50947323004874 39.173434165567585, -86.50851810436502 39.17448798436502, -86.5074642855676 39.17544311004873, -86.50632192250754 39.176290344236264, -86.5051020167656 39.17702152759925, -86.50381631670095 39.17762961844219, -86.50247720430804 39.17810876051786, -86.50109757597126 39.17845433942613, -86.49969071826565 39.17866302705322, -86.49827018 39.178732813623185, -86.49684964173436 39.17866302705322, -86.49544278402875 39.17845433942613, -86.49406315569198 39.17810876051786, -86.49272404329906 39.17762961844219, -86.4914383432344 39.17702152759925, -86.49021843749247 39.176290344236264, -86.48907607443242 39.17544311004873, -86.48802225563499 39.17448798436502, -86.48706712995127 39.173434165567585, -86.48621989576374 39.17229180250753, -86.48548871240075 39.17107189676559, -86.4848806215578 39.16978619670094, -86.48440147948214 39.168447084308035, -86.48405590057388 39.16706745597124, -86.48384721294678 39.165660598265646, -86.48377742637682 39.16424006))",0,1
902365759,2015-01-02,Weekday,07:00:00,2-Car,No injury/unknown,FAILURE TO YIELD RIGHT OF WAY,446 & SR46E,39.16692661,-86.4572165,"39.16692661,-86.4572165",0,Clear,1,POINT (-86.4572165 39.16692661),0.0,,7,6
902492510,2015-08-07,Weekend,09:00:00,2-Car,No injury/unknown,FOLLOWING TOO CLOSELY,SR37N & VERNAL,39.176544,-86.5624,"39.176544,-86.5624",3,Clear,1,POINT (-86.5624 39.176544),0.0,"POLYGON ((-86.54790724637681 39.176544, -86.54797703294678 39.17512346173435, -86.54818572057387 39.173716604028755, -86.54853129948214 39.17233697569196, -86.5490104415578 39.17099786329906, -86.54961853240074 39.16971216323441, -86.55034971576373 39.16849225749247, -86.55119694995126 39.16734989443241, -86.55215207563498 39.166296075634975, -86.55320589443241 39.165340949951265, -86.55434825749246 39.16449371576373, -86.5555681632344 39.163762532400746, -86.55685386329905 39.16315444155781, -86.55819297569197 39.16267529948214, -86.55957260402874 39.162329720573865, -86.56097946173435 39.16212103294678, -86.5624 39.16205124637681, -86.56382053826565 39.16212103294678, -86.56522739597125 39.162329720573865, -86.56660702430803 39.16267529948214, -86.56794613670094 39.16315444155781, -86.5692318367656 39.163762532400746, -86.57045174250753 39.16449371576373, -86.57159410556758 39.165340949951265, -86.57264792436501 39.166296075634975, -86.57360305004873 39.16734989443241, -86.57445028423626 39.16849225749247, -86.57518146759925 39.16971216323441, -86.5757895584422 39.17099786329906, -86.57626870051786 39.17233697569196, -86.57661427942612 39.173716604028755, -86.57682296705322 39.17512346173435, -86.57689275362318 39.176544, -86.57682296705322 39.17796453826565, -86.57661427942612 39.179371395971245, -86.57626870051786 39.18075102430804, -86.5757895584422 39.18209013670094, -86.57518146759925 39.18337583676559, -86.57445028423626 39.18459574250753, -86.57360305004873 39.18573810556759, -86.57264792436501 39.186791924365025, -86.57159410556758 39.187747050048735, -86.57045174250753 39.18859428423627, -86.5692318367656 39.189325467599254, -86.56794613670094 39.18993355844219, -86.56660702430803 39.19041270051786, -86.56522739597125 39.190758279426134, -86.56382053826565 39.19096696705322, -86.5624 39.19103675362319, -86.56097946173435 39.19096696705322, -86.55957260402874 39.190758279426134, -86.55819297569197 39.19041270051786, -86.55685386329905 39.18993355844219, -86.5555681632344 39.189325467599254, -86.55434825749246 39.18859428423627, -86.55320589443241 39.187747050048735, -86.55215207563498 39.186791924365025, -86.55119694995126 39.18573810556759, -86.55034971576373 39.18459574250753, -86.54961853240074 39.18337583676559, -86.5490104415578 39.18209013670094, -86.54853129948214 39.18075102430804, -86.54818572057387 39.179371395971245, -86.54797703294678 39.17796453826565, -86.54790724637681 39.176544))",9,6
902551297,2015-10-04,Weekday,21:00:00,1-Car,No injury/unknown,UNSAFE BACKING,W HENNESSEY,39.12535477,-86.55380249,"39.12535477,-86.55380249",0,Cloudy,1,POINT (-86.55380249 39.12535477),0.0,,21,6
902453660,2015-05-06,Weekday,15:00:00,2-Car,Incapacitating,FOLLOWING TOO CLOSELY,SR37 & W VERNAL,39.176544,-86.5624,"39.176544,-86.5624",3,Clear,2,POINT (-86.5624 39.176544),0.0,"POLYGON ((-86.54790724637681 39.176544, -86.54797703294678 39.17512346173435, -86.54818572057387 39.173716604028755, -86.54853129948214 39.17233697569196, -86.5490104415578 39.17099786329906, -86.54961853240074 39.16971216323441, -86.55034971576373 39.16849225749247, -86.55119694995126 39.16734989443241, -86.55215207563498 39.166296075634975, -86.55320589443241 39.165340949951265, -86.55434825749246 39.16449371576373, -86.5555681632344 39.163762532400746, -86.55685386329905 39.16315444155781, -86.55819297569197 39.16267529948214, -86.55957260402874 39.162329720573865, -86.56097946173435 39.16212103294678, -86.5624 39.16205124637681, -86.56382053826565 39.16212103294678, -86.56522739597125 39.162329720573865, -86.56660702430803 39.16267529948214, -86.56794613670094 39.16315444155781, -86.5692318367656 39.163762532400746, -86.57045174250753 39.16449371576373, -86.57159410556758 39.165340949951265, -86.57264792436501 39.166296075634975, -86.57360305004873 39.16734989443241, -86.57445028423626 39.16849225749247, -86.57518146759925 39.16971216323441, -86.5757895584422 39.17099786329906, -86.57626870051786 39.17233697569196, -86.57661427942612 39.173716604028755, -86.57682296705322 39.17512346173435, -86.57689275362318 39.176544, -86.57682296705322 39.17796453826565, -86.57661427942612 39.179371395971245, -86.57626870051786 39.18075102430804, -86.5757895584422 39.18209013670094, -86.57518146759925 39.18337583676559, -86.57445028423626 39.18459574250753, -86.57360305004873 39.18573810556759, -86.57264792436501 39.186791924365025, -86.57159410556758 39.187747050048735, -86.57045174250753 39.18859428423627, -86.5692318367656 39.189325467599254, -86.56794613670094 39.18993355844219, -86.56660702430803 39.19041270051786, -86.56522739597125 39.190758279426134, -86.56382053826565 39.19096696705322, -86.5624 39.19103675362319, -86.56097946173435 39.19096696705322, -86.55957260402874 39.190758279426134, -86.55819297569197 39.19041270051786, -86.55685386329905 39.18993355844219, -86.5555681632344 39.189325467599254, -86.55434825749246 39.18859428423627, -86.55320589443241 39.187747050048735, -86.55215207563498 39.186791924365025, -86.55119694995126 39.18573810556759, -86.55034971576373 39.18459574250753, -86.54961853240074 39.18337583676559, -86.5490104415578 39.18209013670094, -86.54853129948214 39.18075102430804, -86.54818572057387 39.179371395971245, -86.54797703294678 39.17796453826565, -86.54790724637681 39.176544))",15,6
902485653,2015-07-01,Weekday,19:00:00,2-Car,No injury/unknown,IMPROPER LANE USAGE,N WALNUT & W 7TH,39.16864,-86.533568,"39.16864,-86.533568",41,Clear,1,POINT (-86.533568 39.16864),0.0,"POLYGON ((-86.51907524637681 39.16864, -86.51914503294678 39.167219461734355, -86.51935372057387 39.16581260402876, -86.51969929948214 39.164432975691966, -86.5201784415578 39.16309386329906, -86.52078653240075 39.16180816323441, -86.52151771576374 39.16058825749247, -86.52236494995127 39.159445894432416, -86.52332007563498 39.15839207563498, -86.52437389443241 39.15743694995127, -86.52551625749247 39.15658971576374, -86.5267361632344 39.15585853240075, -86.52802186329906 39.15525044155781, -86.52936097569197 39.15477129948214, -86.53074060402875 39.15442572057387, -86.53214746173435 39.15421703294678, -86.533568 39.154147246376816, -86.53498853826565 39.15421703294678, -86.53639539597125 39.15442572057387, -86.53777502430803 39.15477129948214, -86.53911413670095 39.15525044155781, -86.5403998367656 39.15585853240075, -86.54161974250754 39.15658971576374, -86.54276210556759 39.15743694995127, -86.54381592436502 39.15839207563498, -86.54477105004874 39.159445894432416, -86.54561828423627 39.16058825749247, -86.54634946759926 39.16180816323441, -86.5469575584422 39.16309386329906, -86.54743670051786 39.164432975691966, -86.54778227942613 39.16581260402876, -86.54799096705322 39.167219461734355, -86.54806075362319 39.16864, -86.54799096705322 39.17006053826565, -86.54778227942613 39.17146739597125, -86.54743670051786 39.17284702430804, -86.5469575584422 39.174186136700946, -86.54634946759926 39.175471836765595, -86.54561828423627 39.176691742507536, -86.54477105004874 39.17783410556759, -86.54381592436502 39.17888792436503, -86.54276210556759 39.17984305004874, -86.54161974250754 39.18069028423627, -86.5403998367656 39.18142146759926, -86.53911413670095 39.182029558442196, -86.53777502430803 39.182508700517864, -86.53639539597125 39.18285427942614, -86.53498853826565 39.183062967053225, -86.533568 39.18313275362319, -86.53214746173435 39.183062967053225, -86.53074060402875 39.18285427942614, -86.52936097569197 39.182508700517864, -86.52802186329906 39.182029558442196, -86.5267361632344 39.18142146759926, -86.52551625749247 39.18069028423627, -86.52437389443241 39.17984305004874, -86.52332007563498 39.17888792436503, -86.52236494995127 39.17783410556759, -86.52151771576374 39.176691742507536, -86.52078653240075 39.175471836765595, -86.5201784415578 39.174186136700946, -86.51969929948214 39.17284702430804, -86.51935372057387 39.17146739597125, -86.51914503294678 39.17006053826565, -86.51907524637681 39.16864))",19,6
902540330,2015-10-06,Weekday,11:00:00,Cyclist,Non-incapacitating,FAILURE TO YIELD RIGHT OF WAY,7TH & JORDAN,39.16916292,-86.51599183,"39.16916292,-86.51599183",18,Clear,2,POINT (-86.51599183 39.16916292),0.0,"POLYGON ((-86.50149907637682 39.16916292, -86.50156886294678 39.16774238173435, -86.50177755057388 39.16633552402875, -86.50212312948214 39.16495589569196, -86.5026022715578 39.163616783299055, -86.50321036240075 39.162331083234406, -86.50394154576374 39.161111177492465, -86.50478877995127 39.15996881443241, -86.50574390563499 39.15891499563497, -86.50679772443242 39.15795986995126, -86.50794008749247 39.15711263576373, -86.5091599932344 39.156381452400744, -86.51044569329906 39.155773361557806, -86.51178480569197 39.15529421948214, -86.51316443402875 39.15494864057386, -86.51457129173436 39.15473995294678, -86.51599183 39.15467016637681, -86.51741236826565 39.15473995294678, -86.51881922597126 39.15494864057386, -86.52019885430803 39.15529421948214, -86.52153796670095 39.155773361557806, -86.5228236667656 39.156381452400744, -86.52404357250754 39.15711263576373, -86.52518593556759 39.15795986995126, -86.52623975436502 39.15891499563497, -86.52719488004874 39.15996881443241, -86.52804211423627 39.161111177492465, -86.52877329759926 39.162331083234406, -86.5293813884422 39.163616783299055, -86.52986053051787 39.16495589569196, -86.53020610942613 39.16633552402875, -86.53041479705323 39.16774238173435, -86.53048458362319 39.16916292, -86.53041479705323 39.17058345826565, -86.53020610942613 39.17199031597124, -86.52986053051787 39.173369944308035, -86.5293813884422 39.17470905670094, -86.52877329759926 39.17599475676559, -86.52804211423627 39.17721466250753, -86.52719488004874 39.178357025567585, -86.52623975436502 39.17941084436502, -86.52518593556759 39.18036597004873, -86.52404357250754 39.181213204236265, -86.5228236667656 39.18194438759925, -86.52153796670095 39.18255247844219, -86.52019885430803 39.18303162051786, -86.51881922597126 39.18337719942613, -86.51741236826565 39.18358588705322, -86.51599183 39.183655673623186, -86.51457129173436 39.18358588705322, -86.51316443402875 39.18337719942613, -86.51178480569197 39.18303162051786, -86.51044569329906 39.18255247844219, -86.5091599932344 39.18194438759925, -86.50794008749247 39.181213204236265, -86.50679772443242 39.18036597004873, -86.50574390563499 39.17941084436502, -86.50478877995127 39.178357025567585, -86.50394154576374 39.17721466250753, -86.50321036240075 39.17599475676559, -86.5026022715578 39.17470905670094, -86.50212312948214 39.173369944308035, -86.50177755057388 39.17199031597124, -86.50156886294678 39.17058345826565, -86.50149907637682 39.16916292))",11,6
902595654,2015-12-02,Weekday,09:00:00,2-Car,No injury/unknown,UNSAFE BACKING,1800 N RANGE RD & RANGE,39.184208,-86.492816,"39.184208,-86.492816",1,Clear,1,POINT (-86.492816 39.184208),0.0,"POLYGON ((-86.47832324637682 39.184208, -86.47839303294678 39.18278746173435, -86.47860172057388 39.18138060402875, -86.47894729948214 39.18000097569196, -86.4794264415578 39.178661863299055, -86.48003453240075 39.177376163234406, -86.48076571576374 39.176156257492465, -86.48161294995127 39.17501389443241, -86.48256807563499 39.17396007563497, -86.48362189443242 39.17300494995126, -86.48476425749247 39.17215771576373, -86.4859841632344 39.171426532400744, -86.48726986329906 39.170818441557806, -86.48860897569197 39.17033929948214, -86.48998860402875 39.16999372057386, -86.49139546173436 39.16978503294678, -86.492816 39.16971524637681, -86.49423653826565 39.16978503294678, -86.49564339597126 39.16999372057386, -86.49702302430804 39.17033929948214, -86.49836213670095 39.170818441557806, -86.4996478367656 39.171426532400744, -86.50086774250754 39.17215771576373, -86.50201010556759 39.17300494995126, -86.50306392436502 39.17396007563497, -86.50401905004874 39.17501389443241, -86.50486628423627 39.176156257492465, -86.50559746759926 39.177376163234406, -86.5062055584422 39.178661863299055, -86.50668470051787 39.18000097569196, -86.50703027942613 39.18138060402875, -86.50723896705323 39.18278746173435, -86.50730875362319 39.184208, -86.50723896705323 39.18562853826565, -86.50703027942613 39.18703539597124, -86.50668470051787 39.188415024308036, -86.5062055584422 39.18975413670094, -86.50559746759926 39.19103983676559, -86.50486628423627 39.19225974250753, -86.50401905004874 39.193402105567586, -86.50306392436502 39.19445592436502, -86.50201010556759 39.19541105004873, -86.50086774250754 39.196258284236265, -86.4996478367656 39.19698946759925, -86.49836213670095 39.19759755844219, -86.49702302430804 39.19807670051786, -86.49564339597126 39.19842227942613, -86.49423653826565 39.19863096705322, -86.492816 39.198700753623186, -86.49139546173436 39.19863096705322, -86.48998860402875 39.19842227942613, -86.48860897569197 39.19807670051786, -86.48726986329906 39.19759755844219, -86.4859841632344 39.19698946759925, -86.48476425749247 39.196258284236265, -86.48362189443242 39.19541105004873, -86.48256807563499 39.19445592436502, -86.48161294995127 39.193402105567586, -86.48076571576374 39.19225974250753, -86.48003453240075 39.19103983676559, -86.4794264415578 39.18975413670094, -86.47894729948214 39.188415024308036, -86.47860172057388 39.18703539597124, -86.47839303294678 39.18562853826565, -86.47832324637682 39.184208))",9,6
902519569,2015-09-03,Weekday,13:00:00,1-Car,No injury/unknown,ANIMAL/OBJECT IN ROADWAY,8500 LITTLE WOLF MOUNTAIN & MT CARMEL,39.08413996,-86.66274391,"39.08413996,-86.66274391",0,Clear,1,POINT (-86.66274391 39.08413996),0.0,,13,6
902424706,2015-04-01,Weekday,21:00:00,1-Car,No injury/unknown,ANIMAL/OBJECT IN ROADWAY,SOUTH SHORE & TUNNEL,39.25155829,-86.41900164,"39.25155829,-86.41900164",0,Clear,1,POINT (-86.41900164 39.25155829),0.0,,21,6
902579815,2015-12-06,Weekday,16:00:00,2-Car,No injury/unknown,ENGINE FAILURE OR DEFECTIVE,W SIERRA,39.15266671,-86.58359594,"39.15266671,-86.58359594",2,Clear,1,POINT (-86.58359594 39.15266671),0.0,"POLYGON ((-86.56910318637681 39.15266671, -86.56917297294677 39.15124617173435, -86.56938166057387 39.14983931402875, -86.56972723948213 39.14845968569196, -86.5702063815578 39.147120573299055, -86.57081447240074 39.145834873234406, -86.57154565576373 39.144614967492465, -86.57239288995126 39.14347260443241, -86.57334801563498 39.14241878563497, -86.57440183443241 39.14146365995126, -86.57554419749246 39.14061642576373, -86.5767641032344 39.139885242400744, -86.57804980329905 39.139277151557806, -86.57938891569196 39.13879800948214, -86.58076854402874 39.138452430573864, -86.58217540173435 39.13824374294678, -86.58359594 39.13817395637681, -86.58501647826564 39.13824374294678, -86.58642333597125 39.138452430573864, -86.58780296430803 39.13879800948214, -86.58914207670094 39.139277151557806, -86.5904277767656 39.139885242400744, -86.59164768250753 39.14061642576373, -86.59279004556758 39.14146365995126, -86.59384386436501 39.14241878563497, -86.59479899004873 39.14347260443241, -86.59564622423626 39.144614967492465, -86.59637740759925 39.145834873234406, -86.5969854984422 39.147120573299055, -86.59746464051786 39.14845968569196, -86.59781021942612 39.14983931402875, -86.59801890705322 39.15124617173435, -86.59808869362318 39.15266671, -86.59801890705322 39.15408724826565, -86.59781021942612 39.15549410597124, -86.59746464051786 39.156873734308036, -86.5969854984422 39.15821284670094, -86.59637740759925 39.15949854676559, -86.59564622423626 39.16071845250753, -86.59479899004873 39.161860815567586, -86.59384386436501 39.16291463436502, -86.59279004556758 39.16386976004873, -86.59164768250753 39.164716994236265, -86.5904277767656 39.16544817759925, -86.58914207670094 39.16605626844219, -86.58780296430803 39.16653541051786, -86.58642333597125 39.16688098942613, -86.58501647826564 39.16708967705322, -86.58359594 39.167159463623186, -86.58217540173435 39.16708967705322, -86.58076854402874 39.16688098942613, -86.57938891569196 39.16653541051786, -86.57804980329905 39.16605626844219, -86.5767641032344 39.16544817759925, -86.57554419749246 39.164716994236265, -86.57440183443241 39.16386976004873, -86.57334801563498 39.16291463436502, -86.57239288995126 39.161860815567586, -86.57154565576373 39.16071845250753, -86.57081447240074 39.15949854676559, -86.5702063815578 39.15821284670094, -86.56972723948213 39.156873734308036, -86.56938166057387 39.15549410597124, -86.56917297294677 39.15408724826565, -86.56910318637681 39.15266671))",16,6
902569840,2015-11-02,Weekday,22:00:00,1-Car,No injury/unknown,UNSAFE SPEED,BARR & MT TABOR,39.273888,-86.621456,"39.273888,-86.621456",0,Clear,1,POINT (-86.621456 39.273888),0.0,,22,6
902378525,2015-01-04,Weekday,18:00:00,1-Car,No injury/unknown,ANIMAL/OBJECT IN ROADWAY,ADAMS & ALLEN,39.155943,-86.55112098,"39.155943,-86.55112098",23,Patchy rain possible,1,POINT (-86.55112098 39.155943),0.0,"POLYGON ((-86.5366282263768 39.155943, -86.53669801294677 39.15452246173435, -86.53690670057387 39.153115604028756, -86.53725227948213 39.15173597569196, -86.5377314215578 39.15039686329906, -86.53833951240074 39.14911116323441, -86.53907069576373 39.14789125749247, -86.53991792995126 39.14674889443241, -86.54087305563498 39.145695075634976, -86.5419268744324 39.144739949951266, -86.54306923749246 39.143892715763734, -86.5442891432344 39.14316153240075, -86.54557484329905 39.14255344155781, -86.54691395569196 39.14207429948214, -86.54829358402874 39.141728720573866, -86.54970044173434 39.14152003294678, -86.55112098 39.14145024637681, -86.55254151826564 39.14152003294678, -86.55394837597125 39.141728720573866, -86.55532800430802 39.14207429948214, -86.55666711670094 39.14255344155781, -86.55795281676559 39.14316153240075, -86.55917272250753 39.143892715763734, -86.56031508556758 39.144739949951266, -86.56136890436501 39.145695075634976, -86.56232403004873 39.14674889443241, -86.56317126423626 39.14789125749247, -86.56390244759925 39.14911116323441, -86.56451053844219 39.15039686329906, -86.56498968051785 39.15173597569196, -86.56533525942612 39.153115604028756, -86.56554394705321 39.15452246173435, -86.56561373362318 39.155943, -86.56554394705321 39.15736353826565, -86.56533525942612 39.158770395971246, -86.56498968051785 39.16015002430804, -86.56451053844219 39.16148913670094, -86.56390244759925 39.16277483676559, -86.56317126423626 39.16399474250753, -86.56232403004873 39.16513710556759, -86.56136890436501 39.166190924365026, -86.56031508556758 39.167146050048736, -86.55917272250753 39.16799328423627, -86.55795281676559 39.168724467599255, -86.55666711670094 39.16933255844219, -86.55532800430802 39.16981170051786, -86.55394837597125 39.170157279426135, -86.55254151826564 39.17036596705322, -86.55112098 39.17043575362319, -86.54970044173434 39.17036596705322, -86.54829358402874 39.170157279426135, -86.54691395569196 39.16981170051786, -86.54557484329905 39.16933255844219, -86.5442891432344 39.168724467599255, -86.54306923749246 39.16799328423627, -86.5419268744324 39.167146050048736, -86.54087305563498 39.166190924365026, -86.53991792995126 39.16513710556759, -86.53907069576373 39.16399474250753, -86.53833951240074 39.16277483676559, -86.5377314215578 39.16148913670094, -86.53725227948213 39.16015002430804, -86.53690670057387 39.158770395971246, -86.53669801294677 39.15736353826565, -86.5366282263768 39.155943))",18,5
902546099,2015-10-02,Weekday,11:00:00,2-Car,No injury/unknown,UNSAFE BACKING,S LIBERTY,39.145264,-86.577616,"39.145264,-86.577616",1,Clear,1,POINT (-86.577616 39.145264),0.0,"POLYGON ((-86.56312324637682 39.145264, -86.56319303294678 39.14384346173435, -86.56340172057388 39.14243660402875, -86.56374729948215 39.14105697569196, -86.5642264415578 39.139717863299055, -86.56483453240075 39.138432163234405, -86.56556571576374 39.137212257492465, -86.56641294995127 39.13606989443241, -86.56736807563499 39.13501607563497, -86.56842189443242 39.13406094995126, -86.56956425749247 39.13321371576373, -86.5707841632344 39.13248253240074, -86.57206986329906 39.131874441557805, -86.57340897569198 39.131395299482136, -86.57478860402875 39.13104972057386, -86.57619546173436 39.130841032946776, -86.577616 39.13077124637681, -86.57903653826565 39.130841032946776, -86.58044339597126 39.13104972057386, -86.58182302430804 39.131395299482136, -86.58316213670095 39.131874441557805, -86.5844478367656 39.13248253240074, -86.58566774250754 39.13321371576373, -86.5868101055676 39.13406094995126, -86.58786392436502 39.13501607563497, -86.58881905004874 39.13606989443241, -86.58966628423627 39.137212257492465, -86.59039746759926 39.138432163234405, -86.5910055584422 39.139717863299055, -86.59148470051787 39.14105697569196, -86.59183027942613 39.14243660402875, -86.59203896705323 39.14384346173435, -86.5921087536232 39.145264, -86.59203896705323 39.146684538265646, -86.59183027942613 39.14809139597124, -86.59148470051787 39.149471024308035, -86.5910055584422 39.15081013670094, -86.59039746759926 39.15209583676559, -86.58966628423627 39.15331574250753, -86.58881905004874 39.154458105567585, -86.58786392436502 39.15551192436502, -86.5868101055676 39.15646705004873, -86.58566774250754 39.157314284236264, -86.5844478367656 39.15804546759925, -86.58316213670095 39.15865355844219, -86.58182302430804 39.15913270051786, -86.58044339597126 39.15947827942613, -86.57903653826565 39.15968696705322, -86.577616 39.159756753623185, -86.57619546173436 39.15968696705322, -86.57478860402875 39.15947827942613, -86.57340897569198 39.15913270051786, -86.57206986329906 39.15865355844219, -86.5707841632344 39.15804546759925, -86.56956425749247 39.157314284236264, -86.56842189443242 39.15646705004873, -86.56736807563499 39.15551192436502, -86.56641294995127 39.154458105567585, -86.56556571576374 39.15331574250753, -86.56483453240075 39.15209583676559, -86.5642264415578 39.15081013670094, -86.56374729948215 39.149471024308035, -86.56340172057388 39.14809139597124, -86.56319303294678 39.146684538265646, -86.56312324637682 39.145264))",11,6
902591166,2015-12-02,Weekday,19:00:00,2-Car,No injury/unknown,OTHER (DRIVER) - EXPLAIN IN NARRATIVE,SOUTH OLD STATE ROAD 37,39.120239,-86.52938,"39.120239,-86.52938",0,Clear,1,POINT (-86.52938 39.120239),0.0,,19,6
902540116,2015-09-04,Weekday,13:00:00,2-Car,No injury/unknown,UNSAFE BACKING,3RD,39.16464,-86.56905455,"39.16464,-86.56905455",6,Clear,1,POINT (-86.56905455 39.16464),0.0,"POLYGON ((-86.55456179637682 39.16464, -86.55463158294678 39.16321946173435, -86.55484027057388 39.16181260402875, -86.55518584948214 39.16043297569196, -86.5556649915578 39.159093863299056, -86.55627308240075 39.15780816323441, -86.55700426576374 39.156588257492466, -86.55785149995127 39.15544589443241, -86.55880662563499 39.15439207563497, -86.55986044443242 39.153436949951264, -86.56100280749247 39.15258971576373, -86.5622227132344 39.151858532400745, -86.56350841329906 39.151250441557806, -86.56484752569197 39.15077129948214, -86.56622715402875 39.150425720573864, -86.56763401173436 39.15021703294678, -86.56905455 39.15014724637681, -86.57047508826565 39.15021703294678, -86.57188194597126 39.150425720573864, -86.57326157430803 39.15077129948214, -86.57460068670095 39.151250441557806, -86.5758863867656 39.151858532400745, -86.57710629250754 39.15258971576373, -86.57824865556759 39.153436949951264, -86.57930247436502 39.15439207563497, -86.58025760004874 39.15544589443241, -86.58110483423627 39.156588257492466, -86.58183601759926 39.15780816323441, -86.5824441084422 39.159093863299056, -86.58292325051787 39.16043297569196, -86.58326882942613 39.16181260402875, -86.58347751705323 39.16321946173435, -86.58354730362319 39.16464, -86.58347751705323 39.16606053826565, -86.58326882942613 39.167467395971244, -86.58292325051787 39.168847024308036, -86.5824441084422 39.17018613670094, -86.58183601759926 39.17147183676559, -86.58110483423627 39.17269174250753, -86.58025760004874 39.173834105567586, -86.57930247436502 39.174887924365024, -86.57824865556759 39.175843050048734, -86.57710629250754 39.176690284236265, -86.5758863867656 39.17742146759925, -86.57460068670095 39.17802955844219, -86.57326157430803 39.17850870051786, -86.57188194597126 39.17885427942613, -86.57047508826565 39.17906296705322, -86.56905455 39.179132753623186, -86.56763401173436 39.17906296705322, -86.56622715402875 39.17885427942613, -86.56484752569197 39.17850870051786, -86.56350841329906 39.17802955844219, -86.5622227132344 39.17742146759925, -86.56100280749247 39.176690284236265, -86.55986044443242 39.175843050048734, -86.55880662563499 39.174887924365024, -86.55785149995127 39.173834105567586, -86.55700426576374 39.17269174250753, -86.55627308240075 39.17147183676559, -86.5556649915578 39.17018613670094, -86.55518584948214 39.168847024308036, -86.55484027057388 39.167467395971244, -86.55463158294678 39.16606053826565, -86.55456179637682 39.16464))",13,6
902558314,2015-11-02,Weekday,16:00:00,2-Car,Non-incapacitating,FOLLOWING TOO CLOSELY,E 10TH & S PETE ELLIS,39.171504,-86.495312,"39.171504,-86.495312",5,Clear,2,POINT (-86.495312 39.171504),0.0,"POLYGON ((-86.48081924637681 39.171504, -86.48088903294678 39.17008346173435, -86.48109772057387 39.168676604028754, -86.48144329948214 39.16729697569196, -86.4819224415578 39.165957863299056, -86.48253053240074 39.16467216323441, -86.48326171576373 39.163452257492466, -86.48410894995126 39.16230989443241, -86.48506407563498 39.161256075634974, -86.48611789443241 39.160300949951264, -86.48726025749247 39.15945371576373, -86.4884801632344 39.158722532400745, -86.48976586329906 39.15811444155781, -86.49110497569197 39.15763529948214, -86.49248460402875 39.157289720573864, -86.49389146173435 39.15708103294678, -86.495312 39.15701124637681, -86.49673253826565 39.15708103294678, -86.49813939597125 39.157289720573864, -86.49951902430803 39.15763529948214, -86.50085813670094 39.15811444155781, -86.5021438367656 39.158722532400745, -86.50336374250753 39.15945371576373, -86.50450610556759 39.160300949951264, -86.50555992436502 39.161256075634974, -86.50651505004873 39.16230989443241, -86.50736228423627 39.163452257492466, -86.50809346759925 39.16467216323441, -86.5087015584422 39.165957863299056, -86.50918070051786 39.16729697569196, -86.50952627942613 39.168676604028754, -86.50973496705322 39.17008346173435, -86.50980475362319 39.171504, -86.50973496705322 39.17292453826565, -86.50952627942613 39.174331395971244, -86.50918070051786 39.175711024308036, -86.5087015584422 39.17705013670094, -86.50809346759925 39.17833583676559, -86.50736228423627 39.17955574250753, -86.50651505004873 39.180698105567586, -86.50555992436502 39.181751924365024, -86.50450610556759 39.182707050048734, -86.50336374250753 39.183554284236266, -86.5021438367656 39.18428546759925, -86.50085813670094 39.18489355844219, -86.49951902430803 39.18537270051786, -86.49813939597125 39.18571827942613, -86.49673253826565 39.18592696705322, -86.495312 39.185996753623186, -86.49389146173435 39.18592696705322, -86.49248460402875 39.18571827942613, -86.49110497569197 39.18537270051786, -86.48976586329906 39.18489355844219, -86.4884801632344 39.18428546759925, -86.48726025749247 39.183554284236266, -86.48611789443241 39.182707050048734, -86.48506407563498 39.181751924365024, -86.48410894995126 39.180698105567586, -86.48326171576373 39.17955574250753, -86.48253053240074 39.17833583676559, -86.4819224415578 39.17705013670094, -86.48144329948214 39.175711024308036, -86.48109772057387 39.174331395971244, -86.48088903294678 39.17292453826565, -86.48081924637681 39.171504))",16,6