Master Record Number,Date,Weekend?,Hour,Collision Type,Injury Type,Primary Factor,Reported_Location,Latitude,Longitude,Location,Number of Bars,Weather Condition,Severity,geometry,area_number,bar_location,Hour of Day,Visibility (mi)
902531964,2015-10-06,Weekday,15:00:00,2-Car,No injury/unknown,FAILURE TO YIELD RIGHT OF WAY,3RD & PETE ELLIS,39.16424,-86.495088,"39.16424,-86.495088",6,Clear,1,POINT (-86.495088 39.16424),0.0,"POLYGON ((-86.48059524637681 39.16424, -86.48066503294677 39.16281946173435, -86.48087372057387 39.161412604028754, -86.48121929948213 39.16003297569196, -86.4816984415578 39.15869386329906, -86.48230653240074 39.15740816323441, -86.48303771576373 39.15618825749247, -86.48388494995126 39.15504589443241, -86.48484007563498 39.153992075634974, -86.48589389443241 39.153036949951264, -86.48703625749246 39.15218971576373, -86.4882561632344 39.151458532400746, -86.48954186329905 39.15085044155781, -86.49088097569197 39.15037129948214, -86.49226060402874 39.150025720573865, -86.49366746173435 39.14981703294678, -86.495088 39.14974724637681, -86.49650853826564 39.14981703294678, -86.49791539597125 39.150025720573865, -86.49929502430803 39.15037129948214, -86.50063413670094 39.15085044155781, -86.5019198367656 39.151458532400746, -86.50313974250753 39.15218971576373, -86.50428210556758 39.153036949951264, -86.50533592436501 39.153992075634974, -86.50629105004873 39.15504589443241, -86.50713828423626 39.15618825749247, -86.50786946759925 39.15740816323441, -86.5084775584422 39.15869386329906, -86.50895670051786 39.16003297569196, -86.50930227942612 39.161412604028754, -86.50951096705322 39.16281946173435, -86.50958075362318 39.16424, -86.50951096705322 39.16566053826565, -86.50930227942612 39.167067395971245, -86.50895670051786 39.16844702430804, -86.5084775584422 39.16978613670094, -86.50786946759925 39.17107183676559, -86.50713828423626 39.17229174250753, -86.50629105004873 39.17343410556759, -86.50533592436501 39.174487924365025, -86.50428210556758 39.175443050048735, -86.50313974250753 39.176290284236266, -86.5019198367656 39.17702146759925, -86.50063413670094 39.17762955844219, -86.49929502430803 39.17810870051786, -86.49791539597125 39.178454279426134, -86.49650853826564 39.17866296705322, -86.495088 39.17873275362319, -86.49366746173435 39.17866296705322, -86.49226060402874 39.178454279426134, -86.49088097569197 39.17810870051786, -86.48954186329905 39.17762955844219, -86.4882561632344 39.17702146759925, -86.48703625749246 39.176290284236266, -86.48589389443241 39.175443050048735, -86.48484007563498 39.174487924365025, -86.48388494995126 39.17343410556759, -86.48303771576373 39.17229174250753, -86.48230653240074 39.17107183676559, -86.4816984415578 39.16978613670094, -86.48121929948213 39.16844702430804, -86.48087372057387 39.167067395971245, -86.48066503294677 39.16566053826565, -86.48059524637681 39.16424))",15,6
902410684,2015-03-02,Weekday,14:00:00,2-Car,No injury/unknown,UNSAFE BACKING,NORTH FAIRVIEW & WEST KIRKWOOD,39.166704,-86.5408,"39.166704,-86.5408",43,Partly cloudy,1,POINT (-86.5408 39.166704),0.0,"POLYGON ((-86.52630724637682 39.166704, -86.52637703294678 39.165283461734354, -86.52658572057388 39.16387660402876, -86.52693129948214 39.162496975691965, -86.5274104415578 39.16115786329906, -86.52801853240075 39.15987216323441, -86.52874971576374 39.15865225749247, -86.52959694995127 39.157509894432415, -86.53055207563499 39.15645607563498, -86.53160589443242 39.15550094995127, -86.53274825749247 39.154653715763736, -86.5339681632344 39.15392253240075, -86.53525386329906 39.15331444155781, -86.53659297569197 39.15283529948214, -86.53797260402875 39.15248972057387, -86.53937946173436 39.15228103294678, -86.5408 39.152211246376815, -86.54222053826565 39.15228103294678, -86.54362739597126 39.15248972057387, -86.54500702430803 39.15283529948214, -86.54634613670095 39.15331444155781, -86.5476318367656 39.15392253240075, -86.54885174250754 39.154653715763736, -86.54999410556759 39.15550094995127, -86.55104792436502 39.15645607563498, -86.55200305004874 39.157509894432415, -86.55285028423627 39.15865225749247, -86.55358146759926 39.15987216323441, -86.5541895584422 39.16115786329906, -86.55466870051787 39.162496975691965, -86.55501427942613 39.16387660402876, -86.55522296705323 39.165283461734354, -86.55529275362319 39.166704, -86.55522296705323 39.16812453826565, -86.55501427942613 39.16953139597125, -86.55466870051787 39.17091102430804, -86.5541895584422 39.172250136700946, -86.55358146759926 39.173535836765595, -86.55285028423627 39.174755742507536, -86.55200305004874 39.17589810556759, -86.55104792436502 39.17695192436503, -86.54999410556759 39.17790705004874, -86.54885174250754 39.17875428423627, -86.5476318367656 39.17948546759926, -86.54634613670095 39.180093558442195, -86.54500702430803 39.180572700517864, -86.54362739597126 39.18091827942614, -86.54222053826565 39.181126967053224, -86.5408 39.18119675362319, -86.53937946173436 39.181126967053224, -86.53797260402875 39.18091827942614, -86.53659297569197 39.180572700517864, -86.53525386329906 39.180093558442195, -86.5339681632344 39.17948546759926, -86.53274825749247 39.17875428423627, -86.53160589443242 39.17790705004874, -86.53055207563499 39.17695192436503, -86.52959694995127 39.17589810556759, -86.52874971576374 39.174755742507536, -86.52801853240075 39.173535836765595, -86.5274104415578 39.172250136700946, -86.52693129948214 39.17091102430804, -86.52658572057388 39.16953139597125, -86.52637703294678 39.16812453826565, -86.52630724637682 39.166704))",14,6
902520682,2015-09-07,Weekend,15:00:00,1-Car,No injury/unknown,SPEED TOO FAST FOR WEATHER CONDITIONS,CHAPEL HILL & SR446N,39.02483704,-86.40536989,"39.02483704,-86.40536989",0,Clear,1,POINT (-86.40536989 39.02483704),0.0,,15,6
902390036,2015-02-07,Weekend,13:00:00,2-Car,No injury/unknown,FOLLOWING TOO CLOSELY,WALNUT & WINSLOW,39.136144,-86.528688,"39.136144,-86.528688",1,Clear,1,POINT (-86.528688 39.136144),0.0,"POLYGON ((-86.51419524637681 39.136144, -86.51426503294678 39.13472346173435, -86.51447372057387 39.13331660402876, -86.51481929948214 39.131936975691964, -86.5152984415578 39.13059786329906, -86.51590653240075 39.12931216323441, -86.51663771576374 39.12809225749247, -86.51748494995127 39.126949894432414, -86.51844007563498 39.12589607563498, -86.51949389443242 39.12494094995127, -86.52063625749247 39.124093715763735, -86.5218561632344 39.12336253240075, -86.52314186329906 39.12275444155781, -86.52448097569197 39.12227529948214, -86.52586060402875 39.12192972057387, -86.52726746173435 39.12172103294678, -86.528688 39.121651246376814, -86.53010853826565 39.12172103294678, -86.53151539597125 39.12192972057387, -86.53289502430803 39.12227529948214, -86.53423413670095 39.12275444155781, -86.5355198367656 39.12336253240075, -86.53673974250754 39.124093715763735, -86.53788210556759 39.12494094995127, -86.53893592436502 39.12589607563498, -86.53989105004874 39.126949894432414, -86.54073828423627 39.12809225749247, -86.54146946759926 39.12931216323441, -86.5420775584422 39.13059786329906, -86.54255670051786 39.131936975691964, -86.54290227942613 39.13331660402876, -86.54311096705322 39.13472346173435, -86.54318075362319 39.136144, -86.54311096705322 39.13756453826565, -86.54290227942613 39.13897139597125, -86.54255670051786 39.14035102430804, -86.5420775584422 39.141690136700944, -86.54146946759926 39.142975836765594, -86.54073828423627 39.144195742507534, -86.53989105004874 39.14533810556759, -86.53893592436502 39.14639192436503, -86.53788210556759 39.14734705004874, -86.53673974250754 39.14819428423627, -86.5355198367656 39.148925467599256, -86.53423413670095 39.149533558442194, -86.53289502430803 39.15001270051786, -86.53151539597125 39.150358279426136, -86.53010853826565 39.15056696705322, -86.528688 39.15063675362319, -86.52726746173435 39.15056696705322, -86.52586060402875 39.150358279426136, -86.52448097569197 39.15001270051786, -86.52314186329906 39.149533558442194, -86.5218561632344 39.148925467599256, -86.52063625749247 39.14819428423627, -86.51949389443242 39.14734705004874, -86.51844007563498 39.14639192436503, -86.51748494995127 39.14533810556759, -86.51663771576374 39.144195742507534, -86.51590653240075 39.142975836765594, -86.5152984415578 39.141690136700944, -86.51481929948214 39.14035102430804, -86.51447372057387 39.13897139597125, -86.51426503294678 39.13756453826565, -86.51419524637681 39.136144))",13,6
902530796,2015-09-04,Weekday,23:00:00,2-Car,No injury/unknown,FAILURE TO YIELD RIGHT OF WAY,S ROGERS & W 2ND,39.16152,-86.538592,"39.16152,-86.538592",43,Clear,1,POINT (-86.538592 39.16152),0.0,"POLYGON ((-86.5240992463768 39.16152, -86.52416903294677 39.160099461734355, -86.52437772057387 39.15869260402876, -86.52472329948213 39.157312975691966, -86.5252024415578 39.15597386329906, -86.52581053240074 39.15468816323441, -86.52654171576373 39.15346825749247, -86.52738894995126 39.152325894432416, -86.52834407563498 39.15127207563498, -86.5293978944324 39.15031694995127, -86.53054025749246 39.149469715763736, -86.5317601632344 39.14873853240075, -86.53304586329905 39.14813044155781, -86.53438497569196 39.14765129948214, -86.53576460402874 39.14730572057387, -86.53717146173435 39.14709703294678, -86.538592 39.147027246376815, -86.54001253826564 39.14709703294678, -86.54141939597125 39.14730572057387, -86.54279902430802 39.14765129948214, -86.54413813670094 39.14813044155781, -86.5454238367656 39.14873853240075, -86.54664374250753 39.149469715763736, -86.54778610556758 39.15031694995127, -86.54883992436501 39.15127207563498, -86.54979505004873 39.152325894432416, -86.55064228423626 39.15346825749247, -86.55137346759925 39.15468816323441, -86.5519815584422 39.15597386329906, -86.55246070051786 39.157312975691966, -86.55280627942612 39.15869260402876, -86.55301496705322 39.160099461734355, -86.55308475362318 39.16152, -86.55301496705322 39.16294053826565, -86.55280627942612 39.16434739597125, -86.55246070051786 39.16572702430804, -86.5519815584422 39.167066136700946, -86.55137346759925 39.168351836765595, -86.55064228423626 39.169571742507536, -86.54979505004873 39.17071410556759, -86.54883992436501 39.17176792436503, -86.54778610556758 39.17272305004874, -86.54664374250753 39.17357028423627, -86.5454238367656 39.17430146759926, -86.54413813670094 39.174909558442195, -86.54279902430802 39.175388700517864, -86.54141939597125 39.17573427942614, -86.54001253826564 39.175942967053224, -86.538592 39.17601275362319, -86.53717146173435 39.175942967053224, -86.53576460402874 39.17573427942614, -86.53438497569196 39.175388700517864, -86.53304586329905 39.174909558442195, -86.5317601632344 39.17430146759926, -86.53054025749246 39.17357028423627, -86.5293978944324 39.17272305004874, -86.52834407563498 39.17176792436503, -86.52738894995126 39.17071410556759, -86.52654171576373 39.169571742507536, -86.52581053240074 39.168351836765595, -86.5252024415578 39.167066136700946, -86.52472329948213 39.16572702430804, -86.52437772057387 39.16434739597125, -86.52416903294677 39.16294053826565, -86.5240992463768 39.16152))",23,6
902577974,2015-12-07,Weekend,19:00:00,1-Car,Incapacitating,UNSAFE SPEED,FISH & LYDY,39.284592,-86.479968,"39.284592,-86.479968",0,Patchy rain possible,2,POINT (-86.479968 39.284592),0.0,,19,1
902412089,2015-03-04,Weekday,18:00:00,2-Car,No injury/unknown,FAILURE TO YIELD RIGHT OF WAY,INDRUSTRIAL & SR45W,39.14359867,-86.58030842,"39.14359867,-86.58030842",1,Heavy rain at times,1,POINT (-86.58030842 39.14359867),0.0,"POLYGON ((-86.5658156663768 39.14359867, -86.56588545294677 39.142178131734354, -86.56609414057387 39.14077127402876, -86.56643971948213 39.139391645691965, -86.5669188615578 39.13805253329906, -86.56752695240074 39.13676683323441, -86.56825813576373 39.13554692749247, -86.56910536995126 39.134404564432415, -86.57006049563498 39.13335074563498, -86.5711143144324 39.13239561995127, -86.57225667749246 39.131548385763736, -86.5734765832344 39.13081720240075, -86.57476228329905 39.13020911155781, -86.57610139569196 39.12972996948214, -86.57748102402874 39.12938439057387, -86.57888788173435 39.12917570294678, -86.58030842 39.129105916376815, -86.58172895826564 39.12917570294678, -86.58313581597125 39.12938439057387, -86.58451544430802 39.12972996948214, -86.58585455670094 39.13020911155781, -86.5871402567656 39.13081720240075, -86.58836016250753 39.131548385763736, -86.58950252556758 39.13239561995127, -86.59055634436501 39.13335074563498, -86.59151147004873 39.134404564432415, -86.59235870423626 39.13554692749247, -86.59308988759925 39.13676683323441, -86.5936979784422 39.13805253329906, -86.59417712051786 39.139391645691965, -86.59452269942612 39.14077127402876, -86.59473138705322 39.142178131734354, -86.59480117362318 39.14359867, -86.59473138705322 39.14501920826565, -86.59452269942612 39.14642606597125, -86.59417712051786 39.14780569430804, -86.5936979784422 39.149144806700946, -86.59308988759925 39.150430506765595, -86.59235870423626 39.151650412507536, -86.59151147004873 39.15279277556759, -86.59055634436501 39.15384659436503, -86.58950252556758 39.15480172004874, -86.58836016250753 39.15564895423627, -86.5871402567656 39.15638013759926, -86.58585455670094 39.156988228442195, -86.58451544430802 39.157467370517864, -86.58313581597125 39.15781294942614, -86.58172895826564 39.158021637053224, -86.58030842 39.15809142362319, -86.57888788173435 39.158021637053224, -86.57748102402874 39.15781294942614, -86.57610139569196 39.157467370517864, -86.57476228329905 39.156988228442195, -86.5734765832344 39.15638013759926, -86.57225667749246 39.15564895423627, -86.5711143144324 39.15480172004874, -86.57006049563498 39.15384659436503, -86.56910536995126 39.15279277556759, -86.56825813576373 39.151650412507536, -86.56752695240074 39.150430506765595, -86.5669188615578 39.149144806700946, -86.56643971948213 39.14780569430804, -86.56609414057387 39.14642606597125, -86.56588545294677 39.14501920826565, -86.5658156663768 39.14359867))",18,3
902528252,2015-09-07,Weekend,23:00:00,2-Car,No injury/unknown,UNSAFE LANE MOVEMENT,E 3RD & S HIGHLAND,39.16427024,-86.51772022,"39.16427024,-86.51772022",31,Clear,1,POINT (-86.51772022 39.16427024),0.0,"POLYGON ((-86.50322746637681 39.16427024, -86.50329725294678 39.16284970173435, -86.50350594057387 39.161442844028755, -86.50385151948214 39.16006321569196, -86.5043306615578 39.15872410329906, -86.50493875240075 39.15743840323441, -86.50566993576373 39.15621849749247, -86.50651716995127 39.15507613443241, -86.50747229563498 39.154022315634975, -86.50852611443241 39.153067189951265, -86.50966847749247 39.152219955763734, -86.5108883832344 39.15148877240075, -86.51217408329906 39.15088068155781, -86.51351319569197 39.15040153948214, -86.51489282402875 39.150055960573866, -86.51629968173435 39.14984727294678, -86.51772022 39.14977748637681, -86.51914075826565 39.14984727294678, -86.52054761597125 39.150055960573866, -86.52192724430803 39.15040153948214, -86.52326635670094 39.15088068155781, -86.5245520567656 39.15148877240075, -86.52577196250753 39.152219955763734, -86.52691432556759 39.153067189951265, -86.52796814436502 39.154022315634975, -86.52892327004874 39.15507613443241, -86.52977050423627 39.15621849749247, -86.53050168759925 39.15743840323441, -86.5311097784422 39.15872410329906, -86.53158892051786 39.16006321569196, -86.53193449942613 39.161442844028755, -86.53214318705322 39.16284970173435, -86.53221297362319 39.16427024, -86.53214318705322 39.16569077826565, -86.53193449942613 39.167097635971245, -86.53158892051786 39.16847726430804, -86.5311097784422 39.16981637670094, -86.53050168759925 39.17110207676559, -86.52977050423627 39.17232198250753, -86.52892327004874 39.17346434556759, -86.52796814436502 39.174518164365026, -86.52691432556759 39.175473290048735, -86.52577196250753 39.17632052423627, -86.5245520567656 39.177051707599254, -86.52326635670094 39.17765979844219, -86.52192724430803 39.17813894051786, -86.52054761597125 39.178484519426135, -86.51914075826565 39.17869320705322, -86.51772022 39.17876299362319, -86.51629968173435 39.17869320705322, -86.51489282402875 39.178484519426135, -86.51351319569197 39.17813894051786, -86.51217408329906 39.17765979844219, -86.5108883832344 39.177051707599254, -86.50966847749247 39.17632052423627, -86.50852611443241 39.175473290048735, -86.50747229563498 39.174518164365026, -86.50651716995127 39.17346434556759, -86.50566993576373 39.17232198250753, -86.50493875240075 39.17110207676559, -86.5043306615578 39.16981637670094, -86.50385151948214 39.16847726430804, -86.50350594057387 39.167097635971245, -86.50329725294678 39.16569077826565, -86.50322746637681 39.16427024))",23,6
902575106,2015-11-02,Weekday,09:00:00,2-Car,No injury/unknown,LEFT OF CENTER,BETHEL & SR45E,39.214406,-86.45631982,"39.214406,-86.45631982",0,Clear,1,POINT (-86.45631982 39.214406),0.0,,9,6
902432124,2015-04-02,Weekday,07:00:00,2-Car,No injury/unknown,IMPROPER TURNING,E KIRKWOOD,39.16677127,-86.54552653,"39.16677127,-86.54552653",40,Clear,1,POINT (-86.54552653 39.16677127),0.0,"POLYGON ((-86.53103377637682 39.16677127, -86.53110356294678 39.16535073173435, -86.53131225057388 39.16394387402875, -86.53165782948214 39.16256424569196, -86.5321369715578 39.161225133299055, -86.53274506240075 39.159939433234406, -86.53347624576374 39.158719527492465, -86.53432347995127 39.15757716443241, -86.53527860563499 39.15652334563497, -86.53633242443242 39.15556821995126, -86.53747478749247 39.15472098576373, -86.5386946932344 39.153989802400744, -86.53998039329906 39.153381711557806, -86.54131950569197 39.15290256948214, -86.54269913402875 39.15255699057386, -86.54410599173436 39.15234830294678, -86.54552653 39.15227851637681, -86.54694706826565 39.15234830294678, -86.54835392597126 39.15255699057386, -86.54973355430803 39.15290256948214, -86.55107266670095 39.153381711557806, -86.5523583667656 39.153989802400744, -86.55357827250754 39.15472098576373, -86.55472063556759 39.15556821995126, -86.55577445436502 39.15652334563497, -86.55672958004874 39.15757716443241, -86.55757681423627 39.158719527492465, -86.55830799759926 39.159939433234406, -86.5589160884422 39.161225133299055, -86.55939523051786 39.16256424569196, -86.55974080942613 39.16394387402875, -86.55994949705322 39.16535073173435, -86.56001928362319 39.16677127, -86.55994949705322 39.16819180826565, -86.55974080942613 39.16959866597124, -86.55939523051786 39.170978294308036, -86.5589160884422 39.17231740670094, -86.55830799759926 39.17360310676559, -86.55757681423627 39.17482301250753, -86.55672958004874 39.175965375567586, -86.55577445436502 39.17701919436502, -86.55472063556759 39.17797432004873, -86.55357827250754 39.178821554236265, -86.5523583667656 39.17955273759925, -86.55107266670095 39.18016082844219, -86.54973355430803 39.18063997051786, -86.54835392597126 39.18098554942613, -86.54694706826565 39.18119423705322, -86.54552653 39.181264023623186, -86.54410599173436 39.18119423705322, -86.54269913402875 39.18098554942613, -86.54131950569197 39.18063997051786, -86.53998039329906 39.18016082844219, -86.5386946932344 39.17955273759925, -86.53747478749247 39.178821554236265, -86.53633242443242 39.17797432004873, -86.53527860563499 39.17701919436502, -86.53432347995127 39.175965375567586, -86.53347624576374 39.17482301250753, -86.53274506240075 39.17360310676559, -86.5321369715578 39.17231740670094, -86.53165782948214 39.170978294308036, -86.53131225057388 39.16959866597124, -86.53110356294678 39.16819180826565, -86.53103377637682 39.16677127))",7,6
902526293,2015-09-03,Weekday,17:00:00,2-Car,No injury/unknown,FOLLOWING TOO CLOSELY,3RD & CLIFTON,39.1642803,-86.50968968,"39.1642803,-86.50968968",6,Clear,1,POINT (-86.50968968 39.1642803),0.0,"POLYGON ((-86.4951969263768 39.1642803, -86.49526671294677 39.16285976173435, -86.49547540057387 39.16145290402876, -86.49582097948213 39.160073275691964, -86.4963001215578 39.15873416329906, -86.49690821240074 39.15744846323441, -86.49763939576373 39.15622855749247, -86.49848662995126 39.155086194432414, -86.49944175563498 39.154032375634976, -86.5004955744324 39.15307724995127, -86.50163793749246 39.152230015763735, -86.5028578432344 39.15149883240075, -86.50414354329905 39.15089074155781, -86.50548265569196 39.15041159948214, -86.50686228402874 39.15006602057387, -86.50826914173435 39.14985733294678, -86.50968968 39.149787546376814, -86.51111021826564 39.14985733294678, -86.51251707597125 39.15006602057387, -86.51389670430802 39.15041159948214, -86.51523581670094 39.15089074155781, -86.5165215167656 39.15149883240075, -86.51774142250753 39.152230015763735, -86.51888378556758 39.15307724995127, -86.51993760436501 39.154032375634976, -86.52089273004873 39.155086194432414, -86.52173996423626 39.15622855749247, -86.52247114759925 39.15744846323441, -86.5230792384422 39.15873416329906, -86.52355838051785 39.160073275691964, -86.52390395942612 39.16145290402876, -86.52411264705322 39.16285976173435, -86.52418243362318 39.1642803, -86.52411264705322 39.16570083826565, -86.52390395942612 39.16710769597125, -86.52355838051785 39.16848732430804, -86.5230792384422 39.169826436700944, -86.52247114759925 39.17111213676559, -86.52173996423626 39.172332042507534, -86.52089273004873 39.17347440556759, -86.51993760436501 39.17452822436503, -86.51888378556758 39.17548335004874, -86.51774142250753 39.17633058423627, -86.5165215167656 39.177061767599255, -86.51523581670094 39.177669858442194, -86.51389670430802 39.17814900051786, -86.51251707597125 39.178494579426136, -86.51111021826564 39.17870326705322, -86.50968968 39.17877305362319, -86.50826914173435 39.17870326705322, -86.50686228402874 39.178494579426136, -86.50548265569196 39.17814900051786, -86.50414354329905 39.177669858442194, -86.5028578432344 39.177061767599255, -86.50163793749246 39.17633058423627, -86.5004955744324 39.17548335004874, -86.49944175563498 39.17452822436503, -86.49848662995126 39.17347440556759, -86.49763939576373 39.172332042507534, -86.49690821240074 39.17111213676559, -86.4963001215578 39.169826436700944, -86.49582097948213 39.16848732430804, -86.49547540057387 39.16710769597125, -86.49526671294677 39.16570083826565, -86.4951969263768 39.1642803))",17,6
902403572,2015-02-06,Weekday,08:00:00,2-Car,No injury/unknown,FAILURE TO YIELD RIGHT OF WAY,E 10TH & N INDIANA,39.17168,-86.527024,"39.17168,-86.527024",40,Clear,1,POINT (-86.527024 39.17168),0.0,"POLYGON ((-86.51253124637681 39.17168, -86.51260103294678 39.170259461734354, -86.51280972057387 39.16885260402876, -86.51315529948214 39.167472975691965, -86.5136344415578 39.16613386329906, -86.51424253240074 39.16484816323441, -86.51497371576373 39.16362825749247, -86.51582094995126 39.162485894432415, -86.51677607563498 39.16143207563498, -86.51782989443241 39.16047694995127, -86.51897225749246 39.159629715763735, -86.5201921632344 39.15889853240075, -86.52147786329905 39.15829044155781, -86.52281697569197 39.15781129948214, -86.52419660402875 39.15746572057387, -86.52560346173435 39.15725703294678, -86.527024 39.157187246376814, -86.52844453826565 39.15725703294678, -86.52985139597125 39.15746572057387, -86.53123102430803 39.15781129948214, -86.53257013670094 39.15829044155781, -86.5338558367656 39.15889853240075, -86.53507574250753 39.159629715763735, -86.53621810556758 39.16047694995127, -86.53727192436502 39.16143207563498, -86.53822705004873 39.162485894432415, -86.53907428423626 39.16362825749247, -86.53980546759925 39.16484816323441, -86.5404135584422 39.16613386329906, -86.54089270051786 39.167472975691965, -86.54123827942612 39.16885260402876, -86.54144696705322 39.170259461734354, -86.54151675362318 39.17168, -86.54144696705322 39.17310053826565, -86.54123827942612 39.17450739597125, -86.54089270051786 39.17588702430804, -86.5404135584422 39.177226136700945, -86.53980546759925 39.178511836765594, -86.53907428423626 39.179731742507535, -86.53822705004873 39.18087410556759, -86.53727192436502 39.18192792436503, -86.53621810556758 39.18288305004874, -86.53507574250753 39.18373028423627, -86.5338558367656 39.184461467599256, -86.53257013670094 39.185069558442194, -86.53123102430803 39.18554870051786, -86.52985139597125 39.18589427942614, -86.52844453826565 39.18610296705322, -86.527024 39.18617275362319, -86.52560346173435 39.18610296705322, -86.52419660402875 39.18589427942614, -86.52281697569197 39.18554870051786, -86.52147786329905 39.185069558442194, -86.5201921632344 39.184461467599256, -86.51897225749246 39.18373028423627, -86.51782989443241 39.18288305004874, -86.51677607563498 39.18192792436503, -86.51582094995126 39.18087410556759, -86.51497371576373 39.179731742507535, -86.51424253240074 39.178511836765594, -86.5136344415578 39.177226136700945, -86.51315529948214 39.17588702430804, -86.51280972057387 39.17450739597125, -86.51260103294678 39.17310053826565, -86.51253124637681 39.17168))",8,6
902561398,2015-11-06,Weekday,07:00:00,1-Car,No injury/unknown,OTHER (VEHICLE) - EXPLAIN IN NARRATIVE,PATTERSON,39.153488,-86.541496,"39.153488,-86.541496",25,Overcast,1,POINT (-86.541496 39.153488),0.0,"POLYGON ((-86.52700324637681 39.153488, -86.52707303294677 39.152067461734354, -86.52728172057387 39.15066060402876, -86.52762729948213 39.149280975691966, -86.5281064415578 39.14794186329906, -86.52871453240074 39.14665616323441, -86.52944571576373 39.14543625749247, -86.53029294995126 39.144293894432415, -86.53124807563498 39.14324007563498, -86.53230189443241 39.14228494995127, -86.53344425749246 39.141437715763736, -86.5346641632344 39.14070653240075, -86.53594986329905 39.14009844155781, -86.53728897569196 39.13961929948214, -86.53866860402874 39.13927372057387, -86.54007546173435 39.13906503294678, -86.541496 39.138995246376815, -86.54291653826564 39.13906503294678, -86.54432339597125 39.13927372057387, -86.54570302430803 39.13961929948214, -86.54704213670094 39.14009844155781, -86.5483278367656 39.14070653240075, -86.54954774250753 39.141437715763736, -86.55069010556758 39.14228494995127, -86.55174392436501 39.14324007563498, -86.55269905004873 39.144293894432415, -86.55354628423626 39.14543625749247, -86.55427746759925 39.14665616323441, -86.5548855584422 39.14794186329906, -86.55536470051786 39.149280975691966, -86.55571027942612 39.15066060402876, -86.55591896705322 39.152067461734354, -86.55598875362318 39.153488, -86.55591896705322 39.15490853826565, -86.55571027942612 39.15631539597125, -86.55536470051786 39.15769502430804, -86.5548855584422 39.159034136700946, -86.55427746759925 39.160319836765595, -86.55354628423626 39.161539742507536, -86.55269905004873 39.16268210556759, -86.55174392436501 39.16373592436503, -86.55069010556758 39.16469105004874, -86.54954774250753 39.16553828423627, -86.5483278367656 39.16626946759926, -86.54704213670094 39.166877558442195, -86.54570302430803 39.167356700517864, -86.54432339597125 39.16770227942614, -86.54291653826564 39.167910967053224, -86.541496 39.16798075362319, -86.54007546173435 39.167910967053224, -86.53866860402874 39.16770227942614, -86.53728897569196 39.167356700517864, -86.53594986329905 39.166877558442195, -86.5346641632344 39.16626946759926, -86.53344425749246 39.16553828423627, -86.53230189443241 39.16469105004874, -86.53124807563498 39.16373592436503, -86.53029294995126 39.16268210556759, -86.52944571576373 39.161539742507536, -86.52871453240074 39.160319836765595, -86.5281064415578 39.159034136700946, -86.52762729948213 39.15769502430804, -86.52728172057387 39.15631539597125, -86.52707303294677 39.15490853826565, -86.52700324637681 39.153488))",7,1