Master Record Number,Date,Weekend?,Hour,Collision Type,Injury Type,Primary Factor,Reported_Location,Latitude,Longitude,Location,Number of Bars,Weather Condition,Severity,geometry,area_number,bar_location,Hour of Day,Visibility (mi)
902373417,2015-01-03,Weekday,17:00:00,2-Car,No injury/unknown,DISREGARD SIGNAL/REG SIGN,3RD & SR37,39.164752,-86.573104,"39.164752,-86.573104",5,Patchy moderate snow,1,POINT (-86.573104 39.164752),0.0,"POLYGON ((-86.55861124637681 39.164752, -86.55868103294678 39.16333146173435, -86.55888972057387 39.161924604028755, -86.55923529948214 39.16054497569196, -86.5597144415578 39.15920586329906, -86.56032253240075 39.15792016323441, -86.56105371576373 39.15670025749247, -86.56190094995127 39.15555789443241, -86.56285607563498 39.154504075634975, -86.56390989443241 39.153548949951265, -86.56505225749247 39.15270171576373, -86.5662721632344 39.151970532400746, -86.56755786329906 39.15136244155781, -86.56889697569197 39.15088329948214, -86.57027660402875 39.150537720573865, -86.57168346173435 39.15032903294678, -86.573104 39.15025924637681, -86.57452453826565 39.15032903294678, -86.57593139597125 39.150537720573865, -86.57731102430803 39.15088329948214, -86.57865013670094 39.15136244155781, -86.5799358367656 39.151970532400746, -86.58115574250753 39.15270171576373, -86.58229810556759 39.153548949951265, -86.58335192436502 39.154504075634975, -86.58430705004874 39.15555789443241, -86.58515428423627 39.15670025749247, -86.58588546759925 39.15792016323441, -86.5864935584422 39.15920586329906, -86.58697270051786 39.16054497569196, -86.58731827942613 39.161924604028755, -86.58752696705322 39.16333146173435, -86.58759675362319 39.164752, -86.58752696705322 39.16617253826565, -86.58731827942613 39.167579395971245, -86.58697270051786 39.16895902430804, -86.5864935584422 39.17029813670094, -86.58588546759925 39.17158383676559, -86.58515428423627 39.17280374250753, -86.58430705004874 39.17394610556759, -86.58335192436502 39.174999924365025, -86.58229810556759 39.175955050048735, -86.58115574250753 39.17680228423627, -86.5799358367656 39.177533467599254, -86.57865013670094 39.17814155844219, -86.57731102430803 39.17862070051786, -86.57593139597125 39.178966279426135, -86.57452453826565 39.17917496705322, -86.573104 39.17924475362319, -86.57168346173435 39.17917496705322, -86.57027660402875 39.178966279426135, -86.56889697569197 39.17862070051786, -86.56755786329906 39.17814155844219, -86.5662721632344 39.177533467599254, -86.56505225749247 39.17680228423627, -86.56390989443241 39.175955050048735, -86.56285607563498 39.174999924365025, -86.56190094995127 39.17394610556759, -86.56105371576373 39.17280374250753, -86.56032253240075 39.17158383676559, -86.5597144415578 39.17029813670094, -86.55923529948214 39.16895902430804, -86.55888972057387 39.167579395971245, -86.55868103294678 39.16617253826565, -86.55861124637681 39.164752))",17,5
902535457,2015-10-03,Weekday,19:00:00,2-Car,No injury/unknown,OTHER (DRIVER) - EXPLAIN IN NARRATIVE,N BRYAN,39.14184,-86.5364,"39.14184,-86.5364",2,Heavy rain at times,1,POINT (-86.5364 39.14184),0.0,"POLYGON ((-86.52190724637681 39.14184, -86.52197703294678 39.14041946173435, -86.52218572057387 39.13901260402876, -86.52253129948214 39.137632975691965, -86.5230104415578 39.13629386329906, -86.52361853240075 39.13500816323441, -86.52434971576373 39.13378825749247, -86.52519694995127 39.132645894432414, -86.52615207563498 39.13159207563498, -86.52720589443241 39.13063694995127, -86.52834825749247 39.129789715763735, -86.5295681632344 39.12905853240075, -86.53085386329906 39.12845044155781, -86.53219297569197 39.12797129948214, -86.53357260402875 39.12762572057387, -86.53497946173435 39.12741703294678, -86.5364 39.127347246376814, -86.53782053826565 39.12741703294678, -86.53922739597125 39.12762572057387, -86.54060702430803 39.12797129948214, -86.54194613670094 39.12845044155781, -86.5432318367656 39.12905853240075, -86.54445174250753 39.129789715763735, -86.54559410556759 39.13063694995127, -86.54664792436502 39.13159207563498, -86.54760305004874 39.132645894432414, -86.54845028423627 39.13378825749247, -86.54918146759925 39.13500816323441, -86.5497895584422 39.13629386329906, -86.55026870051786 39.137632975691965, -86.55061427942613 39.13901260402876, -86.55082296705322 39.14041946173435, -86.55089275362319 39.14184, -86.55082296705322 39.14326053826565, -86.55061427942613 39.14466739597125, -86.55026870051786 39.14604702430804, -86.5497895584422 39.147386136700945, -86.54918146759925 39.148671836765594, -86.54845028423627 39.149891742507535, -86.54760305004874 39.15103410556759, -86.54664792436502 39.15208792436503, -86.54559410556759 39.15304305004874, -86.54445174250753 39.15389028423627, -86.5432318367656 39.154621467599256, -86.54194613670094 39.155229558442194, -86.54060702430803 39.15570870051786, -86.53922739597125 39.15605427942614, -86.53782053826565 39.15626296705322, -86.5364 39.15633275362319, -86.53497946173435 39.15626296705322, -86.53357260402875 39.15605427942614, -86.53219297569197 39.15570870051786, -86.53085386329906 39.155229558442194, -86.5295681632344 39.154621467599256, -86.52834825749247 39.15389028423627, -86.52720589443241 39.15304305004874, -86.52615207563498 39.15208792436503, -86.52519694995127 39.15103410556759, -86.52434971576373 39.149891742507535, -86.52361853240075 39.148671836765594, -86.5230104415578 39.147386136700945, -86.52253129948214 39.14604702430804, -86.52218572057387 39.14466739597125, -86.52197703294678 39.14326053826565, -86.52190724637681 39.14184))",19,4
902524052,2015-09-07,Weekend,16:00:00,2-Car,No injury/unknown,UNSAFE LANE MOVEMENT,9TH & INDIANA,39.170544,-86.526992,"39.170544,-86.526992",40,Clear,1,POINT (-86.526992 39.170544),0.0,"POLYGON ((-86.51249924637682 39.170544, -86.51256903294679 39.16912346173435, -86.51277772057388 39.167716604028755, -86.51312329948215 39.16633697569196, -86.51360244155781 39.16499786329906, -86.51421053240075 39.16371216323441, -86.51494171576374 39.16249225749247, -86.51578894995127 39.16134989443241, -86.51674407563499 39.160296075634974, -86.51779789443242 39.159340949951265, -86.51894025749247 39.15849371576373, -86.52016016323441 39.157762532400746, -86.52144586329906 39.15715444155781, -86.52278497569198 39.15667529948214, -86.52416460402875 39.156329720573865, -86.52557146173436 39.15612103294678, -86.526992 39.15605124637681, -86.52841253826566 39.15612103294678, -86.52981939597126 39.156329720573865, -86.53119902430804 39.15667529948214, -86.53253813670095 39.15715444155781, -86.5338238367656 39.157762532400746, -86.53504374250754 39.15849371576373, -86.5361861055676 39.159340949951265, -86.53723992436502 39.160296075634974, -86.53819505004874 39.16134989443241, -86.53904228423627 39.16249225749247, -86.53977346759926 39.16371216323441, -86.5403815584422 39.16499786329906, -86.54086070051787 39.16633697569196, -86.54120627942613 39.167716604028755, -86.54141496705323 39.16912346173435, -86.5414847536232 39.170544, -86.54141496705323 39.17196453826565, -86.54120627942613 39.173371395971245, -86.54086070051787 39.17475102430804, -86.5403815584422 39.17609013670094, -86.53977346759926 39.17737583676559, -86.53904228423627 39.17859574250753, -86.53819505004874 39.17973810556759, -86.53723992436502 39.180791924365025, -86.5361861055676 39.181747050048735, -86.53504374250754 39.182594284236266, -86.5338238367656 39.18332546759925, -86.53253813670095 39.18393355844219, -86.53119902430804 39.18441270051786, -86.52981939597126 39.184758279426134, -86.52841253826566 39.18496696705322, -86.526992 39.18503675362319, -86.52557146173436 39.18496696705322, -86.52416460402875 39.184758279426134, -86.52278497569198 39.18441270051786, -86.52144586329906 39.18393355844219, -86.52016016323441 39.18332546759925, -86.51894025749247 39.182594284236266, -86.51779789443242 39.181747050048735, -86.51674407563499 39.180791924365025, -86.51578894995127 39.17973810556759, -86.51494171576374 39.17859574250753, -86.51421053240075 39.17737583676559, -86.51360244155781 39.17609013670094, -86.51312329948215 39.17475102430804, -86.51277772057388 39.173371395971245, -86.51256903294679 39.17196453826565, -86.51249924637682 39.170544))",16,6
902375946,2015-01-07,Weekend,15:00:00,2-Car,No injury/unknown,UNSAFE BACKING,E 10TH,39.17168,-86.527024,"39.17168,-86.527024",40,Overcast,1,POINT (-86.527024 39.17168),0.0,"POLYGON ((-86.51253124637681 39.17168, -86.51260103294678 39.170259461734354, -86.51280972057387 39.16885260402876, -86.51315529948214 39.167472975691965, -86.5136344415578 39.16613386329906, -86.51424253240074 39.16484816323441, -86.51497371576373 39.16362825749247, -86.51582094995126 39.162485894432415, -86.51677607563498 39.16143207563498, -86.51782989443241 39.16047694995127, -86.51897225749246 39.159629715763735, -86.5201921632344 39.15889853240075, -86.52147786329905 39.15829044155781, -86.52281697569197 39.15781129948214, -86.52419660402875 39.15746572057387, -86.52560346173435 39.15725703294678, -86.527024 39.157187246376814, -86.52844453826565 39.15725703294678, -86.52985139597125 39.15746572057387, -86.53123102430803 39.15781129948214, -86.53257013670094 39.15829044155781, -86.5338558367656 39.15889853240075, -86.53507574250753 39.159629715763735, -86.53621810556758 39.16047694995127, -86.53727192436502 39.16143207563498, -86.53822705004873 39.162485894432415, -86.53907428423626 39.16362825749247, -86.53980546759925 39.16484816323441, -86.5404135584422 39.16613386329906, -86.54089270051786 39.167472975691965, -86.54123827942612 39.16885260402876, -86.54144696705322 39.170259461734354, -86.54151675362318 39.17168, -86.54144696705322 39.17310053826565, -86.54123827942612 39.17450739597125, -86.54089270051786 39.17588702430804, -86.5404135584422 39.177226136700945, -86.53980546759925 39.178511836765594, -86.53907428423626 39.179731742507535, -86.53822705004873 39.18087410556759, -86.53727192436502 39.18192792436503, -86.53621810556758 39.18288305004874, -86.53507574250753 39.18373028423627, -86.5338558367656 39.184461467599256, -86.53257013670094 39.185069558442194, -86.53123102430803 39.18554870051786, -86.52985139597125 39.18589427942614, -86.52844453826565 39.18610296705322, -86.527024 39.18617275362319, -86.52560346173435 39.18610296705322, -86.52419660402875 39.18589427942614, -86.52281697569197 39.18554870051786, -86.52147786329905 39.185069558442194, -86.5201921632344 39.184461467599256, -86.51897225749246 39.18373028423627, -86.51782989443241 39.18288305004874, -86.51677607563498 39.18192792436503, -86.51582094995126 39.18087410556759, -86.51497371576373 39.179731742507535, -86.51424253240074 39.178511836765594, -86.5136344415578 39.177226136700945, -86.51315529948214 39.17588702430804, -86.51280972057387 39.17450739597125, -86.51260103294678 39.17310053826565, -86.51253124637681 39.17168))",15,6
902444540,2015-05-04,Weekday,12:00:00,2-Car,Non-incapacitating,DISREGARD SIGNAL/REG SIGN,SR37 & SR45W,39.148144,-86.572992,"39.148144,-86.572992",1,Clear,2,POINT (-86.572992 39.148144),0.0,"POLYGON ((-86.55849924637681 39.148144, -86.55856903294678 39.146723461734354, -86.55877772057387 39.14531660402876, -86.55912329948214 39.143936975691965, -86.5596024415578 39.14259786329906, -86.56021053240075 39.14131216323441, -86.56094171576373 39.14009225749247, -86.56178894995126 39.138949894432415, -86.56274407563498 39.13789607563498, -86.56379789443241 39.13694094995127, -86.56494025749247 39.136093715763735, -86.5661601632344 39.13536253240075, -86.56744586329906 39.13475444155781, -86.56878497569197 39.13427529948214, -86.57016460402875 39.13392972057387, -86.57157146173435 39.13372103294678, -86.572992 39.133651246376814, -86.57441253826565 39.13372103294678, -86.57581939597125 39.13392972057387, -86.57719902430803 39.13427529948214, -86.57853813670094 39.13475444155781, -86.5798238367656 39.13536253240075, -86.58104374250753 39.136093715763735, -86.58218610556759 39.13694094995127, -86.58323992436502 39.13789607563498, -86.58419505004873 39.138949894432415, -86.58504228423627 39.14009225749247, -86.58577346759925 39.14131216323441, -86.5863815584422 39.14259786329906, -86.58686070051786 39.143936975691965, -86.58720627942613 39.14531660402876, -86.58741496705322 39.146723461734354, -86.58748475362319 39.148144, -86.58741496705322 39.14956453826565, -86.58720627942613 39.15097139597125, -86.58686070051786 39.15235102430804, -86.5863815584422 39.153690136700945, -86.58577346759925 39.154975836765594, -86.58504228423627 39.156195742507535, -86.58419505004873 39.15733810556759, -86.58323992436502 39.15839192436503, -86.58218610556759 39.15934705004874, -86.58104374250753 39.16019428423627, -86.5798238367656 39.160925467599256, -86.57853813670094 39.161533558442194, -86.57719902430803 39.16201270051786, -86.57581939597125 39.16235827942614, -86.57441253826565 39.16256696705322, -86.572992 39.16263675362319, -86.57157146173435 39.16256696705322, -86.57016460402875 39.16235827942614, -86.56878497569197 39.16201270051786, -86.56744586329906 39.161533558442194, -86.5661601632344 39.160925467599256, -86.56494025749247 39.16019428423627, -86.56379789443241 39.15934705004874, -86.56274407563498 39.15839192436503, -86.56178894995126 39.15733810556759, -86.56094171576373 39.156195742507535, -86.56021053240075 39.154975836765594, -86.5596024415578 39.153690136700945, -86.55912329948214 39.15235102430804, -86.55877772057387 39.15097139597125, -86.55856903294678 39.14956453826565, -86.55849924637681 39.148144))",12,6
902507438,2015-08-04,Weekday,03:00:00,2-Car,Incapacitating,LEFT OF CENTER,HARMONY & SR45W,39.111024,-86.638304,"39.111024,-86.638304",0,Clear,2,POINT (-86.638304 39.111024),0.0,,3,6
902501150,2015-08-01,Weekend,17:00:00,2-Car,No injury/unknown,FAILURE TO YIELD RIGHT OF WAY,10TH & GRANT,39.171696,-86.529696,"39.171696,-86.529696",40,Clear,1,POINT (-86.529696 39.171696),0.0,"POLYGON ((-86.51520324637681 39.171696, -86.51527303294678 39.17027546173435, -86.51548172057387 39.16886860402875, -86.51582729948214 39.16748897569196, -86.5163064415578 39.166149863299054, -86.51691453240075 39.164864163234405, -86.51764571576373 39.163644257492464, -86.51849294995127 39.16250189443241, -86.51944807563498 39.16144807563497, -86.52050189443241 39.16049294995126, -86.52164425749247 39.15964571576373, -86.5228641632344 39.15891453240074, -86.52414986329906 39.158306441557805, -86.52548897569197 39.157827299482136, -86.52686860402875 39.15748172057386, -86.52827546173435 39.157273032946776, -86.529696 39.15720324637681, -86.53111653826565 39.157273032946776, -86.53252339597125 39.15748172057386, -86.53390302430803 39.157827299482136, -86.53524213670094 39.158306441557805, -86.5365278367656 39.15891453240074, -86.53774774250753 39.15964571576373, -86.53889010556759 39.16049294995126, -86.53994392436502 39.16144807563497, -86.54089905004874 39.16250189443241, -86.54174628423627 39.163644257492464, -86.54247746759926 39.164864163234405, -86.5430855584422 39.166149863299054, -86.54356470051786 39.16748897569196, -86.54391027942613 39.16886860402875, -86.54411896705322 39.17027546173435, -86.54418875362319 39.171696, -86.54411896705322 39.173116538265646, -86.54391027942613 39.17452339597124, -86.54356470051786 39.175903024308035, -86.5430855584422 39.17724213670094, -86.54247746759926 39.17852783676559, -86.54174628423627 39.17974774250753, -86.54089905004874 39.180890105567585, -86.53994392436502 39.18194392436502, -86.53889010556759 39.18289905004873, -86.53774774250753 39.183746284236264, -86.5365278367656 39.18447746759925, -86.53524213670094 39.18508555844219, -86.53390302430803 39.18556470051786, -86.53252339597125 39.18591027942613, -86.53111653826565 39.18611896705322, -86.529696 39.186188753623185, -86.52827546173435 39.18611896705322, -86.52686860402875 39.18591027942613, -86.52548897569197 39.18556470051786, -86.52414986329906 39.18508555844219, -86.5228641632344 39.18447746759925, -86.52164425749247 39.183746284236264, -86.52050189443241 39.18289905004873, -86.51944807563498 39.18194392436502, -86.51849294995127 39.180890105567585, -86.51764571576373 39.17974774250753, -86.51691453240075 39.17852783676559, -86.5163064415578 39.17724213670094, -86.51582729948214 39.175903024308035, -86.51548172057387 39.17452339597124, -86.51527303294678 39.173116538265646, -86.51520324637681 39.171696))",17,6
902388643,2015-02-05,Weekday,22:00:00,2-Car,No injury/unknown,FAILURE TO YIELD RIGHT OF WAY,3RD & WALNUT,39.16464,-86.5336,"39.16464,-86.5336",42,Clear,1,POINT (-86.5336 39.16464),0.0,"POLYGON ((-86.51910724637682 39.16464, -86.51917703294679 39.16321946173435, -86.51938572057388 39.16181260402875, -86.51973129948215 39.16043297569196, -86.52021044155781 39.159093863299056, -86.52081853240075 39.15780816323441, -86.52154971576374 39.156588257492466, -86.52239694995127 39.15544589443241, -86.52335207563499 39.15439207563497, -86.52440589443242 39.153436949951264, -86.52554825749247 39.15258971576373, -86.52676816323441 39.151858532400745, -86.52805386329906 39.151250441557806, -86.52939297569198 39.15077129948214, -86.53077260402875 39.150425720573864, -86.53217946173436 39.15021703294678, -86.5336 39.15014724637681, -86.53502053826566 39.15021703294678, -86.53642739597126 39.150425720573864, -86.53780702430804 39.15077129948214, -86.53914613670095 39.151250441557806, -86.5404318367656 39.151858532400745, -86.54165174250754 39.15258971576373, -86.5427941055676 39.153436949951264, -86.54384792436502 39.15439207563497, -86.54480305004874 39.15544589443241, -86.54565028423627 39.156588257492466, -86.54638146759926 39.15780816323441, -86.5469895584422 39.159093863299056, -86.54746870051787 39.16043297569196, -86.54781427942613 39.16181260402875, -86.54802296705323 39.16321946173435, -86.5480927536232 39.16464, -86.54802296705323 39.16606053826565, -86.54781427942613 39.167467395971244, -86.54746870051787 39.168847024308036, -86.5469895584422 39.17018613670094, -86.54638146759926 39.17147183676559, -86.54565028423627 39.17269174250753, -86.54480305004874 39.173834105567586, -86.54384792436502 39.174887924365024, -86.5427941055676 39.175843050048734, -86.54165174250754 39.176690284236265, -86.5404318367656 39.17742146759925, -86.53914613670095 39.17802955844219, -86.53780702430804 39.17850870051786, -86.53642739597126 39.17885427942613, -86.53502053826566 39.17906296705322, -86.5336 39.179132753623186, -86.53217946173436 39.17906296705322, -86.53077260402875 39.17885427942613, -86.52939297569198 39.17850870051786, -86.52805386329906 39.17802955844219, -86.52676816323441 39.17742146759925, -86.52554825749247 39.176690284236265, -86.52440589443242 39.175843050048734, -86.52335207563499 39.174887924365024, -86.52239694995127 39.173834105567586, -86.52154971576374 39.17269174250753, -86.52081853240075 39.17147183676559, -86.52021044155781 39.17018613670094, -86.51973129948215 39.168847024308036, -86.51938572057388 39.167467395971244, -86.51917703294679 39.16606053826565, -86.51910724637682 39.16464))",22,3
902501061,2015-08-01,Weekend,12:00:00,1-Car,Non-incapacitating,RAN OFF ROAD RIGHT,RATLIFF & THOMAS,38.8975569,-86.63040988,"38.8975569,-86.63040988",0,Clear,2,POINT (-86.63040988 38.8975569),0.0,,12,6
902389058,2015-02-06,Weekday,11:00:00,2-Car,No injury/unknown,,BURKS,39.152352,-86.5064,"39.152352,-86.5064",6,Clear,1,POINT (-86.5064 39.152352),0.0,"POLYGON ((-86.49190724637681 39.152352, -86.49197703294678 39.15093146173435, -86.49218572057387 39.149524604028755, -86.49253129948214 39.14814497569196, -86.4930104415578 39.14680586329906, -86.49361853240075 39.14552016323441, -86.49434971576373 39.14430025749247, -86.49519694995126 39.14315789443241, -86.49615207563498 39.142104075634975, -86.49720589443241 39.141148949951265, -86.49834825749247 39.140301715763734, -86.4995681632344 39.13957053240075, -86.50085386329906 39.13896244155781, -86.50219297569197 39.13848329948214, -86.50357260402875 39.138137720573866, -86.50497946173435 39.13792903294678, -86.5064 39.13785924637681, -86.50782053826565 39.13792903294678, -86.50922739597125 39.138137720573866, -86.51060702430803 39.13848329948214, -86.51194613670094 39.13896244155781, -86.5132318367656 39.13957053240075, -86.51445174250753 39.140301715763734, -86.51559410556759 39.141148949951265, -86.51664792436502 39.142104075634975, -86.51760305004873 39.14315789443241, -86.51845028423627 39.14430025749247, -86.51918146759925 39.14552016323441, -86.5197895584422 39.14680586329906, -86.52026870051786 39.14814497569196, -86.52061427942613 39.149524604028755, -86.52082296705322 39.15093146173435, -86.52089275362319 39.152352, -86.52082296705322 39.15377253826565, -86.52061427942613 39.155179395971246, -86.52026870051786 39.15655902430804, -86.5197895584422 39.15789813670094, -86.51918146759925 39.15918383676559, -86.51845028423627 39.16040374250753, -86.51760305004873 39.16154610556759, -86.51664792436502 39.162599924365026, -86.51559410556759 39.163555050048735, -86.51445174250753 39.16440228423627, -86.5132318367656 39.165133467599254, -86.51194613670094 39.16574155844219, -86.51060702430803 39.16622070051786, -86.50922739597125 39.166566279426135, -86.50782053826565 39.16677496705322, -86.5064 39.16684475362319, -86.50497946173435 39.16677496705322, -86.50357260402875 39.166566279426135, -86.50219297569197 39.16622070051786, -86.50085386329906 39.16574155844219, -86.4995681632344 39.165133467599254, -86.49834825749247 39.16440228423627, -86.49720589443241 39.163555050048735, -86.49615207563498 39.162599924365026, -86.49519694995126 39.16154610556759, -86.49434971576373 39.16040374250753, -86.49361853240075 39.15918383676559, -86.4930104415578 39.15789813670094, -86.49253129948214 39.15655902430804, -86.49218572057387 39.155179395971246, -86.49197703294678 39.15377253826565, -86.49190724637681 39.152352))",11,6
902430772,2015-04-07,Weekend,12:00:00,2-Car,No injury/unknown,FAILURE TO YIELD RIGHT OF WAY,RHORER & WALNUT STREET,39.12141994,-86.53134986,"39.12141994,-86.53134986",0,Patchy rain possible,1,POINT (-86.53134986 39.12141994),0.0,,12,6
902514198,2015-09-05,Weekday,11:00:00,2-Car,No injury/unknown,DISREGARD SIGNAL/REG SIGN,10TH & SR46W,39.171648,-86.502096,"39.171648,-86.502096",5,Clear,1,POINT (-86.502096 39.171648),0.0,"POLYGON ((-86.4876032463768 39.171648, -86.48767303294677 39.17022746173435, -86.48788172057387 39.16882060402875, -86.48822729948213 39.16744097569196, -86.4887064415578 39.166101863299055, -86.48931453240074 39.164816163234406, -86.49004571576373 39.163596257492465, -86.49089294995126 39.16245389443241, -86.49184807563498 39.16140007563497, -86.4929018944324 39.16044494995126, -86.49404425749246 39.15959771576373, -86.4952641632344 39.158866532400744, -86.49654986329905 39.158258441557805, -86.49788897569196 39.15777929948214, -86.49926860402874 39.15743372057386, -86.50067546173435 39.157225032946776, -86.502096 39.15715524637681, -86.50351653826564 39.157225032946776, -86.50492339597125 39.15743372057386, -86.50630302430802 39.15777929948214, -86.50764213670094 39.158258441557805, -86.5089278367656 39.158866532400744, -86.51014774250753 39.15959771576373, -86.51129010556758 39.16044494995126, -86.51234392436501 39.16140007563497, -86.51329905004873 39.16245389443241, -86.51414628423626 39.163596257492465, -86.51487746759925 39.164816163234406, -86.5154855584422 39.166101863299055, -86.51596470051786 39.16744097569196, -86.51631027942612 39.16882060402875, -86.51651896705322 39.17022746173435, -86.51658875362318 39.171648, -86.51651896705322 39.173068538265646, -86.51631027942612 39.17447539597124, -86.51596470051786 39.175855024308035, -86.5154855584422 39.17719413670094, -86.51487746759925 39.17847983676559, -86.51414628423626 39.17969974250753, -86.51329905004873 39.180842105567585, -86.51234392436501 39.18189592436502, -86.51129010556758 39.18285105004873, -86.51014774250753 39.183698284236264, -86.5089278367656 39.18442946759925, -86.50764213670094 39.18503755844219, -86.50630302430802 39.18551670051786, -86.50492339597125 39.18586227942613, -86.50351653826564 39.18607096705322, -86.502096 39.186140753623185, -86.50067546173435 39.18607096705322, -86.49926860402874 39.18586227942613, -86.49788897569196 39.18551670051786, -86.49654986329905 39.18503755844219, -86.4952641632344 39.18442946759925, -86.49404425749246 39.183698284236264, -86.4929018944324 39.18285105004873, -86.49184807563498 39.18189592436502, -86.49089294995126 39.180842105567585, -86.49004571576373 39.17969974250753, -86.48931453240074 39.17847983676559, -86.4887064415578 39.17719413670094, -86.48822729948213 39.175855024308035, -86.48788172057387 39.17447539597124, -86.48767303294677 39.173068538265646, -86.4876032463768 39.171648))",11,5
902403226,2015-02-02,Weekday,21:00:00,1-Car,No injury/unknown,UNSAFE SPEED,MT CARMEL & NORTH COUNTY LINE,39.296352,-86.684896,"39.296352,-86.684896",1,Light freezing rain,1,POINT (-86.684896 39.296352),0.0,"POLYGON ((-86.67040324637681 39.296352, -86.67047303294677 39.29493146173435, -86.67068172057387 39.293524604028754, -86.67102729948213 39.29214497569196, -86.6715064415578 39.290805863299056, -86.67211453240074 39.28952016323441, -86.67284571576373 39.288300257492466, -86.67369294995126 39.28715789443241, -86.67464807563498 39.286104075634974, -86.67570189443241 39.285148949951264, -86.67684425749246 39.28430171576373, -86.6780641632344 39.283570532400745, -86.67934986329905 39.28296244155781, -86.68068897569196 39.28248329948214, -86.68206860402874 39.282137720573864, -86.68347546173435 39.28192903294678, -86.684896 39.28185924637681, -86.68631653826564 39.28192903294678, -86.68772339597125 39.282137720573864, -86.68910302430803 39.28248329948214, -86.69044213670094 39.28296244155781, -86.6917278367656 39.283570532400745, -86.69294774250753 39.28430171576373, -86.69409010556758 39.285148949951264, -86.69514392436501 39.286104075634974, -86.69609905004873 39.28715789443241, -86.69694628423626 39.288300257492466, -86.69767746759925 39.28952016323441, -86.6982855584422 39.290805863299056, -86.69876470051786 39.29214497569196, -86.69911027942612 39.293524604028754, -86.69931896705322 39.29493146173435, -86.69938875362318 39.296352, -86.69931896705322 39.29777253826565, -86.69911027942612 39.299179395971244, -86.69876470051786 39.300559024308036, -86.6982855584422 39.30189813670094, -86.69767746759925 39.30318383676559, -86.69694628423626 39.30440374250753, -86.69609905004873 39.305546105567586, -86.69514392436501 39.306599924365024, -86.69409010556758 39.307555050048734, -86.69294774250753 39.308402284236266, -86.6917278367656 39.30913346759925, -86.69044213670094 39.30974155844219, -86.68910302430803 39.31022070051786, -86.68772339597125 39.31056627942613, -86.68631653826564 39.31077496705322, -86.684896 39.310844753623186, -86.68347546173435 39.31077496705322, -86.68206860402874 39.31056627942613, -86.68068897569196 39.31022070051786, -86.67934986329905 39.30974155844219, -86.6780641632344 39.30913346759925, -86.67684425749246 39.308402284236266, -86.67570189443241 39.307555050048734, -86.67464807563498 39.306599924365024, -86.67369294995126 39.305546105567586, -86.67284571576373 39.30440374250753, -86.67211453240074 39.30318383676559, -86.6715064415578 39.30189813670094, -86.67102729948213 39.300559024308036, -86.67068172057387 39.299179395971244, -86.67047303294677 39.29777253826565, -86.67040324637681 39.296352))",21,6
902515407,2015-09-07,Weekend,10:00:00,2-Car,Non-incapacitating,FOLLOWING TOO CLOSELY,N COLLEGE & W 11TH,39.173232,-86.534752,"39.173232,-86.534752",39,Clear,2,POINT (-86.534752 39.173232),0.0,"POLYGON ((-86.52025924637681 39.173232, -86.52032903294678 39.17181146173435, -86.52053772057387 39.170404604028754, -86.52088329948214 39.16902497569196, -86.5213624415578 39.167685863299056, -86.52197053240074 39.16640016323441, -86.52270171576373 39.165180257492466, -86.52354894995126 39.16403789443241, -86.52450407563498 39.162984075634974, -86.52555789443241 39.162028949951264, -86.52670025749246 39.16118171576373, -86.5279201632344 39.160450532400745, -86.52920586329905 39.15984244155781, -86.53054497569197 39.15936329948214, -86.53192460402875 39.159017720573864, -86.53333146173435 39.15880903294678, -86.534752 39.15873924637681, -86.53617253826565 39.15880903294678, -86.53757939597125 39.159017720573864, -86.53895902430803 39.15936329948214, -86.54029813670094 39.15984244155781, -86.5415838367656 39.160450532400745, -86.54280374250753 39.16118171576373, -86.54394610556758 39.162028949951264, -86.54499992436502 39.162984075634974, -86.54595505004873 39.16403789443241, -86.54680228423626 39.165180257492466, -86.54753346759925 39.16640016323441, -86.5481415584422 39.167685863299056, -86.54862070051786 39.16902497569196, -86.54896627942612 39.170404604028754, -86.54917496705322 39.17181146173435, -86.54924475362319 39.173232, -86.54917496705322 39.17465253826565, -86.54896627942612 39.176059395971244, -86.54862070051786 39.177439024308036, -86.5481415584422 39.17877813670094, -86.54753346759925 39.18006383676559, -86.54680228423626 39.18128374250753, -86.54595505004873 39.182426105567586, -86.54499992436502 39.183479924365024, -86.54394610556758 39.184435050048734, -86.54280374250753 39.185282284236266, -86.5415838367656 39.18601346759925, -86.54029813670094 39.18662155844219, -86.53895902430803 39.18710070051786, -86.53757939597125 39.18744627942613, -86.53617253826565 39.18765496705322, -86.534752 39.187724753623186, -86.53333146173435 39.18765496705322, -86.53192460402875 39.18744627942613, -86.53054497569197 39.18710070051786, -86.52920586329905 39.18662155844219, -86.5279201632344 39.18601346759925, -86.52670025749246 39.185282284236266, -86.52555789443241 39.184435050048734, -86.52450407563498 39.183479924365024, -86.52354894995126 39.182426105567586, -86.52270171576373 39.18128374250753, -86.52197053240074 39.18006383676559, -86.5213624415578 39.17877813670094, -86.52088329948214 39.177439024308036, -86.52053772057387 39.176059395971244, -86.52032903294678 39.17465253826565, -86.52025924637681 39.173232))",10,6