Master Record Number,Date,Weekend?,Hour,Collision Type,Injury Type,Primary Factor,Reported_Location,Latitude,Longitude,Location,Number of Bars,Weather Condition,Severity,geometry,area_number,bar_location,Hour of Day,Visibility (mi)
902456682,2015-06-05,Weekday,12:00:00,2-Car,No injury/unknown,UNSAFE BACKING,N BELL TRACE,39.16981973,-86.48916542,"39.16981973,-86.48916542",5,Partly cloudy,1,POINT (-86.48916542 39.16981973),0.0,"POLYGON ((-86.47467266637682 39.16981973, -86.47474245294678 39.16839919173435, -86.47495114057388 39.166992334028755, -86.47529671948215 39.16561270569196, -86.4757758615578 39.16427359329906, -86.47638395240075 39.16298789323441, -86.47711513576374 39.16176798749247, -86.47796236995127 39.16062562443241, -86.47891749563499 39.159571805634975, -86.47997131443242 39.158616679951265, -86.48111367749247 39.15776944576373, -86.48233358323441 39.15703826240075, -86.48361928329906 39.15643017155781, -86.48495839569198 39.15595102948214, -86.48633802402875 39.155605450573866, -86.48774488173436 39.15539676294678, -86.48916542 39.15532697637681, -86.49058595826565 39.15539676294678, -86.49199281597126 39.155605450573866, -86.49337244430804 39.15595102948214, -86.49471155670095 39.15643017155781, -86.4959972567656 39.15703826240075, -86.49721716250754 39.15776944576373, -86.4983595255676 39.158616679951265, -86.49941334436502 39.159571805634975, -86.50036847004874 39.16062562443241, -86.50121570423627 39.16176798749247, -86.50194688759926 39.16298789323441, -86.5025549784422 39.16427359329906, -86.50303412051787 39.16561270569196, -86.50337969942613 39.166992334028755, -86.50358838705323 39.16839919173435, -86.5036581736232 39.16981973, -86.50358838705323 39.17124026826565, -86.50337969942613 39.172647125971245, -86.50303412051787 39.17402675430804, -86.5025549784422 39.17536586670094, -86.50194688759926 39.17665156676559, -86.50121570423627 39.17787147250753, -86.50036847004874 39.17901383556759, -86.49941334436502 39.180067654365025, -86.4983595255676 39.181022780048735, -86.49721716250754 39.18187001423627, -86.4959972567656 39.182601197599254, -86.49471155670095 39.18320928844219, -86.49337244430804 39.18368843051786, -86.49199281597126 39.184034009426135, -86.49058595826565 39.18424269705322, -86.48916542 39.18431248362319, -86.48774488173436 39.18424269705322, -86.48633802402875 39.184034009426135, -86.48495839569198 39.18368843051786, -86.48361928329906 39.18320928844219, -86.48233358323441 39.182601197599254, -86.48111367749247 39.18187001423627, -86.47997131443242 39.181022780048735, -86.47891749563499 39.180067654365025, -86.47796236995127 39.17901383556759, -86.47711513576374 39.17787147250753, -86.47638395240075 39.17665156676559, -86.4757758615578 39.17536586670094, -86.47529671948215 39.17402675430804, -86.47495114057388 39.172647125971245, -86.47474245294678 39.17124026826565, -86.47467266637682 39.16981973))",12,6
902375867,2015-01-07,Weekend,12:00:00,2-Car,No injury/unknown,IMPROPER TURNING,JORDAN & THIRD,39.16427532,-86.51640856,"39.16427532,-86.51640856",19,Overcast,1,POINT (-86.51640856 39.16427532),0.0,"POLYGON ((-86.50191580637681 39.16427532, -86.50198559294678 39.16285478173435, -86.50219428057387 39.16144792402876, -86.50253985948214 39.160068295691964, -86.5030190015578 39.15872918329906, -86.50362709240075 39.15744348323441, -86.50435827576374 39.15622357749247, -86.50520550995127 39.155081214432414, -86.50616063563498 39.15402739563498, -86.50721445443241 39.15307226995127, -86.50835681749247 39.152225035763735, -86.5095767232344 39.15149385240075, -86.51086242329906 39.15088576155781, -86.51220153569197 39.15040661948214, -86.51358116402875 39.15006104057387, -86.51498802173435 39.14985235294678, -86.51640856 39.149782566376814, -86.51782909826565 39.14985235294678, -86.51923595597125 39.15006104057387, -86.52061558430803 39.15040661948214, -86.52195469670094 39.15088576155781, -86.5232403967656 39.15149385240075, -86.52446030250753 39.152225035763735, -86.52560266556759 39.15307226995127, -86.52665648436502 39.15402739563498, -86.52761161004874 39.155081214432414, -86.52845884423627 39.15622357749247, -86.52919002759926 39.15744348323441, -86.5297981184422 39.15872918329906, -86.53027726051786 39.160068295691964, -86.53062283942613 39.16144792402876, -86.53083152705322 39.16285478173435, -86.53090131362319 39.16427532, -86.53083152705322 39.16569585826565, -86.53062283942613 39.16710271597125, -86.53027726051786 39.16848234430804, -86.5297981184422 39.169821456700944, -86.52919002759926 39.17110715676559, -86.52845884423627 39.172327062507534, -86.52761161004874 39.17346942556759, -86.52665648436502 39.17452324436503, -86.52560266556759 39.17547837004874, -86.52446030250753 39.17632560423627, -86.5232403967656 39.177056787599255, -86.52195469670094 39.177664878442194, -86.52061558430803 39.17814402051786, -86.51923595597125 39.178489599426136, -86.51782909826565 39.17869828705322, -86.51640856 39.17876807362319, -86.51498802173435 39.17869828705322, -86.51358116402875 39.178489599426136, -86.51220153569197 39.17814402051786, -86.51086242329906 39.177664878442194, -86.5095767232344 39.177056787599255, -86.50835681749247 39.17632560423627, -86.50721445443241 39.17547837004874, -86.50616063563498 39.17452324436503, -86.50520550995127 39.17346942556759, -86.50435827576374 39.172327062507534, -86.50362709240075 39.17110715676559, -86.5030190015578 39.169821456700944, -86.50253985948214 39.16848234430804, -86.50219428057387 39.16710271597125, -86.50198559294678 39.16569585826565, -86.50191580637681 39.16427532))",12,6
902482778,2015-07-03,Weekday,16:00:00,2-Car,No injury/unknown,FAILURE TO YIELD RIGHT OF WAY,S FAIRFAX & SMITHVILLE,39.071152,-86.503088,"39.071152,-86.503088",0,Moderate or heavy rain shower,1,POINT (-86.503088 39.071152),0.0,,16,1
902440814,2015-05-03,Weekday,18:00:00,Cyclist,Incapacitating,FAILURE TO YIELD RIGHT OF WAY,E RAMP CREEK & S FAIRFAX,39.07114998,-86.50319002,"39.07114998,-86.50319002",0,Clear,2,POINT (-86.50319002 39.07114998),0.0,,18,6
902399407,2015-02-07,Weekend,11:00:00,2-Car,No injury/unknown,OTHER (DRIVER) - EXPLAIN IN NARRATIVE,N ROGERS,39.165696,-86.538592,"39.165696,-86.538592",43,Clear,1,POINT (-86.538592 39.165696),0.0,"POLYGON ((-86.5240992463768 39.165696, -86.52416903294677 39.16427546173435, -86.52437772057387 39.16286860402875, -86.52472329948213 39.16148897569196, -86.5252024415578 39.160149863299054, -86.52581053240074 39.158864163234405, -86.52654171576373 39.157644257492464, -86.52738894995126 39.15650189443241, -86.52834407563498 39.15544807563497, -86.5293978944324 39.15449294995126, -86.53054025749246 39.15364571576373, -86.5317601632344 39.15291453240074, -86.53304586329905 39.152306441557805, -86.53438497569196 39.151827299482136, -86.53576460402874 39.15148172057386, -86.53717146173435 39.151273032946776, -86.538592 39.15120324637681, -86.54001253826564 39.151273032946776, -86.54141939597125 39.15148172057386, -86.54279902430802 39.151827299482136, -86.54413813670094 39.152306441557805, -86.5454238367656 39.15291453240074, -86.54664374250753 39.15364571576373, -86.54778610556758 39.15449294995126, -86.54883992436501 39.15544807563497, -86.54979505004873 39.15650189443241, -86.55064228423626 39.157644257492464, -86.55137346759925 39.158864163234405, -86.5519815584422 39.160149863299054, -86.55246070051786 39.16148897569196, -86.55280627942612 39.16286860402875, -86.55301496705322 39.16427546173435, -86.55308475362318 39.165696, -86.55301496705322 39.167116538265645, -86.55280627942612 39.16852339597124, -86.55246070051786 39.169903024308034, -86.5519815584422 39.17124213670094, -86.55137346759925 39.17252783676559, -86.55064228423626 39.17374774250753, -86.54979505004873 39.174890105567584, -86.54883992436501 39.17594392436502, -86.54778610556758 39.17689905004873, -86.54664374250753 39.177746284236264, -86.5454238367656 39.17847746759925, -86.54413813670094 39.17908555844219, -86.54279902430802 39.17956470051786, -86.54141939597125 39.17991027942613, -86.54001253826564 39.18011896705322, -86.538592 39.180188753623185, -86.53717146173435 39.18011896705322, -86.53576460402874 39.17991027942613, -86.53438497569196 39.17956470051786, -86.53304586329905 39.17908555844219, -86.5317601632344 39.17847746759925, -86.53054025749246 39.177746284236264, -86.5293978944324 39.17689905004873, -86.52834407563498 39.17594392436502, -86.52738894995126 39.174890105567584, -86.52654171576373 39.17374774250753, -86.52581053240074 39.17252783676559, -86.5252024415578 39.17124213670094, -86.52472329948213 39.169903024308034, -86.52437772057387 39.16852339597124, -86.52416903294677 39.167116538265645, -86.5240992463768 39.165696))",11,6
902427122,2015-04-06,Weekday,17:00:00,2-Car,No injury/unknown,DRIVER DISTRACTED - EXPLAIN IN NARRATIVE,6TH & ROGERS,39.16768,-86.538592,"39.16768,-86.538592",42,Clear,1,POINT (-86.538592 39.16768),0.0,"POLYGON ((-86.5240992463768 39.16768, -86.52416903294677 39.16625946173435, -86.52437772057387 39.16485260402875, -86.52472329948213 39.16347297569196, -86.5252024415578 39.162133863299054, -86.52581053240074 39.160848163234405, -86.52654171576373 39.159628257492464, -86.52738894995126 39.15848589443241, -86.52834407563498 39.15743207563497, -86.5293978944324 39.15647694995126, -86.53054025749246 39.15562971576373, -86.5317601632344 39.15489853240074, -86.53304586329905 39.154290441557805, -86.53438497569196 39.153811299482136, -86.53576460402874 39.15346572057386, -86.53717146173435 39.153257032946776, -86.538592 39.15318724637681, -86.54001253826564 39.153257032946776, -86.54141939597125 39.15346572057386, -86.54279902430802 39.153811299482136, -86.54413813670094 39.154290441557805, -86.5454238367656 39.15489853240074, -86.54664374250753 39.15562971576373, -86.54778610556758 39.15647694995126, -86.54883992436501 39.15743207563497, -86.54979505004873 39.15848589443241, -86.55064228423626 39.159628257492464, -86.55137346759925 39.160848163234405, -86.5519815584422 39.162133863299054, -86.55246070051786 39.16347297569196, -86.55280627942612 39.16485260402875, -86.55301496705322 39.16625946173435, -86.55308475362318 39.16768, -86.55301496705322 39.169100538265646, -86.55280627942612 39.17050739597124, -86.55246070051786 39.171887024308035, -86.5519815584422 39.17322613670094, -86.55137346759925 39.17451183676559, -86.55064228423626 39.17573174250753, -86.54979505004873 39.176874105567585, -86.54883992436501 39.17792792436502, -86.54778610556758 39.17888305004873, -86.54664374250753 39.179730284236264, -86.5454238367656 39.18046146759925, -86.54413813670094 39.18106955844219, -86.54279902430802 39.18154870051786, -86.54141939597125 39.18189427942613, -86.54001253826564 39.18210296705322, -86.538592 39.182172753623185, -86.53717146173435 39.18210296705322, -86.53576460402874 39.18189427942613, -86.53438497569196 39.18154870051786, -86.53304586329905 39.18106955844219, -86.5317601632344 39.18046146759925, -86.53054025749246 39.179730284236264, -86.5293978944324 39.17888305004873, -86.52834407563498 39.17792792436502, -86.52738894995126 39.176874105567585, -86.52654171576373 39.17573174250753, -86.52581053240074 39.17451183676559, -86.5252024415578 39.17322613670094, -86.52472329948213 39.171887024308035, -86.52437772057387 39.17050739597124, -86.52416903294677 39.169100538265646, -86.5240992463768 39.16768))",17,6
902592578,2015-12-06,Weekday,11:00:00,3+ Cars,No injury/unknown,FOLLOWING TOO CLOSELY,3RD & COLLEGE MALL,39.16424,-86.4984,"39.16424,-86.4984",6,Clear,1,POINT (-86.4984 39.16424),0.0,"POLYGON ((-86.48390724637682 39.16424, -86.48397703294678 39.16281946173435, -86.48418572057388 39.161412604028754, -86.48453129948214 39.16003297569196, -86.4850104415578 39.15869386329906, -86.48561853240075 39.15740816323441, -86.48634971576374 39.15618825749247, -86.48719694995127 39.15504589443241, -86.48815207563499 39.153992075634974, -86.48920589443242 39.153036949951264, -86.49034825749247 39.15218971576373, -86.4915681632344 39.151458532400746, -86.49285386329906 39.15085044155781, -86.49419297569197 39.15037129948214, -86.49557260402875 39.150025720573865, -86.49697946173436 39.14981703294678, -86.4984 39.14974724637681, -86.49982053826565 39.14981703294678, -86.50122739597126 39.150025720573865, -86.50260702430803 39.15037129948214, -86.50394613670095 39.15085044155781, -86.5052318367656 39.151458532400746, -86.50645174250754 39.15218971576373, -86.50759410556759 39.153036949951264, -86.50864792436502 39.153992075634974, -86.50960305004874 39.15504589443241, -86.51045028423627 39.15618825749247, -86.51118146759926 39.15740816323441, -86.5117895584422 39.15869386329906, -86.51226870051786 39.16003297569196, -86.51261427942613 39.161412604028754, -86.51282296705322 39.16281946173435, -86.51289275362319 39.16424, -86.51282296705322 39.16566053826565, -86.51261427942613 39.167067395971245, -86.51226870051786 39.16844702430804, -86.5117895584422 39.16978613670094, -86.51118146759926 39.17107183676559, -86.51045028423627 39.17229174250753, -86.50960305004874 39.17343410556759, -86.50864792436502 39.174487924365025, -86.50759410556759 39.175443050048735, -86.50645174250754 39.176290284236266, -86.5052318367656 39.17702146759925, -86.50394613670095 39.17762955844219, -86.50260702430803 39.17810870051786, -86.50122739597126 39.178454279426134, -86.49982053826565 39.17866296705322, -86.4984 39.17873275362319, -86.49697946173436 39.17866296705322, -86.49557260402875 39.178454279426134, -86.49419297569197 39.17810870051786, -86.49285386329906 39.17762955844219, -86.4915681632344 39.17702146759925, -86.49034825749247 39.176290284236266, -86.48920589443242 39.175443050048735, -86.48815207563499 39.174487924365025, -86.48719694995127 39.17343410556759, -86.48634971576374 39.17229174250753, -86.48561853240075 39.17107183676559, -86.4850104415578 39.16978613670094, -86.48453129948214 39.16844702430804, -86.48418572057388 39.167067395971245, -86.48397703294678 39.16566053826565, -86.48390724637682 39.16424))",11,6
902386362,2015-02-03,Weekday,17:00:00,2-Car,No injury/unknown,FAILURE TO YIELD RIGHT OF WAY,N CURRY & W VERNAL,39.179248,-86.5832,"39.179248,-86.5832",4,Clear,1,POINT (-86.5832 39.179248),0.0,"POLYGON ((-86.56870724637682 39.179248, -86.56877703294678 39.17782746173435, -86.56898572057388 39.176420604028756, -86.56933129948214 39.175040975691964, -86.5698104415578 39.17370186329906, -86.57041853240075 39.17241616323441, -86.57114971576374 39.17119625749247, -86.57199694995127 39.170053894432414, -86.57295207563499 39.169000075634976, -86.57400589443242 39.168044949951266, -86.57514825749247 39.167197715763734, -86.5763681632344 39.16646653240075, -86.57765386329906 39.16585844155781, -86.57899297569197 39.16537929948214, -86.58037260402875 39.16503372057387, -86.58177946173436 39.16482503294678, -86.5832 39.164755246376814, -86.58462053826565 39.16482503294678, -86.58602739597126 39.16503372057387, -86.58740702430804 39.16537929948214, -86.58874613670095 39.16585844155781, -86.5900318367656 39.16646653240075, -86.59125174250754 39.167197715763734, -86.59239410556759 39.168044949951266, -86.59344792436502 39.169000075634976, -86.59440305004874 39.170053894432414, -86.59525028423627 39.17119625749247, -86.59598146759926 39.17241616323441, -86.5965895584422 39.17370186329906, -86.59706870051787 39.175040975691964, -86.59741427942613 39.176420604028756, -86.59762296705323 39.17782746173435, -86.59769275362319 39.179248, -86.59762296705323 39.18066853826565, -86.59741427942613 39.182075395971246, -86.59706870051787 39.18345502430804, -86.5965895584422 39.184794136700944, -86.59598146759926 39.18607983676559, -86.59525028423627 39.187299742507534, -86.59440305004874 39.18844210556759, -86.59344792436502 39.189495924365026, -86.59239410556759 39.190451050048736, -86.59125174250754 39.19129828423627, -86.5900318367656 39.192029467599255, -86.58874613670095 39.19263755844219, -86.58740702430804 39.19311670051786, -86.58602739597126 39.193462279426136, -86.58462053826565 39.19367096705322, -86.5832 39.19374075362319, -86.58177946173436 39.19367096705322, -86.58037260402875 39.193462279426136, -86.57899297569197 39.19311670051786, -86.57765386329906 39.19263755844219, -86.5763681632344 39.192029467599255, -86.57514825749247 39.19129828423627, -86.57400589443242 39.190451050048736, -86.57295207563499 39.189495924365026, -86.57199694995127 39.18844210556759, -86.57114971576374 39.187299742507534, -86.57041853240075 39.18607983676559, -86.5698104415578 39.184794136700944, -86.56933129948214 39.18345502430804, -86.56898572057388 39.182075395971246, -86.56877703294678 39.18066853826565, -86.56870724637682 39.179248))",17,6
902504613,2015-08-04,Weekday,14:00:00,2-Car,No injury/unknown,UNSAFE BACKING,W FULLERTON,39.123376,-86.58224,"39.123376,-86.58224",0,Clear,1,POINT (-86.58224 39.123376),0.0,,14,6
902434505,2015-04-06,Weekend,19:00:00,2-Car,No injury/unknown,UNSAFE BACKING,N WALNUT,39.232544,-86.540704,"39.232544,-86.540704",0,Clear,1,POINT (-86.540704 39.232544),0.0,,19,6
902547203,2015-10-03,Weekday,17:00:00,2-Car,Non-incapacitating,FOLLOWING TOO CLOSELY,CONSTITUTION & LIBERTY,39.14872891,-86.57591446,"39.14872891,-86.57591446",1,Heavy rain at times,2,POINT (-86.57591446 39.14872891),0.0,"POLYGON ((-86.56142170637682 39.14872891, -86.56149149294679 39.147308371734354, -86.56170018057388 39.14590151402876, -86.56204575948215 39.144521885691965, -86.56252490155781 39.14318277329906, -86.56313299240075 39.14189707323441, -86.56386417576374 39.14067716749247, -86.56471140995127 39.139534804432415, -86.56566653563499 39.13848098563498, -86.56672035443242 39.13752585995127, -86.56786271749247 39.136678625763736, -86.56908262323441 39.13594744240075, -86.57036832329906 39.13533935155781, -86.57170743569198 39.13486020948214, -86.57308706402875 39.13451463057387, -86.57449392173436 39.13430594294678, -86.57591446 39.134236156376815, -86.57733499826566 39.13430594294678, -86.57874185597126 39.13451463057387, -86.58012148430804 39.13486020948214, -86.58146059670095 39.13533935155781, -86.5827462967656 39.13594744240075, -86.58396620250754 39.136678625763736, -86.5851085655676 39.13752585995127, -86.58616238436502 39.13848098563498, -86.58711751004874 39.139534804432415, -86.58796474423627 39.14067716749247, -86.58869592759926 39.14189707323441, -86.5893040184422 39.14318277329906, -86.58978316051787 39.144521885691965, -86.59012873942613 39.14590151402876, -86.59033742705323 39.147308371734354, -86.5904072136232 39.14872891, -86.59033742705323 39.15014944826565, -86.59012873942613 39.15155630597125, -86.58978316051787 39.15293593430804, -86.5893040184422 39.154275046700945, -86.58869592759926 39.155560746765595, -86.58796474423627 39.156780652507535, -86.58711751004874 39.15792301556759, -86.58616238436502 39.15897683436503, -86.5851085655676 39.15993196004874, -86.58396620250754 39.16077919423627, -86.5827462967656 39.16151037759926, -86.58146059670095 39.162118468442195, -86.58012148430804 39.162597610517864, -86.57874185597126 39.16294318942614, -86.57733499826566 39.163151877053224, -86.57591446 39.16322166362319, -86.57449392173436 39.163151877053224, -86.57308706402875 39.16294318942614, -86.57170743569198 39.162597610517864, -86.57036832329906 39.162118468442195, -86.56908262323441 39.16151037759926, -86.56786271749247 39.16077919423627, -86.56672035443242 39.15993196004874, -86.56566653563499 39.15897683436503, -86.56471140995127 39.15792301556759, -86.56386417576374 39.156780652507535, -86.56313299240075 39.155560746765595, -86.56252490155781 39.154275046700945, -86.56204575948215 39.15293593430804, -86.56170018057388 39.15155630597125, -86.56149149294679 39.15014944826565, -86.56142170637682 39.14872891))",17,4
902439207,2015-05-02,Weekday,08:00:00,1-Car,No injury/unknown,DRIVER ASLEEP OR FATIGUED,S LEONARD SPRINGS & SR45W,39.14190066,-86.5828886,"39.14190066,-86.5828886",1,Clear,1,POINT (-86.5828886 39.14190066),0.0,"POLYGON ((-86.56839584637682 39.14190066, -86.56846563294678 39.14048012173435, -86.56867432057388 39.13907326402875, -86.56901989948214 39.13769363569196, -86.5694990415578 39.136354523299055, -86.57010713240075 39.135068823234405, -86.57083831576374 39.133848917492465, -86.57168554995127 39.13270655443241, -86.57264067563499 39.13165273563497, -86.57369449443242 39.13069760995126, -86.57483685749247 39.12985037576373, -86.5760567632344 39.12911919240074, -86.57734246329906 39.128511101557805, -86.57868157569197 39.128031959482136, -86.58006120402875 39.12768638057386, -86.58146806173436 39.127477692946776, -86.5828886 39.12740790637681, -86.58430913826565 39.127477692946776, -86.58571599597126 39.12768638057386, -86.58709562430803 39.128031959482136, -86.58843473670095 39.128511101557805, -86.5897204367656 39.12911919240074, -86.59094034250754 39.12985037576373, -86.59208270556759 39.13069760995126, -86.59313652436502 39.13165273563497, -86.59409165004874 39.13270655443241, -86.59493888423627 39.133848917492465, -86.59567006759926 39.135068823234405, -86.5962781584422 39.136354523299055, -86.59675730051787 39.13769363569196, -86.59710287942613 39.13907326402875, -86.59731156705323 39.14048012173435, -86.59738135362319 39.14190066, -86.59731156705323 39.143321198265646, -86.59710287942613 39.14472805597124, -86.59675730051787 39.146107684308035, -86.5962781584422 39.14744679670094, -86.59567006759926 39.14873249676559, -86.59493888423627 39.14995240250753, -86.59409165004874 39.151094765567585, -86.59313652436502 39.15214858436502, -86.59208270556759 39.15310371004873, -86.59094034250754 39.153950944236264, -86.5897204367656 39.15468212759925, -86.58843473670095 39.15529021844219, -86.58709562430803 39.15576936051786, -86.58571599597126 39.15611493942613, -86.58430913826565 39.15632362705322, -86.5828886 39.156393413623185, -86.58146806173436 39.15632362705322, -86.58006120402875 39.15611493942613, -86.57868157569197 39.15576936051786, -86.57734246329906 39.15529021844219, -86.5760567632344 39.15468212759925, -86.57483685749247 39.153950944236264, -86.57369449443242 39.15310371004873, -86.57264067563499 39.15214858436502, -86.57168554995127 39.151094765567585, -86.57083831576374 39.14995240250753, -86.57010713240075 39.14873249676559, -86.5694990415578 39.14744679670094, -86.56901989948214 39.146107684308035, -86.56867432057388 39.14472805597124, -86.56846563294678 39.143321198265646, -86.56839584637682 39.14190066))",8,6
902396086,2015-02-03,Weekday,10:00:00,2-Car,No injury/unknown,FAILURE TO YIELD RIGHT OF WAY,W 3RD,39.16424,-86.48434743,"39.16424,-86.48434743",6,Clear,1,POINT (-86.48434743 39.16424),0.0,"POLYGON ((-86.46985467637681 39.16424, -86.46992446294678 39.16281946173435, -86.47013315057387 39.161412604028754, -86.47047872948214 39.16003297569196, -86.4709578715578 39.15869386329906, -86.47156596240075 39.15740816323441, -86.47229714576373 39.15618825749247, -86.47314437995126 39.15504589443241, -86.47409950563498 39.153992075634974, -86.47515332443241 39.153036949951264, -86.47629568749247 39.15218971576373, -86.4775155932344 39.151458532400746, -86.47880129329906 39.15085044155781, -86.48014040569197 39.15037129948214, -86.48152003402875 39.150025720573865, -86.48292689173435 39.14981703294678, -86.48434743 39.14974724637681, -86.48576796826565 39.14981703294678, -86.48717482597125 39.150025720573865, -86.48855445430803 39.15037129948214, -86.48989356670094 39.15085044155781, -86.4911792667656 39.151458532400746, -86.49239917250753 39.15218971576373, -86.49354153556759 39.153036949951264, -86.49459535436502 39.153992075634974, -86.49555048004873 39.15504589443241, -86.49639771423627 39.15618825749247, -86.49712889759925 39.15740816323441, -86.4977369884422 39.15869386329906, -86.49821613051786 39.16003297569196, -86.49856170942613 39.161412604028754, -86.49877039705322 39.16281946173435, -86.49884018362319 39.16424, -86.49877039705322 39.16566053826565, -86.49856170942613 39.167067395971245, -86.49821613051786 39.16844702430804, -86.4977369884422 39.16978613670094, -86.49712889759925 39.17107183676559, -86.49639771423627 39.17229174250753, -86.49555048004873 39.17343410556759, -86.49459535436502 39.174487924365025, -86.49354153556759 39.175443050048735, -86.49239917250753 39.176290284236266, -86.4911792667656 39.17702146759925, -86.48989356670094 39.17762955844219, -86.48855445430803 39.17810870051786, -86.48717482597125 39.178454279426134, -86.48576796826565 39.17866296705322, -86.48434743 39.17873275362319, -86.48292689173435 39.17866296705322, -86.48152003402875 39.178454279426134, -86.48014040569197 39.17810870051786, -86.47880129329906 39.17762955844219, -86.4775155932344 39.17702146759925, -86.47629568749247 39.176290284236266, -86.47515332443241 39.175443050048735, -86.47409950563498 39.174487924365025, -86.47314437995126 39.17343410556759, -86.47229714576373 39.17229174250753, -86.47156596240075 39.17107183676559, -86.4709578715578 39.16978613670094, -86.47047872948214 39.16844702430804, -86.47013315057387 39.167067395971245, -86.46992446294678 39.16566053826565, -86.46985467637681 39.16424))",10,6
902525211,2015-09-02,Weekday,23:00:00,2-Car,No injury/unknown,FOLLOWING TOO CLOSELY,SOUTH ROGERS & WEST GRAHAM,39.13992,-86.538416,"39.13992,-86.538416",2,Clear,1,POINT (-86.538416 39.13992),0.0,"POLYGON ((-86.52392324637681 39.13992, -86.52399303294678 39.13849946173435, -86.52420172057387 39.13709260402875, -86.52454729948214 39.13571297569196, -86.5250264415578 39.134373863299054, -86.52563453240074 39.133088163234405, -86.52636571576373 39.131868257492464, -86.52721294995126 39.13072589443241, -86.52816807563498 39.12967207563497, -86.52922189443241 39.12871694995126, -86.53036425749247 39.12786971576373, -86.5315841632344 39.12713853240074, -86.53286986329906 39.126530441557804, -86.53420897569197 39.126051299482135, -86.53558860402875 39.12570572057386, -86.53699546173435 39.125497032946775, -86.538416 39.12542724637681, -86.53983653826565 39.125497032946775, -86.54124339597125 39.12570572057386, -86.54262302430803 39.126051299482135, -86.54396213670094 39.126530441557804, -86.5452478367656 39.12713853240074, -86.54646774250753 39.12786971576373, -86.54761010556759 39.12871694995126, -86.54866392436502 39.12967207563497, -86.54961905004873 39.13072589443241, -86.55046628423626 39.131868257492464, -86.55119746759925 39.133088163234405, -86.5518055584422 39.134373863299054, -86.55228470051786 39.13571297569196, -86.55263027942613 39.13709260402875, -86.55283896705322 39.13849946173435, -86.55290875362319 39.13992, -86.55283896705322 39.141340538265645, -86.55263027942613 39.14274739597124, -86.55228470051786 39.144127024308034, -86.5518055584422 39.14546613670094, -86.55119746759925 39.14675183676559, -86.55046628423626 39.14797174250753, -86.54961905004873 39.149114105567584, -86.54866392436502 39.15016792436502, -86.54761010556759 39.15112305004873, -86.54646774250753 39.15197028423626, -86.5452478367656 39.15270146759925, -86.54396213670094 39.15330955844219, -86.54262302430803 39.15378870051786, -86.54124339597125 39.15413427942613, -86.53983653826565 39.15434296705322, -86.538416 39.154412753623184, -86.53699546173435 39.15434296705322, -86.53558860402875 39.15413427942613, -86.53420897569197 39.15378870051786, -86.53286986329906 39.15330955844219, -86.5315841632344 39.15270146759925, -86.53036425749247 39.15197028423626, -86.52922189443241 39.15112305004873, -86.52816807563498 39.15016792436502, -86.52721294995126 39.149114105567584, -86.52636571576373 39.14797174250753, -86.52563453240074 39.14675183676559, -86.5250264415578 39.14546613670094, -86.52454729948214 39.144127024308034, -86.52420172057387 39.14274739597124, -86.52399303294678 39.141340538265645, -86.52392324637681 39.13992))",23,6
902447989,2015-05-03,Weekday,15:00:00,2-Car,No injury/unknown,UNSAFE BACKING,COMMON & WESTMINSTER,39.13298026,-86.52176029,"39.13298026,-86.52176029",1,Clear,1,POINT (-86.52176029 39.13298026),0.0,"POLYGON ((-86.50726753637682 39.13298026, -86.50733732294678 39.13155972173435, -86.50754601057388 39.13015286402875, -86.50789158948214 39.12877323569196, -86.5083707315578 39.127434123299054, -86.50897882240075 39.126148423234405, -86.50971000576374 39.124928517492464, -86.51055723995127 39.12378615443241, -86.51151236563499 39.12273233563497, -86.51256618443242 39.12177720995126, -86.51370854749247 39.12092997576373, -86.5149284532344 39.12019879240074, -86.51621415329906 39.119590701557804, -86.51755326569197 39.119111559482135, -86.51893289402875 39.11876598057386, -86.52033975173435 39.118557292946775, -86.52176029 39.11848750637681, -86.52318082826565 39.118557292946775, -86.52458768597126 39.11876598057386, -86.52596731430803 39.119111559482135, -86.52730642670095 39.119590701557804, -86.5285921267656 39.12019879240074, -86.52981203250754 39.12092997576373, -86.53095439556759 39.12177720995126, -86.53200821436502 39.12273233563497, -86.53296334004874 39.12378615443241, -86.53381057423627 39.124928517492464, -86.53454175759926 39.126148423234405, -86.5351498484422 39.127434123299054, -86.53562899051786 39.12877323569196, -86.53597456942613 39.13015286402875, -86.53618325705322 39.13155972173435, -86.53625304362319 39.13298026, -86.53618325705322 39.134400798265645, -86.53597456942613 39.13580765597124, -86.53562899051786 39.137187284308034, -86.5351498484422 39.13852639670094, -86.53454175759926 39.13981209676559, -86.53381057423627 39.14103200250753, -86.53296334004874 39.142174365567584, -86.53200821436502 39.14322818436502, -86.53095439556759 39.14418331004873, -86.52981203250754 39.14503054423626, -86.5285921267656 39.14576172759925, -86.52730642670095 39.14636981844219, -86.52596731430803 39.14684896051786, -86.52458768597126 39.14719453942613, -86.52318082826565 39.14740322705322, -86.52176029 39.147473013623184, -86.52033975173435 39.14740322705322, -86.51893289402875 39.14719453942613, -86.51755326569197 39.14684896051786, -86.51621415329906 39.14636981844219, -86.5149284532344 39.14576172759925, -86.51370854749247 39.14503054423626, -86.51256618443242 39.14418331004873, -86.51151236563499 39.14322818436502, -86.51055723995127 39.142174365567584, -86.50971000576374 39.14103200250753, -86.50897882240075 39.13981209676559, -86.5083707315578 39.13852639670094, -86.50789158948214 39.137187284308034, -86.50754601057388 39.13580765597124, -86.50733732294678 39.134400798265645, -86.50726753637682 39.13298026))",15,6