Master Record Number,Date,Weekend?,Hour,Collision Type,Injury Type,Primary Factor,Reported_Location,Latitude,Longitude,Location,Number of Bars,Weather Condition,Severity,geometry,area_number,bar_location,Hour of Day,Visibility (mi)
902530804,2015-09-04,Weekday,21:00:00,2-Car,No injury/unknown,IMPROPER LANE USAGE,COTTAGE GROVE & INDIANA,39.17264,-86.52880426,"39.17264,-86.52880426",40,Clear,1,POINT (-86.52880426 39.17264),0.0,"POLYGON ((-86.51431150637681 39.17264, -86.51438129294678 39.17121946173435, -86.51458998057387 39.169812604028756, -86.51493555948214 39.168432975691964, -86.5154147015578 39.16709386329906, -86.51602279240075 39.16580816323441, -86.51675397576373 39.16458825749247, -86.51760120995127 39.163445894432414, -86.51855633563498 39.162392075634976, -86.51961015443241 39.161436949951266, -86.52075251749247 39.160589715763734, -86.5219724232344 39.15985853240075, -86.52325812329906 39.15925044155781, -86.52459723569197 39.15877129948214, -86.52597686402875 39.15842572057387, -86.52738372173435 39.15821703294678, -86.52880426 39.158147246376814, -86.53022479826565 39.15821703294678, -86.53163165597125 39.15842572057387, -86.53301128430803 39.15877129948214, -86.53435039670094 39.15925044155781, -86.5356360967656 39.15985853240075, -86.53685600250753 39.160589715763734, -86.53799836556759 39.161436949951266, -86.53905218436502 39.162392075634976, -86.54000731004874 39.163445894432414, -86.54085454423627 39.16458825749247, -86.54158572759926 39.16580816323441, -86.5421938184422 39.16709386329906, -86.54267296051786 39.168432975691964, -86.54301853942613 39.169812604028756, -86.54322722705322 39.17121946173435, -86.54329701362319 39.17264, -86.54322722705322 39.17406053826565, -86.54301853942613 39.175467395971246, -86.54267296051786 39.17684702430804, -86.5421938184422 39.178186136700944, -86.54158572759926 39.17947183676559, -86.54085454423627 39.180691742507534, -86.54000731004874 39.18183410556759, -86.53905218436502 39.182887924365026, -86.53799836556759 39.183843050048736, -86.53685600250753 39.18469028423627, -86.5356360967656 39.185421467599255, -86.53435039670094 39.18602955844219, -86.53301128430803 39.18650870051786, -86.53163165597125 39.186854279426136, -86.53022479826565 39.18706296705322, -86.52880426 39.18713275362319, -86.52738372173435 39.18706296705322, -86.52597686402875 39.186854279426136, -86.52459723569197 39.18650870051786, -86.52325812329906 39.18602955844219, -86.5219724232344 39.185421467599255, -86.52075251749247 39.18469028423627, -86.51961015443241 39.183843050048736, -86.51855633563498 39.182887924365026, -86.51760120995127 39.18183410556759, -86.51675397576373 39.180691742507534, -86.51602279240075 39.17947183676559, -86.5154147015578 39.178186136700944, -86.51493555948214 39.17684702430804, -86.51458998057387 39.175467395971246, -86.51438129294678 39.17406053826565, -86.51431150637681 39.17264))",21,6
902444315,2015-05-03,Weekday,05:00:00,1-Car,No injury/unknown,RAN OFF ROAD RIGHT,SR37S & VICTOR,39.105552,-86.551104,"39.105552,-86.551104",0,Clear,1,POINT (-86.551104 39.105552),0.0,,5,6
902435041,2015-04-07,Weekend,22:00:00,2-Car,No injury/unknown,UNSAFE BACKING,N ROSE,39.16704632,-86.51084236,"39.16704632,-86.51084236",9,Patchy rain possible,1,POINT (-86.51084236 39.16704632),0.0,"POLYGON ((-86.49634960637681 39.16704632, -86.49641939294678 39.16562578173435, -86.49662808057387 39.16421892402875, -86.49697365948214 39.16283929569196, -86.4974528015578 39.161500183299054, -86.49806089240074 39.160214483234405, -86.49879207576373 39.158994577492464, -86.49963930995126 39.15785221443241, -86.50059443563498 39.15679839563497, -86.50164825443241 39.15584326995126, -86.50279061749247 39.15499603576373, -86.5040105232344 39.15426485240074, -86.50529622329906 39.153656761557805, -86.50663533569197 39.153177619482136, -86.50801496402875 39.15283204057386, -86.50942182173435 39.152623352946776, -86.51084236 39.15255356637681, -86.51226289826565 39.152623352946776, -86.51366975597125 39.15283204057386, -86.51504938430803 39.153177619482136, -86.51638849670094 39.153656761557805, -86.5176741967656 39.15426485240074, -86.51889410250753 39.15499603576373, -86.52003646556759 39.15584326995126, -86.52109028436502 39.15679839563497, -86.52204541004873 39.15785221443241, -86.52289264423626 39.158994577492464, -86.52362382759925 39.160214483234405, -86.5242319184422 39.161500183299054, -86.52471106051786 39.16283929569196, -86.52505663942613 39.16421892402875, -86.52526532705322 39.16562578173435, -86.52533511362319 39.16704632, -86.52526532705322 39.168466858265646, -86.52505663942613 39.16987371597124, -86.52471106051786 39.171253344308035, -86.5242319184422 39.17259245670094, -86.52362382759925 39.17387815676559, -86.52289264423626 39.17509806250753, -86.52204541004873 39.176240425567585, -86.52109028436502 39.17729424436502, -86.52003646556759 39.17824937004873, -86.51889410250753 39.179096604236264, -86.5176741967656 39.17982778759925, -86.51638849670094 39.18043587844219, -86.51504938430803 39.18091502051786, -86.51366975597125 39.18126059942613, -86.51226289826565 39.18146928705322, -86.51084236 39.181539073623185, -86.50942182173435 39.18146928705322, -86.50801496402875 39.18126059942613, -86.50663533569197 39.18091502051786, -86.50529622329906 39.18043587844219, -86.5040105232344 39.17982778759925, -86.50279061749247 39.179096604236264, -86.50164825443241 39.17824937004873, -86.50059443563498 39.17729424436502, -86.49963930995126 39.176240425567585, -86.49879207576373 39.17509806250753, -86.49806089240074 39.17387815676559, -86.4974528015578 39.17259245670094, -86.49697365948214 39.171253344308035, -86.49662808057387 39.16987371597124, -86.49641939294678 39.168466858265646, -86.49634960637681 39.16704632))",22,6
902489120,2015-07-01,Weekend,16:00:00,1-Car,No injury/unknown,,S WALNUT,39.15556865,-86.5336,"39.15556865,-86.5336",38,Clear,1,POINT (-86.5336 39.15556865),0.0,"POLYGON ((-86.51910724637682 39.15556865, -86.51917703294679 39.15414811173435, -86.51938572057388 39.152741254028754, -86.51973129948215 39.15136162569196, -86.52021044155781 39.15002251329906, -86.52081853240075 39.14873681323441, -86.52154971576374 39.14751690749247, -86.52239694995127 39.14637454443241, -86.52335207563499 39.145320725634974, -86.52440589443242 39.144365599951264, -86.52554825749247 39.14351836576373, -86.52676816323441 39.142787182400745, -86.52805386329906 39.14217909155781, -86.52939297569198 39.14169994948214, -86.53077260402875 39.141354370573865, -86.53217946173436 39.14114568294678, -86.5336 39.14107589637681, -86.53502053826566 39.14114568294678, -86.53642739597126 39.141354370573865, -86.53780702430804 39.14169994948214, -86.53914613670095 39.14217909155781, -86.5404318367656 39.142787182400745, -86.54165174250754 39.14351836576373, -86.5427941055676 39.144365599951264, -86.54384792436502 39.145320725634974, -86.54480305004874 39.14637454443241, -86.54565028423627 39.14751690749247, -86.54638146759926 39.14873681323441, -86.5469895584422 39.15002251329906, -86.54746870051787 39.15136162569196, -86.54781427942613 39.152741254028754, -86.54802296705323 39.15414811173435, -86.5480927536232 39.15556865, -86.54802296705323 39.15698918826565, -86.54781427942613 39.158396045971244, -86.54746870051787 39.15977567430804, -86.5469895584422 39.16111478670094, -86.54638146759926 39.16240048676559, -86.54565028423627 39.16362039250753, -86.54480305004874 39.16476275556759, -86.54384792436502 39.165816574365024, -86.5427941055676 39.166771700048734, -86.54165174250754 39.167618934236266, -86.5404318367656 39.16835011759925, -86.53914613670095 39.16895820844219, -86.53780702430804 39.16943735051786, -86.53642739597126 39.169782929426134, -86.53502053826566 39.16999161705322, -86.5336 39.17006140362319, -86.53217946173436 39.16999161705322, -86.53077260402875 39.169782929426134, -86.52939297569198 39.16943735051786, -86.52805386329906 39.16895820844219, -86.52676816323441 39.16835011759925, -86.52554825749247 39.167618934236266, -86.52440589443242 39.166771700048734, -86.52335207563499 39.165816574365024, -86.52239694995127 39.16476275556759, -86.52154971576374 39.16362039250753, -86.52081853240075 39.16240048676559, -86.52021044155781 39.16111478670094, -86.51973129948215 39.15977567430804, -86.51938572057388 39.158396045971244, -86.51917703294679 39.15698918826565, -86.51910724637682 39.15556865))",16,6
902397021,2015-02-04,Weekday,09:00:00,2-Car,No injury/unknown,UNSAFE BACKING,ODELL,39.1264008,-86.52882926,"39.1264008,-86.52882926",1,Clear,1,POINT (-86.52882926 39.1264008),0.0,"POLYGON ((-86.51433650637681 39.1264008, -86.51440629294677 39.12498026173435, -86.51461498057387 39.123573404028754, -86.51496055948213 39.12219377569196, -86.5154397015578 39.120854663299056, -86.51604779240074 39.11956896323441, -86.51677897576373 39.118349057492466, -86.51762620995126 39.11720669443241, -86.51858133563498 39.116152875634974, -86.51963515443241 39.115197749951264, -86.52077751749246 39.11435051576373, -86.5219974232344 39.113619332400745, -86.52328312329905 39.11301124155781, -86.52462223569196 39.11253209948214, -86.52600186402874 39.112186520573864, -86.52740872173435 39.11197783294678, -86.52882926 39.11190804637681, -86.53024979826564 39.11197783294678, -86.53165665597125 39.112186520573864, -86.53303628430803 39.11253209948214, -86.53437539670094 39.11301124155781, -86.5356610967656 39.113619332400745, -86.53688100250753 39.11435051576373, -86.53802336556758 39.115197749951264, -86.53907718436501 39.116152875634974, -86.54003231004873 39.11720669443241, -86.54087954423626 39.118349057492466, -86.54161072759925 39.11956896323441, -86.5422188184422 39.120854663299056, -86.54269796051786 39.12219377569196, -86.54304353942612 39.123573404028754, -86.54325222705322 39.12498026173435, -86.54332201362318 39.1264008, -86.54325222705322 39.12782133826565, -86.54304353942612 39.129228195971244, -86.54269796051786 39.130607824308036, -86.5422188184422 39.13194693670094, -86.54161072759925 39.13323263676559, -86.54087954423626 39.13445254250753, -86.54003231004873 39.13559490556759, -86.53907718436501 39.136648724365024, -86.53802336556758 39.137603850048734, -86.53688100250753 39.138451084236266, -86.5356610967656 39.13918226759925, -86.53437539670094 39.13979035844219, -86.53303628430803 39.14026950051786, -86.53165665597125 39.140615079426134, -86.53024979826564 39.14082376705322, -86.52882926 39.14089355362319, -86.52740872173435 39.14082376705322, -86.52600186402874 39.140615079426134, -86.52462223569196 39.14026950051786, -86.52328312329905 39.13979035844219, -86.5219974232344 39.13918226759925, -86.52077751749246 39.138451084236266, -86.51963515443241 39.137603850048734, -86.51858133563498 39.136648724365024, -86.51762620995126 39.13559490556759, -86.51677897576373 39.13445254250753, -86.51604779240074 39.13323263676559, -86.5154397015578 39.13194693670094, -86.51496055948213 39.130607824308036, -86.51461498057387 39.129228195971244, -86.51440629294677 39.12782133826565, -86.51433650637681 39.1264008))",9,6
902532210,2015-10-06,Weekend,22:00:00,Pedestrian,Non-incapacitating,FAILURE TO YIELD RIGHT OF WAY,6TH & LINCOLN,39.16768,-86.530992,"39.16768,-86.530992",42,Clear,2,POINT (-86.530992 39.16768),0.0,"POLYGON ((-86.51649924637681 39.16768, -86.51656903294678 39.16625946173435, -86.51677772057387 39.16485260402875, -86.51712329948214 39.16347297569196, -86.5176024415578 39.162133863299054, -86.51821053240074 39.160848163234405, -86.51894171576373 39.159628257492464, -86.51978894995126 39.15848589443241, -86.52074407563498 39.15743207563497, -86.52179789443241 39.15647694995126, -86.52294025749246 39.15562971576373, -86.5241601632344 39.15489853240074, -86.52544586329905 39.154290441557805, -86.52678497569197 39.153811299482136, -86.52816460402875 39.15346572057386, -86.52957146173435 39.153257032946776, -86.530992 39.15318724637681, -86.53241253826565 39.153257032946776, -86.53381939597125 39.15346572057386, -86.53519902430803 39.153811299482136, -86.53653813670094 39.154290441557805, -86.5378238367656 39.15489853240074, -86.53904374250753 39.15562971576373, -86.54018610556759 39.15647694995126, -86.54123992436502 39.15743207563497, -86.54219505004873 39.15848589443241, -86.54304228423626 39.159628257492464, -86.54377346759925 39.160848163234405, -86.5443815584422 39.162133863299054, -86.54486070051786 39.16347297569196, -86.54520627942613 39.16485260402875, -86.54541496705322 39.16625946173435, -86.54548475362319 39.16768, -86.54541496705322 39.169100538265646, -86.54520627942613 39.17050739597124, -86.54486070051786 39.171887024308035, -86.5443815584422 39.17322613670094, -86.54377346759925 39.17451183676559, -86.54304228423626 39.17573174250753, -86.54219505004873 39.176874105567585, -86.54123992436502 39.17792792436502, -86.54018610556759 39.17888305004873, -86.53904374250753 39.179730284236264, -86.5378238367656 39.18046146759925, -86.53653813670094 39.18106955844219, -86.53519902430803 39.18154870051786, -86.53381939597125 39.18189427942613, -86.53241253826565 39.18210296705322, -86.530992 39.182172753623185, -86.52957146173435 39.18210296705322, -86.52816460402875 39.18189427942613, -86.52678497569197 39.18154870051786, -86.52544586329905 39.18106955844219, -86.5241601632344 39.18046146759925, -86.52294025749246 39.179730284236264, -86.52179789443241 39.17888305004873, -86.52074407563498 39.17792792436502, -86.51978894995126 39.176874105567585, -86.51894171576373 39.17573174250753, -86.51821053240074 39.17451183676559, -86.5176024415578 39.17322613670094, -86.51712329948214 39.171887024308035, -86.51677772057387 39.17050739597124, -86.51656903294678 39.169100538265646, -86.51649924637681 39.16768))",22,6
902567469,2015-11-06,Weekday,17:00:00,2-Car,No injury/unknown,FAILURE TO YIELD RIGHT OF WAY,3RD & SWAIN,39.16425012,-86.51525996,"39.16425012,-86.51525996",12,Overcast,1,POINT (-86.51525996 39.16425012),0.0,"POLYGON ((-86.5007672063768 39.16425012, -86.50083699294677 39.16282958173435, -86.50104568057387 39.16142272402875, -86.50139125948213 39.16004309569196, -86.5018704015578 39.158703983299056, -86.50247849240074 39.157418283234406, -86.50320967576373 39.156198377492466, -86.50405690995126 39.15505601443241, -86.50501203563498 39.15400219563497, -86.5060658544324 39.15304706995126, -86.50720821749246 39.15219983576373, -86.5084281232344 39.151468652400744, -86.50971382329905 39.150860561557806, -86.51105293569196 39.15038141948214, -86.51243256402874 39.150035840573864, -86.51383942173435 39.14982715294678, -86.51525996 39.14975736637681, -86.51668049826564 39.14982715294678, -86.51808735597125 39.150035840573864, -86.51946698430802 39.15038141948214, -86.52080609670094 39.150860561557806, -86.5220917967656 39.151468652400744, -86.52331170250753 39.15219983576373, -86.52445406556758 39.15304706995126, -86.52550788436501 39.15400219563497, -86.52646301004873 39.15505601443241, -86.52731024423626 39.156198377492466, -86.52804142759925 39.157418283234406, -86.5286495184422 39.158703983299056, -86.52912866051786 39.16004309569196, -86.52947423942612 39.16142272402875, -86.52968292705322 39.16282958173435, -86.52975271362318 39.16425012, -86.52968292705322 39.16567065826565, -86.52947423942612 39.16707751597124, -86.52912866051786 39.168457144308036, -86.5286495184422 39.16979625670094, -86.52804142759925 39.17108195676559, -86.52731024423626 39.17230186250753, -86.52646301004873 39.173444225567586, -86.52550788436501 39.17449804436502, -86.52445406556758 39.17545317004873, -86.52331170250753 39.176300404236265, -86.5220917967656 39.17703158759925, -86.52080609670094 39.17763967844219, -86.51946698430802 39.17811882051786, -86.51808735597125 39.17846439942613, -86.51668049826564 39.17867308705322, -86.51525996 39.178742873623186, -86.51383942173435 39.17867308705322, -86.51243256402874 39.17846439942613, -86.51105293569196 39.17811882051786, -86.50971382329905 39.17763967844219, -86.5084281232344 39.17703158759925, -86.50720821749246 39.176300404236265, -86.5060658544324 39.17545317004873, -86.50501203563498 39.17449804436502, -86.50405690995126 39.173444225567586, -86.50320967576373 39.17230186250753, -86.50247849240074 39.17108195676559, -86.5018704015578 39.16979625670094, -86.50139125948213 39.168457144308036, -86.50104568057387 39.16707751597124, -86.50083699294677 39.16567065826565, -86.5007672063768 39.16425012))",17,1
902527847,2015-09-06,Weekday,16:00:00,2-Car,No injury/unknown,IMPROPER LANE USAGE,E SAMPLE & SR37N,39.26753244,-86.5228128,"39.26753244,-86.5228128",0,Cloudy,1,POINT (-86.5228128 39.26753244),0.0,,16,5
902490583,2015-07-04,Weekday,09:00:00,2-Car,No injury/unknown,SPEED TOO FAST FOR WEATHER CONDITIONS,3RD & YANCY,39.16454774,-86.56949951,"39.16454774,-86.56949951",6,Cloudy,1,POINT (-86.56949951 39.16454774),0.0,"POLYGON ((-86.55500675637681 39.16454774, -86.55507654294678 39.163127201734355, -86.55528523057387 39.16172034402876, -86.55563080948214 39.160340715691966, -86.5561099515578 39.15900160329906, -86.55671804240075 39.15771590323441, -86.55744922576373 39.15649599749247, -86.55829645995126 39.155353634432416, -86.55925158563498 39.15429981563498, -86.56030540443241 39.15334468995127, -86.56144776749247 39.152497455763736, -86.5626676732344 39.15176627240075, -86.56395337329906 39.15115818155781, -86.56529248569197 39.15067903948214, -86.56667211402875 39.15033346057387, -86.56807897173435 39.15012477294678, -86.56949951 39.150054986376816, -86.57092004826565 39.15012477294678, -86.57232690597125 39.15033346057387, -86.57370653430803 39.15067903948214, -86.57504564670094 39.15115818155781, -86.5763313467656 39.15176627240075, -86.57755125250753 39.152497455763736, -86.57869361556759 39.15334468995127, -86.57974743436502 39.15429981563498, -86.58070256004873 39.155353634432416, -86.58154979423627 39.15649599749247, -86.58228097759925 39.15771590323441, -86.5828890684422 39.15900160329906, -86.58336821051786 39.160340715691966, -86.58371378942613 39.16172034402876, -86.58392247705322 39.163127201734355, -86.58399226362319 39.16454774, -86.58392247705322 39.16596827826565, -86.58371378942613 39.16737513597125, -86.58336821051786 39.16875476430804, -86.5828890684422 39.170093876700946, -86.58228097759925 39.171379576765595, -86.58154979423627 39.172599482507536, -86.58070256004873 39.17374184556759, -86.57974743436502 39.17479566436503, -86.57869361556759 39.17575079004874, -86.57755125250753 39.17659802423627, -86.5763313467656 39.17732920759926, -86.57504564670094 39.177937298442195, -86.57370653430803 39.178416440517864, -86.57232690597125 39.17876201942614, -86.57092004826565 39.178970707053224, -86.56949951 39.17904049362319, -86.56807897173435 39.178970707053224, -86.56667211402875 39.17876201942614, -86.56529248569197 39.178416440517864, -86.56395337329906 39.177937298442195, -86.5626676732344 39.17732920759926, -86.56144776749247 39.17659802423627, -86.56030540443241 39.17575079004874, -86.55925158563498 39.17479566436503, -86.55829645995126 39.17374184556759, -86.55744922576373 39.172599482507536, -86.55671804240075 39.171379576765595, -86.5561099515578 39.170093876700946, -86.55563080948214 39.16875476430804, -86.55528523057387 39.16737513597125, -86.55507654294678 39.16596827826565, -86.55500675637681 39.16454774))",9,6
902382276,2015-01-04,Weekday,11:00:00,2-Car,No injury/unknown,UNSAFE BACKING,N ROSE,39.1662177,-86.51097988,"39.1662177,-86.51097988",9,Patchy rain possible,1,POINT (-86.51097988 39.1662177),0.0,"POLYGON ((-86.4964871263768 39.1662177, -86.49655691294677 39.16479716173435, -86.49676560057387 39.16339030402875, -86.49711117948213 39.16201067569196, -86.4975903215578 39.160671563299054, -86.49819841240074 39.159385863234405, -86.49892959576373 39.158165957492464, -86.49977682995126 39.15702359443241, -86.50073195563498 39.15596977563497, -86.5017857744324 39.15501464995126, -86.50292813749246 39.15416741576373, -86.5041480432344 39.15343623240074, -86.50543374329905 39.152828141557805, -86.50677285569196 39.152348999482136, -86.50815248402874 39.15200342057386, -86.50955934173435 39.151794732946776, -86.51097988 39.15172494637681, -86.51240041826564 39.151794732946776, -86.51380727597125 39.15200342057386, -86.51518690430802 39.152348999482136, -86.51652601670094 39.152828141557805, -86.51781171676559 39.15343623240074, -86.51903162250753 39.15416741576373, -86.52017398556758 39.15501464995126, -86.52122780436501 39.15596977563497, -86.52218293004873 39.15702359443241, -86.52303016423626 39.158165957492464, -86.52376134759925 39.159385863234405, -86.52436943844219 39.160671563299054, -86.52484858051785 39.16201067569196, -86.52519415942612 39.16339030402875, -86.52540284705321 39.16479716173435, -86.52547263362318 39.1662177, -86.52540284705321 39.167638238265646, -86.52519415942612 39.16904509597124, -86.52484858051785 39.170424724308035, -86.52436943844219 39.17176383670094, -86.52376134759925 39.17304953676559, -86.52303016423626 39.17426944250753, -86.52218293004873 39.175411805567585, -86.52122780436501 39.17646562436502, -86.52017398556758 39.17742075004873, -86.51903162250753 39.178267984236264, -86.51781171676559 39.17899916759925, -86.51652601670094 39.17960725844219, -86.51518690430802 39.18008640051786, -86.51380727597125 39.18043197942613, -86.51240041826564 39.18064066705322, -86.51097988 39.180710453623185, -86.50955934173435 39.18064066705322, -86.50815248402874 39.18043197942613, -86.50677285569196 39.18008640051786, -86.50543374329905 39.17960725844219, -86.5041480432344 39.17899916759925, -86.50292813749246 39.178267984236264, -86.5017857744324 39.17742075004873, -86.50073195563498 39.17646562436502, -86.49977682995126 39.175411805567585, -86.49892959576373 39.17426944250753, -86.49819841240074 39.17304953676559, -86.4975903215578 39.17176383670094, -86.49711117948213 39.170424724308035, -86.49676560057387 39.16904509597124, -86.49655691294677 39.167638238265646, -86.4964871263768 39.1662177))",11,5
902437344,2015-04-05,Weekday,10:00:00,2-Car,No injury/unknown,FAILURE TO YIELD RIGHT OF WAY,3RD & UNION,39.164352,-86.5088,"39.164352,-86.5088",6,Clear,1,POINT (-86.5088 39.164352),0.0,"POLYGON ((-86.4943072463768 39.164352, -86.49437703294677 39.16293146173435, -86.49458572057387 39.161524604028756, -86.49493129948213 39.16014497569196, -86.4954104415578 39.15880586329906, -86.49601853240074 39.15752016323441, -86.49674971576373 39.15630025749247, -86.49759694995126 39.15515789443241, -86.49855207563498 39.154104075634976, -86.4996058944324 39.153148949951266, -86.50074825749246 39.152301715763734, -86.5019681632344 39.15157053240075, -86.50325386329905 39.15096244155781, -86.50459297569196 39.15048329948214, -86.50597260402874 39.150137720573866, -86.50737946173435 39.14992903294678, -86.5088 39.14985924637681, -86.51022053826564 39.14992903294678, -86.51162739597125 39.150137720573866, -86.51300702430802 39.15048329948214, -86.51434613670094 39.15096244155781, -86.51563183676559 39.15157053240075, -86.51685174250753 39.152301715763734, -86.51799410556758 39.153148949951266, -86.51904792436501 39.154104075634976, -86.52000305004873 39.15515789443241, -86.52085028423626 39.15630025749247, -86.52158146759925 39.15752016323441, -86.5221895584422 39.15880586329906, -86.52266870051785 39.16014497569196, -86.52301427942612 39.161524604028756, -86.52322296705321 39.16293146173435, -86.52329275362318 39.164352, -86.52322296705321 39.16577253826565, -86.52301427942612 39.167179395971246, -86.52266870051785 39.16855902430804, -86.5221895584422 39.169898136700944, -86.52158146759925 39.17118383676559, -86.52085028423626 39.172403742507534, -86.52000305004873 39.17354610556759, -86.51904792436501 39.174599924365026, -86.51799410556758 39.175555050048736, -86.51685174250753 39.17640228423627, -86.51563183676559 39.177133467599255, -86.51434613670094 39.17774155844219, -86.51300702430802 39.17822070051786, -86.51162739597125 39.178566279426136, -86.51022053826564 39.17877496705322, -86.5088 39.17884475362319, -86.50737946173435 39.17877496705322, -86.50597260402874 39.178566279426136, -86.50459297569196 39.17822070051786, -86.50325386329905 39.17774155844219, -86.5019681632344 39.177133467599255, -86.50074825749246 39.17640228423627, -86.4996058944324 39.175555050048736, -86.49855207563498 39.174599924365026, -86.49759694995126 39.17354610556759, -86.49674971576373 39.172403742507534, -86.49601853240074 39.17118383676559, -86.4954104415578 39.169898136700944, -86.49493129948213 39.16855902430804, -86.49458572057387 39.167179395971246, -86.49437703294677 39.16577253826565, -86.4943072463768 39.164352))",10,6
902434796,2015-04-07,Weekend,05:00:00,1-Car,Incapacitating,OTHER (DRIVER) - EXPLAIN IN NARRATIVE,SR45W,39.125312,-86.610496,"39.125312,-86.610496",0,Patchy rain possible,2,POINT (-86.610496 39.125312),0.0,,5,6
902544456,2015-10-02,Weekday,13:00:00,2-Car,No injury/unknown,UNSAFE LANE MOVEMENT,N CURRY & W VERNAL,39.2003166,-86.58308029,"39.2003166,-86.58308029",0,Clear,1,POINT (-86.58308029 39.2003166),0.0,,13,6
902539962,2015-10-05,Weekday,23:00:00,1-Car,Non-incapacitating,UNSAFE SPEED,E KIRKWOOD & S DUNN,39.16664,-86.528192,"39.16664,-86.528192",43,Clear,2,POINT (-86.528192 39.16664),0.0,"POLYGON ((-86.51369924637682 39.16664, -86.51376903294678 39.16521946173435, -86.51397772057388 39.163812604028756, -86.51432329948214 39.162432975691964, -86.5148024415578 39.16109386329906, -86.51541053240075 39.15980816323441, -86.51614171576374 39.15858825749247, -86.51698894995127 39.15744589443241, -86.51794407563499 39.156392075634976, -86.51899789443242 39.155436949951266, -86.52014025749247 39.154589715763734, -86.5213601632344 39.15385853240075, -86.52264586329906 39.15325044155781, -86.52398497569197 39.15277129948214, -86.52536460402875 39.152425720573866, -86.52677146173436 39.15221703294678, -86.528192 39.15214724637681, -86.52961253826565 39.15221703294678, -86.53101939597126 39.152425720573866, -86.53239902430803 39.15277129948214, -86.53373813670095 39.15325044155781, -86.5350238367656 39.15385853240075, -86.53624374250754 39.154589715763734, -86.53738610556759 39.155436949951266, -86.53843992436502 39.156392075634976, -86.53939505004874 39.15744589443241, -86.54024228423627 39.15858825749247, -86.54097346759926 39.15980816323441, -86.5415815584422 39.16109386329906, -86.54206070051787 39.162432975691964, -86.54240627942613 39.163812604028756, -86.54261496705323 39.16521946173435, -86.54268475362319 39.16664, -86.54261496705323 39.16806053826565, -86.54240627942613 39.169467395971246, -86.54206070051787 39.17084702430804, -86.5415815584422 39.172186136700944, -86.54097346759926 39.17347183676559, -86.54024228423627 39.174691742507534, -86.53939505004874 39.17583410556759, -86.53843992436502 39.176887924365026, -86.53738610556759 39.177843050048736, -86.53624374250754 39.17869028423627, -86.5350238367656 39.179421467599255, -86.53373813670095 39.18002955844219, -86.53239902430803 39.18050870051786, -86.53101939597126 39.180854279426136, -86.52961253826565 39.18106296705322, -86.528192 39.18113275362319, -86.52677146173436 39.18106296705322, -86.52536460402875 39.180854279426136, -86.52398497569197 39.18050870051786, -86.52264586329906 39.18002955844219, -86.5213601632344 39.179421467599255, -86.52014025749247 39.17869028423627, -86.51899789443242 39.177843050048736, -86.51794407563499 39.176887924365026, -86.51698894995127 39.17583410556759, -86.51614171576374 39.174691742507534, -86.51541053240075 39.17347183676559, -86.5148024415578 39.172186136700944, -86.51432329948214 39.17084702430804, -86.51397772057388 39.169467395971246, -86.51376903294678 39.16806053826565, -86.51369924637682 39.16664))",23,6
902534491,2015-10-04,Weekday,09:00:00,2-Car,No injury/unknown,UNSAFE BACKING,12TH & INDIANA,39.174368,-86.527088,"39.174368,-86.527088",40,Cloudy,1,POINT (-86.527088 39.174368),0.0,"POLYGON ((-86.51259524637682 39.174368, -86.51266503294679 39.17294746173435, -86.51287372057388 39.171540604028756, -86.51321929948215 39.170160975691964, -86.5136984415578 39.16882186329906, -86.51430653240075 39.16753616323441, -86.51503771576374 39.16631625749247, -86.51588494995127 39.165173894432414, -86.51684007563499 39.164120075634976, -86.51789389443242 39.163164949951266, -86.51903625749247 39.162317715763734, -86.52025616323441 39.16158653240075, -86.52154186329906 39.16097844155781, -86.52288097569198 39.16049929948214, -86.52426060402875 39.16015372057387, -86.52566746173436 39.15994503294678, -86.527088 39.159875246376814, -86.52850853826565 39.15994503294678, -86.52991539597126 39.16015372057387, -86.53129502430804 39.16049929948214, -86.53263413670095 39.16097844155781, -86.5339198367656 39.16158653240075, -86.53513974250754 39.162317715763734, -86.5362821055676 39.163164949951266, -86.53733592436502 39.164120075634976, -86.53829105004874 39.165173894432414, -86.53913828423627 39.16631625749247, -86.53986946759926 39.16753616323441, -86.5404775584422 39.16882186329906, -86.54095670051787 39.170160975691964, -86.54130227942613 39.171540604028756, -86.54151096705323 39.17294746173435, -86.5415807536232 39.174368, -86.54151096705323 39.17578853826565, -86.54130227942613 39.177195395971246, -86.54095670051787 39.17857502430804, -86.5404775584422 39.179914136700944, -86.53986946759926 39.18119983676559, -86.53913828423627 39.182419742507534, -86.53829105004874 39.18356210556759, -86.53733592436502 39.184615924365026, -86.5362821055676 39.185571050048736, -86.53513974250754 39.18641828423627, -86.5339198367656 39.187149467599255, -86.53263413670095 39.18775755844219, -86.53129502430804 39.18823670051786, -86.52991539597126 39.188582279426136, -86.52850853826565 39.18879096705322, -86.527088 39.18886075362319, -86.52566746173436 39.18879096705322, -86.52426060402875 39.188582279426136, -86.52288097569198 39.18823670051786, -86.52154186329906 39.18775755844219, -86.52025616323441 39.187149467599255, -86.51903625749247 39.18641828423627, -86.51789389443242 39.185571050048736, -86.51684007563499 39.184615924365026, -86.51588494995127 39.18356210556759, -86.51503771576374 39.182419742507534, -86.51430653240075 39.18119983676559, -86.5136984415578 39.179914136700944, -86.51321929948215 39.17857502430804, -86.51287372057388 39.177195395971246, -86.51266503294679 39.17578853826565, -86.51259524637682 39.174368))",9,6