Master Record Number,Date,Weekend?,Hour,Collision Type,Injury Type,Primary Factor,Reported_Location,Latitude,Longitude,Location,Number of Bars,Weather Condition,Severity,geometry,area_number,bar_location,Hour of Day,Visibility (mi)
902424548,2015-04-02,Weekday,14:00:00,2-Car,No injury/unknown,FOLLOWING TOO CLOSELY,ATWATER & HIGH,39.16308001,-86.50846995,"39.16308001,-86.50846995",7,Clear,1,POINT (-86.50846995 39.16308001),0.0,"POLYGON ((-86.49397719637682 39.16308001, -86.49404698294678 39.16165947173435, -86.49425567057388 39.16025261402876, -86.49460124948214 39.158872985691964, -86.4950803915578 39.15753387329906, -86.49568848240075 39.15624817323441, -86.49641966576374 39.15502826749247, -86.49726689995127 39.153885904432414, -86.49822202563499 39.15283208563498, -86.49927584443242 39.15187695995127, -86.50041820749247 39.151029725763735, -86.5016381132344 39.15029854240075, -86.50292381329906 39.14969045155781, -86.50426292569198 39.14921130948214, -86.50564255402875 39.14886573057387, -86.50704941173436 39.14865704294678, -86.50846995 39.148587256376814, -86.50989048826565 39.14865704294678, -86.51129734597126 39.14886573057387, -86.51267697430804 39.14921130948214, -86.51401608670095 39.14969045155781, -86.5153017867656 39.15029854240075, -86.51652169250754 39.151029725763735, -86.5176640555676 39.15187695995127, -86.51871787436502 39.15283208563498, -86.51967300004874 39.153885904432414, -86.52052023423627 39.15502826749247, -86.52125141759926 39.15624817323441, -86.5218595084422 39.15753387329906, -86.52233865051787 39.158872985691964, -86.52268422942613 39.16025261402876, -86.52289291705323 39.16165947173435, -86.5229627036232 39.16308001, -86.52289291705323 39.16450054826565, -86.52268422942613 39.16590740597125, -86.52233865051787 39.16728703430804, -86.5218595084422 39.168626146700944, -86.52125141759926 39.169911846765594, -86.52052023423627 39.171131752507534, -86.51967300004874 39.17227411556759, -86.51871787436502 39.17332793436503, -86.5176640555676 39.17428306004874, -86.51652169250754 39.17513029423627, -86.5153017867656 39.175861477599256, -86.51401608670095 39.176469568442194, -86.51267697430804 39.17694871051786, -86.51129734597126 39.177294289426136, -86.50989048826565 39.17750297705322, -86.50846995 39.17757276362319, -86.50704941173436 39.17750297705322, -86.50564255402875 39.177294289426136, -86.50426292569198 39.17694871051786, -86.50292381329906 39.176469568442194, -86.5016381132344 39.175861477599256, -86.50041820749247 39.17513029423627, -86.49927584443242 39.17428306004874, -86.49822202563499 39.17332793436503, -86.49726689995127 39.17227411556759, -86.49641966576374 39.171131752507534, -86.49568848240075 39.169911846765594, -86.4950803915578 39.168626146700944, -86.49460124948214 39.16728703430804, -86.49425567057388 39.16590740597125, -86.49404698294678 39.16450054826565, -86.49397719637682 39.16308001))",14,6
902431658,2015-04-02,Weekday,08:00:00,2-Car,No injury/unknown,DISREGARD SIGNAL/REG SIGN,ATWATER & JORDAN,39.16305243,-86.51638885,"39.16305243,-86.51638885",20,Clear,1,POINT (-86.51638885 39.16305243),0.0,"POLYGON ((-86.50189609637681 39.16305243, -86.50196588294678 39.16163189173435, -86.50217457057387 39.160225034028755, -86.50252014948214 39.15884540569196, -86.5029992915578 39.15750629329906, -86.50360738240074 39.15622059323441, -86.50433856576373 39.15500068749247, -86.50518579995126 39.15385832443241, -86.50614092563498 39.152804505634975, -86.50719474443241 39.151849379951265, -86.50833710749247 39.151002145763734, -86.5095570132344 39.15027096240075, -86.51084271329906 39.14966287155781, -86.51218182569197 39.14918372948214, -86.51356145402875 39.148838150573866, -86.51496831173435 39.14862946294678, -86.51638885 39.14855967637681, -86.51780938826565 39.14862946294678, -86.51921624597125 39.148838150573866, -86.52059587430803 39.14918372948214, -86.52193498670094 39.14966287155781, -86.5232206867656 39.15027096240075, -86.52444059250753 39.151002145763734, -86.52558295556759 39.151849379951265, -86.52663677436502 39.152804505634975, -86.52759190004873 39.15385832443241, -86.52843913423627 39.15500068749247, -86.52917031759925 39.15622059323441, -86.5297784084422 39.15750629329906, -86.53025755051786 39.15884540569196, -86.53060312942613 39.160225034028755, -86.53081181705322 39.16163189173435, -86.53088160362319 39.16305243, -86.53081181705322 39.16447296826565, -86.53060312942613 39.165879825971246, -86.53025755051786 39.16725945430804, -86.5297784084422 39.16859856670094, -86.52917031759925 39.16988426676559, -86.52843913423627 39.17110417250753, -86.52759190004873 39.17224653556759, -86.52663677436502 39.173300354365026, -86.52558295556759 39.174255480048735, -86.52444059250753 39.17510271423627, -86.5232206867656 39.175833897599254, -86.52193498670094 39.17644198844219, -86.52059587430803 39.17692113051786, -86.51921624597125 39.177266709426135, -86.51780938826565 39.17747539705322, -86.51638885 39.17754518362319, -86.51496831173435 39.17747539705322, -86.51356145402875 39.177266709426135, -86.51218182569197 39.17692113051786, -86.51084271329906 39.17644198844219, -86.5095570132344 39.175833897599254, -86.50833710749247 39.17510271423627, -86.50719474443241 39.174255480048735, -86.50614092563498 39.173300354365026, -86.50518579995126 39.17224653556759, -86.50433856576373 39.17110417250753, -86.50360738240074 39.16988426676559, -86.5029992915578 39.16859856670094, -86.50252014948214 39.16725945430804, -86.50217457057387 39.165879825971246, -86.50196588294678 39.16447296826565, -86.50189609637681 39.16305243))",8,6
902393904,2015-02-06,Weekday,03:00:00,2-Car,No injury/unknown,OVERCORRECTING/OVERSTEERING,E 2ND & S WASHINGTON,39.16144,-86.5324,"39.16144,-86.5324",43,Clear,1,POINT (-86.5324 39.16144),0.0,"POLYGON ((-86.51790724637681 39.16144, -86.51797703294677 39.16001946173435, -86.51818572057387 39.158612604028754, -86.51853129948213 39.15723297569196, -86.5190104415578 39.155893863299056, -86.51961853240074 39.15460816323441, -86.52034971576373 39.153388257492466, -86.52119694995126 39.15224589443241, -86.52215207563498 39.151192075634974, -86.52320589443241 39.150236949951264, -86.52434825749246 39.14938971576373, -86.5255681632344 39.148658532400745, -86.52685386329905 39.14805044155781, -86.52819297569197 39.14757129948214, -86.52957260402874 39.147225720573864, -86.53097946173435 39.14701703294678, -86.5324 39.14694724637681, -86.53382053826564 39.14701703294678, -86.53522739597125 39.147225720573864, -86.53660702430803 39.14757129948214, -86.53794613670094 39.14805044155781, -86.5392318367656 39.148658532400745, -86.54045174250753 39.14938971576373, -86.54159410556758 39.150236949951264, -86.54264792436501 39.151192075634974, -86.54360305004873 39.15224589443241, -86.54445028423626 39.153388257492466, -86.54518146759925 39.15460816323441, -86.5457895584422 39.155893863299056, -86.54626870051786 39.15723297569196, -86.54661427942612 39.158612604028754, -86.54682296705322 39.16001946173435, -86.54689275362318 39.16144, -86.54682296705322 39.16286053826565, -86.54661427942612 39.164267395971244, -86.54626870051786 39.165647024308036, -86.5457895584422 39.16698613670094, -86.54518146759925 39.16827183676559, -86.54445028423626 39.16949174250753, -86.54360305004873 39.170634105567586, -86.54264792436501 39.171687924365024, -86.54159410556758 39.172643050048734, -86.54045174250753 39.173490284236266, -86.5392318367656 39.17422146759925, -86.53794613670094 39.17482955844219, -86.53660702430803 39.17530870051786, -86.53522739597125 39.17565427942613, -86.53382053826564 39.17586296705322, -86.5324 39.17593275362319, -86.53097946173435 39.17586296705322, -86.52957260402874 39.17565427942613, -86.52819297569197 39.17530870051786, -86.52685386329905 39.17482955844219, -86.5255681632344 39.17422146759925, -86.52434825749246 39.173490284236266, -86.52320589443241 39.172643050048734, -86.52215207563498 39.171687924365024, -86.52119694995126 39.170634105567586, -86.52034971576373 39.16949174250753, -86.51961853240074 39.16827183676559, -86.5190104415578 39.16698613670094, -86.51853129948213 39.165647024308036, -86.51818572057387 39.164267395971244, -86.51797703294677 39.16286053826565, -86.51790724637681 39.16144))",3,6
902393012,2015-02-05,Weekday,14:00:00,2-Car,Incapacitating,FOLLOWING TOO CLOSELY,10TH & UNION,39.171472,-86.509376,"39.171472,-86.509376",5,Clear,2,POINT (-86.509376 39.171472),0.0,"POLYGON ((-86.49488324637682 39.171472, -86.49495303294678 39.17005146173435, -86.49516172057388 39.168644604028756, -86.49550729948214 39.167264975691964, -86.4959864415578 39.16592586329906, -86.49659453240075 39.16464016323441, -86.49732571576374 39.16342025749247, -86.49817294995127 39.162277894432414, -86.49912807563499 39.161224075634976, -86.50018189443242 39.160268949951266, -86.50132425749247 39.159421715763735, -86.5025441632344 39.15869053240075, -86.50382986329906 39.15808244155781, -86.50516897569197 39.15760329948214, -86.50654860402875 39.15725772057387, -86.50795546173435 39.15704903294678, -86.509376 39.156979246376814, -86.51079653826565 39.15704903294678, -86.51220339597126 39.15725772057387, -86.51358302430803 39.15760329948214, -86.51492213670095 39.15808244155781, -86.5162078367656 39.15869053240075, -86.51742774250754 39.159421715763735, -86.51857010556759 39.160268949951266, -86.51962392436502 39.161224075634976, -86.52057905004874 39.162277894432414, -86.52142628423627 39.16342025749247, -86.52215746759926 39.16464016323441, -86.5227655584422 39.16592586329906, -86.52324470051786 39.167264975691964, -86.52359027942613 39.168644604028756, -86.52379896705322 39.17005146173435, -86.52386875362319 39.171472, -86.52379896705322 39.17289253826565, -86.52359027942613 39.174299395971246, -86.52324470051786 39.17567902430804, -86.5227655584422 39.177018136700944, -86.52215746759926 39.17830383676559, -86.52142628423627 39.179523742507534, -86.52057905004874 39.18066610556759, -86.51962392436502 39.18171992436503, -86.51857010556759 39.182675050048736, -86.51742774250754 39.18352228423627, -86.5162078367656 39.184253467599255, -86.51492213670095 39.18486155844219, -86.51358302430803 39.18534070051786, -86.51220339597126 39.185686279426136, -86.51079653826565 39.18589496705322, -86.509376 39.18596475362319, -86.50795546173435 39.18589496705322, -86.50654860402875 39.185686279426136, -86.50516897569197 39.18534070051786, -86.50382986329906 39.18486155844219, -86.5025441632344 39.184253467599255, -86.50132425749247 39.18352228423627, -86.50018189443242 39.182675050048736, -86.49912807563499 39.18171992436503, -86.49817294995127 39.18066610556759, -86.49732571576374 39.179523742507534, -86.49659453240075 39.17830383676559, -86.4959864415578 39.177018136700944, -86.49550729948214 39.17567902430804, -86.49516172057388 39.174299395971246, -86.49495303294678 39.17289253826565, -86.49488324637682 39.171472))",14,3
902522931,2015-09-05,Weekday,17:00:00,2-Car,Incapacitating,FOLLOWING TOO CLOSELY,10TH & SUNRISE,39.17157993,-86.51247985,"39.17157993,-86.51247985",14,Clear,2,POINT (-86.51247985 39.17157993),0.0,"POLYGON ((-86.49798709637682 39.17157993, -86.49805688294678 39.17015939173435, -86.49826557057388 39.168752534028755, -86.49861114948214 39.16737290569196, -86.4990902915578 39.16603379329906, -86.49969838240075 39.16474809323441, -86.50042956576374 39.16352818749247, -86.50127679995127 39.16238582443241, -86.50223192563499 39.161332005634975, -86.50328574443242 39.160376879951265, -86.50442810749247 39.15952964576373, -86.5056480132344 39.158798462400746, -86.50693371329906 39.15819037155781, -86.50827282569198 39.15771122948214, -86.50965245402875 39.157365650573865, -86.51105931173436 39.15715696294678, -86.51247985 39.15708717637681, -86.51390038826565 39.15715696294678, -86.51530724597126 39.157365650573865, -86.51668687430804 39.15771122948214, -86.51802598670095 39.15819037155781, -86.5193116867656 39.158798462400746, -86.52053159250754 39.15952964576373, -86.52167395556759 39.160376879951265, -86.52272777436502 39.161332005634975, -86.52368290004874 39.16238582443241, -86.52453013423627 39.16352818749247, -86.52526131759926 39.16474809323441, -86.5258694084422 39.16603379329906, -86.52634855051787 39.16737290569196, -86.52669412942613 39.168752534028755, -86.52690281705323 39.17015939173435, -86.5269726036232 39.17157993, -86.52690281705323 39.17300046826565, -86.52669412942613 39.174407325971245, -86.52634855051787 39.17578695430804, -86.5258694084422 39.17712606670094, -86.52526131759926 39.17841176676559, -86.52453013423627 39.17963167250753, -86.52368290004874 39.18077403556759, -86.52272777436502 39.181827854365025, -86.52167395556759 39.182782980048735, -86.52053159250754 39.18363021423627, -86.5193116867656 39.184361397599254, -86.51802598670095 39.18496948844219, -86.51668687430804 39.18544863051786, -86.51530724597126 39.185794209426135, -86.51390038826565 39.18600289705322, -86.51247985 39.18607268362319, -86.51105931173436 39.18600289705322, -86.50965245402875 39.185794209426135, -86.50827282569198 39.18544863051786, -86.50693371329906 39.18496948844219, -86.5056480132344 39.184361397599254, -86.50442810749247 39.18363021423627, -86.50328574443242 39.182782980048735, -86.50223192563499 39.181827854365025, -86.50127679995127 39.18077403556759, -86.50042956576374 39.17963167250753, -86.49969838240075 39.17841176676559, -86.4990902915578 39.17712606670094, -86.49861114948214 39.17578695430804, -86.49826557057388 39.174407325971245, -86.49805688294678 39.17300046826565, -86.49798709637682 39.17157993))",17,5
902549319,2015-10-06,Weekday,10:00:00,2-Car,No injury/unknown,,N GATES,39.16987228,-86.57498168,"39.16987228,-86.57498168",5,Clear,1,POINT (-86.57498168 39.16987228),0.0,"POLYGON ((-86.5604889263768 39.16987228, -86.56055871294677 39.16845174173435, -86.56076740057387 39.167044884028755, -86.56111297948213 39.16566525569196, -86.5615921215578 39.16432614329906, -86.56220021240074 39.16304044323441, -86.56293139576373 39.16182053749247, -86.56377862995126 39.16067817443241, -86.56473375563498 39.159624355634975, -86.5657875744324 39.158669229951265, -86.56692993749246 39.15782199576373, -86.5681498432344 39.157090812400746, -86.56943554329905 39.15648272155781, -86.57077465569196 39.15600357948214, -86.57215428402874 39.155658000573865, -86.57356114173434 39.15544931294678, -86.57498168 39.15537952637681, -86.57640221826564 39.15544931294678, -86.57780907597125 39.155658000573865, -86.57918870430802 39.15600357948214, -86.58052781670094 39.15648272155781, -86.58181351676559 39.157090812400746, -86.58303342250753 39.15782199576373, -86.58417578556758 39.158669229951265, -86.58522960436501 39.159624355634975, -86.58618473004873 39.16067817443241, -86.58703196423626 39.16182053749247, -86.58776314759925 39.16304044323441, -86.58837123844219 39.16432614329906, -86.58885038051785 39.16566525569196, -86.58919595942612 39.167044884028755, -86.58940464705321 39.16845174173435, -86.58947443362318 39.16987228, -86.58940464705321 39.17129281826565, -86.58919595942612 39.172699675971245, -86.58885038051785 39.17407930430804, -86.58837123844219 39.17541841670094, -86.58776314759925 39.17670411676559, -86.58703196423626 39.17792402250753, -86.58618473004873 39.17906638556759, -86.58522960436501 39.180120204365025, -86.58417578556758 39.181075330048735, -86.58303342250753 39.18192256423627, -86.58181351676559 39.182653747599254, -86.58052781670094 39.18326183844219, -86.57918870430802 39.18374098051786, -86.57780907597125 39.184086559426134, -86.57640221826564 39.18429524705322, -86.57498168 39.18436503362319, -86.57356114173434 39.18429524705322, -86.57215428402874 39.184086559426134, -86.57077465569196 39.18374098051786, -86.56943554329905 39.18326183844219, -86.5681498432344 39.182653747599254, -86.56692993749246 39.18192256423627, -86.5657875744324 39.181075330048735, -86.56473375563498 39.180120204365025, -86.56377862995126 39.17906638556759, -86.56293139576373 39.17792402250753, -86.56220021240074 39.17670411676559, -86.5615921215578 39.17541841670094, -86.56111297948213 39.17407930430804, -86.56076740057387 39.172699675971245, -86.56055871294677 39.17129281826565, -86.5604889263768 39.16987228))",10,6
902555031,2015-11-05,Weekday,19:00:00,2-Car,No injury/unknown,FOLLOWING TOO CLOSELY,PATTERSON & W 2ND,39.16074984,-86.54850997,"39.16074984,-86.54850997",33,Overcast,1,POINT (-86.54850997 39.16074984),0.0,"POLYGON ((-86.53401721637681 39.16074984, -86.53408700294678 39.15932930173435, -86.53429569057387 39.157922444028756, -86.53464126948214 39.156542815691964, -86.5351204115578 39.15520370329906, -86.53572850240074 39.15391800323441, -86.53645968576373 39.15269809749247, -86.53730691995126 39.151555734432414, -86.53826204563498 39.150501915634976, -86.53931586443241 39.149546789951266, -86.54045822749246 39.148699555763734, -86.5416781332344 39.14796837240075, -86.54296383329905 39.14736028155781, -86.54430294569197 39.14688113948214, -86.54568257402875 39.14653556057387, -86.54708943173435 39.14632687294678, -86.54850997 39.146257086376814, -86.54993050826565 39.14632687294678, -86.55133736597125 39.14653556057387, -86.55271699430803 39.14688113948214, -86.55405610670094 39.14736028155781, -86.5553418067656 39.14796837240075, -86.55656171250753 39.148699555763734, -86.55770407556759 39.149546789951266, -86.55875789436502 39.150501915634976, -86.55971302004873 39.151555734432414, -86.56056025423626 39.15269809749247, -86.56129143759925 39.15391800323441, -86.5618995284422 39.15520370329906, -86.56237867051786 39.156542815691964, -86.56272424942613 39.157922444028756, -86.56293293705322 39.15932930173435, -86.56300272362319 39.16074984, -86.56293293705322 39.16217037826565, -86.56272424942613 39.163577235971246, -86.56237867051786 39.16495686430804, -86.5618995284422 39.166295976700944, -86.56129143759925 39.16758167676559, -86.56056025423626 39.168801582507534, -86.55971302004873 39.16994394556759, -86.55875789436502 39.170997764365026, -86.55770407556759 39.171952890048736, -86.55656171250753 39.17280012423627, -86.5553418067656 39.173531307599255, -86.55405610670094 39.17413939844219, -86.55271699430803 39.17461854051786, -86.55133736597125 39.174964119426136, -86.54993050826565 39.17517280705322, -86.54850997 39.17524259362319, -86.54708943173435 39.17517280705322, -86.54568257402875 39.174964119426136, -86.54430294569197 39.17461854051786, -86.54296383329905 39.17413939844219, -86.5416781332344 39.173531307599255, -86.54045822749246 39.17280012423627, -86.53931586443241 39.171952890048736, -86.53826204563498 39.170997764365026, -86.53730691995126 39.16994394556759, -86.53645968576373 39.168801582507534, -86.53572850240074 39.16758167676559, -86.5351204115578 39.166295976700944, -86.53464126948214 39.16495686430804, -86.53429569057387 39.163577235971246, -86.53408700294678 39.16217037826565, -86.53401721637681 39.16074984))",19,1
902439183,2015-05-02,Weekday,09:00:00,2-Car,No injury/unknown,FAILURE TO YIELD RIGHT OF WAY,SR46W & UNION VALLEY,39.21477514,-86.59228631,"39.21477514,-86.59228631",0,Clear,1,POINT (-86.59228631 39.21477514),0.0,,9,6
902562452,2015-11-06,Weekend,21:00:00,1-Car,No injury/unknown,ANIMAL/OBJECT IN ROADWAY,MONROE & SR46W,39.18699904,-86.54785641,"39.18699904,-86.54785641",2,Overcast,1,POINT (-86.54785641 39.18699904),0.0,"POLYGON ((-86.5333636563768 39.18699904, -86.53343344294677 39.185578501734355, -86.53364213057387 39.18417164402876, -86.53398770948213 39.182792015691966, -86.5344668515578 39.18145290329906, -86.53507494240074 39.18016720323441, -86.53580612576373 39.17894729749247, -86.53665335995126 39.177804934432416, -86.53760848563498 39.17675111563498, -86.5386623044324 39.17579598995127, -86.53980466749246 39.17494875576374, -86.5410245732344 39.17421757240075, -86.54231027329905 39.17360948155781, -86.54364938569196 39.17313033948214, -86.54502901402874 39.17278476057387, -86.54643587173435 39.17257607294678, -86.54785641 39.172506286376816, -86.54927694826564 39.17257607294678, -86.55068380597125 39.17278476057387, -86.55206343430802 39.17313033948214, -86.55340254670094 39.17360948155781, -86.5546882467656 39.17421757240075, -86.55590815250753 39.17494875576374, -86.55705051556758 39.17579598995127, -86.55810433436501 39.17675111563498, -86.55905946004873 39.177804934432416, -86.55990669423626 39.17894729749247, -86.56063787759925 39.18016720323441, -86.5612459684422 39.18145290329906, -86.56172511051786 39.182792015691966, -86.56207068942612 39.18417164402876, -86.56227937705322 39.185578501734355, -86.56234916362318 39.18699904, -86.56227937705322 39.18841957826565, -86.56207068942612 39.18982643597125, -86.56172511051786 39.19120606430804, -86.5612459684422 39.192545176700946, -86.56063787759925 39.193830876765595, -86.55990669423626 39.195050782507536, -86.55905946004873 39.19619314556759, -86.55810433436501 39.19724696436503, -86.55705051556758 39.19820209004874, -86.55590815250753 39.19904932423627, -86.5546882467656 39.19978050759926, -86.55340254670094 39.200388598442196, -86.55206343430802 39.200867740517864, -86.55068380597125 39.20121331942614, -86.54927694826564 39.201422007053225, -86.54785641 39.20149179362319, -86.54643587173435 39.201422007053225, -86.54502901402874 39.20121331942614, -86.54364938569196 39.200867740517864, -86.54231027329905 39.200388598442196, -86.5410245732344 39.19978050759926, -86.53980466749246 39.19904932423627, -86.5386623044324 39.19820209004874, -86.53760848563498 39.19724696436503, -86.53665335995126 39.19619314556759, -86.53580612576373 39.195050782507536, -86.53507494240074 39.193830876765595, -86.5344668515578 39.192545176700946, -86.53398770948213 39.19120606430804, -86.53364213057387 39.18982643597125, -86.53343344294677 39.18841957826565, -86.5333636563768 39.18699904))",21,1
902542351,2015-10-01,Weekend,00:00:00,1-Car,No injury/unknown,ANIMAL/OBJECT IN ROADWAY,ACUFF & SR37N,39.20686675,-86.55469409,"39.20686675,-86.55469409",0,Clear,1,POINT (-86.55469409 39.20686675),0.0,,0,6
902545451,2015-10-07,Weekend,08:00:00,Pedestrian,Non-incapacitating,PEDESTRIAN ACTION,KINSER & SR4546W,39.186544,-86.537888,"39.186544,-86.537888",2,Clear,2,POINT (-86.537888 39.186544),0.0,"POLYGON ((-86.52339524637681 39.186544, -86.52346503294677 39.18512346173435, -86.52367372057387 39.18371660402875, -86.52401929948213 39.18233697569196, -86.5244984415578 39.180997863299055, -86.52510653240074 39.179712163234406, -86.52583771576373 39.178492257492465, -86.52668494995126 39.17734989443241, -86.52764007563498 39.17629607563497, -86.52869389443241 39.17534094995126, -86.52983625749246 39.17449371576373, -86.5310561632344 39.173762532400744, -86.53234186329905 39.173154441557806, -86.53368097569196 39.17267529948214, -86.53506060402874 39.17232972057386, -86.53646746173435 39.17212103294678, -86.537888 39.17205124637681, -86.53930853826564 39.17212103294678, -86.54071539597125 39.17232972057386, -86.54209502430803 39.17267529948214, -86.54343413670094 39.173154441557806, -86.5447198367656 39.173762532400744, -86.54593974250753 39.17449371576373, -86.54708210556758 39.17534094995126, -86.54813592436501 39.17629607563497, -86.54909105004873 39.17734989443241, -86.54993828423626 39.178492257492465, -86.55066946759925 39.179712163234406, -86.5512775584422 39.180997863299055, -86.55175670051786 39.18233697569196, -86.55210227942612 39.18371660402875, -86.55231096705322 39.18512346173435, -86.55238075362318 39.186544, -86.55231096705322 39.187964538265646, -86.55210227942612 39.18937139597124, -86.55175670051786 39.190751024308035, -86.5512775584422 39.19209013670094, -86.55066946759925 39.19337583676559, -86.54993828423626 39.19459574250753, -86.54909105004873 39.195738105567585, -86.54813592436501 39.19679192436502, -86.54708210556758 39.19774705004873, -86.54593974250753 39.198594284236265, -86.5447198367656 39.19932546759925, -86.54343413670094 39.19993355844219, -86.54209502430803 39.20041270051786, -86.54071539597125 39.20075827942613, -86.53930853826564 39.20096696705322, -86.537888 39.201036753623185, -86.53646746173435 39.20096696705322, -86.53506060402874 39.20075827942613, -86.53368097569196 39.20041270051786, -86.53234186329905 39.19993355844219, -86.5310561632344 39.19932546759925, -86.52983625749246 39.198594284236265, -86.52869389443241 39.19774705004873, -86.52764007563498 39.19679192436502, -86.52668494995126 39.195738105567585, -86.52583771576373 39.19459574250753, -86.52510653240074 39.19337583676559, -86.5244984415578 39.19209013670094, -86.52401929948213 39.190751024308035, -86.52367372057387 39.18937139597124, -86.52346503294677 39.187964538265646, -86.52339524637681 39.186544))",8,6
902382234,2015-01-04,Weekday,09:00:00,1-Car,No injury/unknown,RAN OFF ROAD RIGHT,S ROGERS & W ALLEN,39.155776,-86.538592,"39.155776,-86.538592",40,Patchy rain possible,1,POINT (-86.538592 39.155776),0.0,"POLYGON ((-86.5240992463768 39.155776, -86.52416903294677 39.154355461734355, -86.52437772057387 39.15294860402876, -86.52472329948213 39.151568975691966, -86.5252024415578 39.15022986329906, -86.52581053240074 39.14894416323441, -86.52654171576373 39.14772425749247, -86.52738894995126 39.146581894432416, -86.52834407563498 39.14552807563498, -86.5293978944324 39.14457294995127, -86.53054025749246 39.143725715763736, -86.5317601632344 39.14299453240075, -86.53304586329905 39.14238644155781, -86.53438497569196 39.14190729948214, -86.53576460402874 39.14156172057387, -86.53717146173435 39.14135303294678, -86.538592 39.141283246376815, -86.54001253826564 39.14135303294678, -86.54141939597125 39.14156172057387, -86.54279902430802 39.14190729948214, -86.54413813670094 39.14238644155781, -86.5454238367656 39.14299453240075, -86.54664374250753 39.143725715763736, -86.54778610556758 39.14457294995127, -86.54883992436501 39.14552807563498, -86.54979505004873 39.146581894432416, -86.55064228423626 39.14772425749247, -86.55137346759925 39.14894416323441, -86.5519815584422 39.15022986329906, -86.55246070051786 39.151568975691966, -86.55280627942612 39.15294860402876, -86.55301496705322 39.154355461734355, -86.55308475362318 39.155776, -86.55301496705322 39.15719653826565, -86.55280627942612 39.15860339597125, -86.55246070051786 39.15998302430804, -86.5519815584422 39.161322136700946, -86.55137346759925 39.162607836765595, -86.55064228423626 39.163827742507536, -86.54979505004873 39.16497010556759, -86.54883992436501 39.16602392436503, -86.54778610556758 39.16697905004874, -86.54664374250753 39.16782628423627, -86.5454238367656 39.16855746759926, -86.54413813670094 39.169165558442195, -86.54279902430802 39.169644700517864, -86.54141939597125 39.16999027942614, -86.54001253826564 39.170198967053224, -86.538592 39.17026875362319, -86.53717146173435 39.170198967053224, -86.53576460402874 39.16999027942614, -86.53438497569196 39.169644700517864, -86.53304586329905 39.169165558442195, -86.5317601632344 39.16855746759926, -86.53054025749246 39.16782628423627, -86.5293978944324 39.16697905004874, -86.52834407563498 39.16602392436503, -86.52738894995126 39.16497010556759, -86.52654171576373 39.163827742507536, -86.52581053240074 39.162607836765595, -86.5252024415578 39.161322136700946, -86.52472329948213 39.15998302430804, -86.52437772057387 39.15860339597125, -86.52416903294677 39.15719653826565, -86.5240992463768 39.155776))",9,5