Master Record Number,Date,Weekend?,Hour,Collision Type,Injury Type,Primary Factor,Reported_Location,Latitude,Longitude,Location,Number of Bars,Weather Condition,Severity,geometry,area_number,bar_location,Hour of Day,Visibility (mi)
902443487,2015-05-02,Weekday,16:00:00,2-Car,No injury/unknown,,S WALNUT,39.137264,-86.529808,"39.137264,-86.529808",1,Clear,1,POINT (-86.529808 39.137264),0.0,"POLYGON ((-86.51531524637682 39.137264, -86.51538503294678 39.13584346173435, -86.51559372057388 39.13443660402876, -86.51593929948214 39.133056975691964, -86.5164184415578 39.13171786329906, -86.51702653240075 39.13043216323441, -86.51775771576374 39.12921225749247, -86.51860494995127 39.128069894432414, -86.51956007563498 39.12701607563498, -86.52061389443242 39.12606094995127, -86.52175625749247 39.125213715763735, -86.5229761632344 39.12448253240075, -86.52426186329906 39.12387444155781, -86.52560097569197 39.12339529948214, -86.52698060402875 39.12304972057387, -86.52838746173435 39.12284103294678, -86.529808 39.122771246376814, -86.53122853826565 39.12284103294678, -86.53263539597125 39.12304972057387, -86.53401502430803 39.12339529948214, -86.53535413670095 39.12387444155781, -86.5366398367656 39.12448253240075, -86.53785974250754 39.125213715763735, -86.53900210556759 39.12606094995127, -86.54005592436502 39.12701607563498, -86.54101105004874 39.128069894432414, -86.54185828423627 39.12921225749247, -86.54258946759926 39.13043216323441, -86.5431975584422 39.13171786329906, -86.54367670051786 39.133056975691964, -86.54402227942613 39.13443660402876, -86.54423096705322 39.13584346173435, -86.54430075362319 39.137264, -86.54423096705322 39.13868453826565, -86.54402227942613 39.14009139597125, -86.54367670051786 39.14147102430804, -86.5431975584422 39.142810136700945, -86.54258946759926 39.144095836765594, -86.54185828423627 39.145315742507535, -86.54101105004874 39.14645810556759, -86.54005592436502 39.14751192436503, -86.53900210556759 39.14846705004874, -86.53785974250754 39.14931428423627, -86.5366398367656 39.150045467599256, -86.53535413670095 39.150653558442194, -86.53401502430803 39.15113270051786, -86.53263539597125 39.15147827942614, -86.53122853826565 39.15168696705322, -86.529808 39.15175675362319, -86.52838746173435 39.15168696705322, -86.52698060402875 39.15147827942614, -86.52560097569197 39.15113270051786, -86.52426186329906 39.150653558442194, -86.5229761632344 39.150045467599256, -86.52175625749247 39.14931428423627, -86.52061389443242 39.14846705004874, -86.51956007563498 39.14751192436503, -86.51860494995127 39.14645810556759, -86.51775771576374 39.145315742507535, -86.51702653240075 39.144095836765594, -86.5164184415578 39.142810136700945, -86.51593929948214 39.14147102430804, -86.51559372057388 39.14009139597125, -86.51538503294678 39.13868453826565, -86.51531524637682 39.137264))",16,6
902365100,2015-01-01,Weekend,15:00:00,2-Car,No injury/unknown,FOLLOWING TOO CLOSELY,SOUTH WALNUT & SOUTH WALNUT STREET,39.107344,-86.5264,"39.107344,-86.5264",0,Clear,1,POINT (-86.5264 39.107344),0.0,,15,6
902578297,2015-12-01,Weekend,13:00:00,2-Car,No injury/unknown,OTHER (VEHICLE) - EXPLAIN IN NARRATIVE,W 6TH,39.16765061,-86.53498253,"39.16765061,-86.53498253",41,Overcast,1,POINT (-86.53498253 39.16765061),0.0,"POLYGON ((-86.5204897763768 39.16765061, -86.52055956294677 39.166230071734354, -86.52076825057387 39.16482321402876, -86.52111382948213 39.163443585691965, -86.5215929715578 39.16210447329906, -86.52220106240074 39.16081877323441, -86.52293224576373 39.15959886749247, -86.52377947995126 39.158456504432415, -86.52473460563498 39.15740268563498, -86.5257884244324 39.15644755995127, -86.52693078749246 39.155600325763736, -86.5281506932344 39.15486914240075, -86.52943639329905 39.15426105155781, -86.53077550569196 39.15378190948214, -86.53215513402874 39.15343633057387, -86.53356199173435 39.15322764294678, -86.53498253 39.153157856376815, -86.53640306826564 39.15322764294678, -86.53780992597125 39.15343633057387, -86.53918955430802 39.15378190948214, -86.54052866670094 39.15426105155781, -86.54181436676559 39.15486914240075, -86.54303427250753 39.155600325763736, -86.54417663556758 39.15644755995127, -86.54523045436501 39.15740268563498, -86.54618558004873 39.158456504432415, -86.54703281423626 39.15959886749247, -86.54776399759925 39.16081877323441, -86.54837208844219 39.16210447329906, -86.54885123051785 39.163443585691965, -86.54919680942612 39.16482321402876, -86.54940549705321 39.166230071734354, -86.54947528362318 39.16765061, -86.54940549705321 39.16907114826565, -86.54919680942612 39.17047800597125, -86.54885123051785 39.17185763430804, -86.54837208844219 39.173196746700945, -86.54776399759925 39.174482446765595, -86.54703281423626 39.175702352507535, -86.54618558004873 39.17684471556759, -86.54523045436501 39.17789853436503, -86.54417663556758 39.17885366004874, -86.54303427250753 39.17970089423627, -86.54181436676559 39.18043207759926, -86.54052866670094 39.181040168442195, -86.53918955430802 39.181519310517864, -86.53780992597125 39.18186488942614, -86.53640306826564 39.182073577053224, -86.53498253 39.18214336362319, -86.53356199173435 39.182073577053224, -86.53215513402874 39.18186488942614, -86.53077550569196 39.181519310517864, -86.52943639329905 39.181040168442195, -86.5281506932344 39.18043207759926, -86.52693078749246 39.17970089423627, -86.5257884244324 39.17885366004874, -86.52473460563498 39.17789853436503, -86.52377947995126 39.17684471556759, -86.52293224576373 39.175702352507535, -86.52220106240074 39.174482446765595, -86.5215929715578 39.173196746700945, -86.52111382948213 39.17185763430804, -86.52076825057387 39.17047800597125, -86.52055956294677 39.16907114826565, -86.5204897763768 39.16765061))",13,6
902546240,2015-10-02,Weekday,12:00:00,2-Car,No injury/unknown,FAILURE TO YIELD RIGHT OF WAY,E HILLSIDE & OLIVE,39.150656,-86.5188,"39.150656,-86.5188",2,Clear,1,POINT (-86.5188 39.150656),0.0,"POLYGON ((-86.50430724637681 39.150656, -86.50437703294678 39.14923546173435, -86.50458572057387 39.14782860402875, -86.50493129948214 39.14644897569196, -86.5054104415578 39.145109863299055, -86.50601853240074 39.143824163234406, -86.50674971576373 39.142604257492465, -86.50759694995126 39.14146189443241, -86.50855207563498 39.14040807563497, -86.50960589443241 39.13945294995126, -86.51074825749247 39.13860571576373, -86.5119681632344 39.137874532400744, -86.51325386329906 39.137266441557806, -86.51459297569197 39.13678729948214, -86.51597260402875 39.13644172057386, -86.51737946173435 39.13623303294678, -86.5188 39.13616324637681, -86.52022053826565 39.13623303294678, -86.52162739597125 39.13644172057386, -86.52300702430803 39.13678729948214, -86.52434613670094 39.137266441557806, -86.5256318367656 39.137874532400744, -86.52685174250753 39.13860571576373, -86.52799410556759 39.13945294995126, -86.52904792436502 39.14040807563497, -86.53000305004873 39.14146189443241, -86.53085028423627 39.142604257492465, -86.53158146759925 39.143824163234406, -86.5321895584422 39.145109863299055, -86.53266870051786 39.14644897569196, -86.53301427942613 39.14782860402875, -86.53322296705322 39.14923546173435, -86.53329275362319 39.150656, -86.53322296705322 39.152076538265646, -86.53301427942613 39.15348339597124, -86.53266870051786 39.154863024308035, -86.5321895584422 39.15620213670094, -86.53158146759925 39.15748783676559, -86.53085028423627 39.15870774250753, -86.53000305004873 39.159850105567585, -86.52904792436502 39.16090392436502, -86.52799410556759 39.16185905004873, -86.52685174250753 39.162706284236265, -86.5256318367656 39.16343746759925, -86.52434613670094 39.16404555844219, -86.52300702430803 39.16452470051786, -86.52162739597125 39.16487027942613, -86.52022053826565 39.16507896705322, -86.5188 39.165148753623185, -86.51737946173435 39.16507896705322, -86.51597260402875 39.16487027942613, -86.51459297569197 39.16452470051786, -86.51325386329906 39.16404555844219, -86.5119681632344 39.16343746759925, -86.51074825749247 39.162706284236265, -86.50960589443241 39.16185905004873, -86.50855207563498 39.16090392436502, -86.50759694995126 39.159850105567585, -86.50674971576373 39.15870774250753, -86.50601853240074 39.15748783676559, -86.5054104415578 39.15620213670094, -86.50493129948214 39.154863024308035, -86.50458572057387 39.15348339597124, -86.50437703294678 39.152076538265646, -86.50430724637681 39.150656))",12,6
902500857,2015-08-07,Weekend,15:00:00,2-Car,No injury/unknown,IMPROPER TURNING,14TH & NORTH WALNUT,39.175952,-86.53344,"39.175952,-86.53344",39,Clear,1,POINT (-86.53344 39.175952),0.0,"POLYGON ((-86.51894724637681 39.175952, -86.51901703294678 39.174531461734354, -86.51922572057387 39.17312460402876, -86.51957129948214 39.171744975691965, -86.5200504415578 39.17040586329906, -86.52065853240074 39.16912016323441, -86.52138971576373 39.16790025749247, -86.52223694995126 39.166757894432415, -86.52319207563498 39.16570407563498, -86.52424589443241 39.16474894995127, -86.52538825749247 39.163901715763735, -86.5266081632344 39.16317053240075, -86.52789386329906 39.16256244155781, -86.52923297569197 39.16208329948214, -86.53061260402875 39.16173772057387, -86.53201946173435 39.16152903294678, -86.53344 39.161459246376815, -86.53486053826565 39.16152903294678, -86.53626739597125 39.16173772057387, -86.53764702430803 39.16208329948214, -86.53898613670094 39.16256244155781, -86.5402718367656 39.16317053240075, -86.54149174250753 39.163901715763735, -86.54263410556759 39.16474894995127, -86.54368792436502 39.16570407563498, -86.54464305004873 39.166757894432415, -86.54549028423627 39.16790025749247, -86.54622146759925 39.16912016323441, -86.5468295584422 39.17040586329906, -86.54730870051786 39.171744975691965, -86.54765427942613 39.17312460402876, -86.54786296705322 39.174531461734354, -86.54793275362319 39.175952, -86.54786296705322 39.17737253826565, -86.54765427942613 39.17877939597125, -86.54730870051786 39.18015902430804, -86.5468295584422 39.181498136700945, -86.54622146759925 39.182783836765594, -86.54549028423627 39.184003742507535, -86.54464305004873 39.18514610556759, -86.54368792436502 39.18619992436503, -86.54263410556759 39.18715505004874, -86.54149174250753 39.18800228423627, -86.5402718367656 39.188733467599256, -86.53898613670094 39.189341558442194, -86.53764702430803 39.18982070051786, -86.53626739597125 39.19016627942614, -86.53486053826565 39.19037496705322, -86.53344 39.19044475362319, -86.53201946173435 39.19037496705322, -86.53061260402875 39.19016627942614, -86.52923297569197 39.18982070051786, -86.52789386329906 39.189341558442194, -86.5266081632344 39.188733467599256, -86.52538825749247 39.18800228423627, -86.52424589443241 39.18715505004874, -86.52319207563498 39.18619992436503, -86.52223694995126 39.18514610556759, -86.52138971576373 39.184003742507535, -86.52065853240074 39.182783836765594, -86.5200504415578 39.181498136700945, -86.51957129948214 39.18015902430804, -86.51922572057387 39.17877939597125, -86.51901703294678 39.17737253826565, -86.51894724637681 39.175952))",15,6
902523253,2015-09-03,Weekday,21:00:00,1-Car,No injury/unknown,RAN OFF ROAD RIGHT,BREEDEN & TOM PHILLIPS,39.07208387,-86.67344892,"39.07208387,-86.67344892",0,Clear,1,POINT (-86.67344892 39.07208387),0.0,,21,6
902443644,2015-05-02,Weekday,15:00:00,2-Car,No injury/unknown,FOLLOWING TOO CLOSELY,E 10TH & SR46,39.17163351,-86.50139055,"39.17163351,-86.50139055",5,Clear,1,POINT (-86.50139055 39.17163351),0.0,"POLYGON ((-86.48689779637681 39.17163351, -86.48696758294678 39.17021297173435, -86.48717627057387 39.168806114028754, -86.48752184948214 39.16742648569196, -86.4880009915578 39.16608737329906, -86.48860908240074 39.16480167323441, -86.48934026576373 39.16358176749247, -86.49018749995126 39.16243940443241, -86.49114262563498 39.161385585634974, -86.49219644443241 39.160430459951264, -86.49333880749246 39.15958322576373, -86.4945587132344 39.158852042400746, -86.49584441329905 39.15824395155781, -86.49718352569197 39.15776480948214, -86.49856315402874 39.157419230573865, -86.49997001173435 39.15721054294678, -86.50139055 39.15714075637681, -86.50281108826564 39.15721054294678, -86.50421794597125 39.157419230573865, -86.50559757430803 39.15776480948214, -86.50693668670094 39.15824395155781, -86.5082223867656 39.158852042400746, -86.50944229250753 39.15958322576373, -86.51058465556758 39.160430459951264, -86.51163847436501 39.161385585634974, -86.51259360004873 39.16243940443241, -86.51344083423626 39.16358176749247, -86.51417201759925 39.16480167323441, -86.5147801084422 39.16608737329906, -86.51525925051786 39.16742648569196, -86.51560482942612 39.168806114028754, -86.51581351705322 39.17021297173435, -86.51588330362318 39.17163351, -86.51581351705322 39.17305404826565, -86.51560482942612 39.174460905971245, -86.51525925051786 39.17584053430804, -86.5147801084422 39.17717964670094, -86.51417201759925 39.17846534676559, -86.51344083423626 39.17968525250753, -86.51259360004873 39.18082761556759, -86.51163847436501 39.181881434365025, -86.51058465556758 39.182836560048734, -86.50944229250753 39.183683794236266, -86.5082223867656 39.18441497759925, -86.50693668670094 39.18502306844219, -86.50559757430803 39.18550221051786, -86.50421794597125 39.185847789426134, -86.50281108826564 39.18605647705322, -86.50139055 39.18612626362319, -86.49997001173435 39.18605647705322, -86.49856315402874 39.185847789426134, -86.49718352569197 39.18550221051786, -86.49584441329905 39.18502306844219, -86.4945587132344 39.18441497759925, -86.49333880749246 39.183683794236266, -86.49219644443241 39.182836560048734, -86.49114262563498 39.181881434365025, -86.49018749995126 39.18082761556759, -86.48934026576373 39.17968525250753, -86.48860908240074 39.17846534676559, -86.4880009915578 39.17717964670094, -86.48752184948214 39.17584053430804, -86.48717627057387 39.174460905971245, -86.48696758294678 39.17305404826565, -86.48689779637681 39.17163351))",15,6
902524460,2015-09-01,Weekend,13:00:00,2-Car,No injury/unknown,FOLLOWING TOO CLOSELY,CAVE & SR48W,39.16387512,-86.6342742,"39.16387512,-86.6342742",0,Partly cloudy,1,POINT (-86.6342742 39.16387512),0.0,,13,3
902393118,2015-02-05,Weekday,20:00:00,Pedestrian,Non-incapacitating,OTHER (DRIVER) - EXPLAIN IN NARRATIVE,E THIRD,39.0803299,-86.51473999,"39.0803299,-86.51473999",0,Clear,2,POINT (-86.51473999 39.0803299),0.0,,20,3
902522575,2015-09-05,Weekday,09:00:00,2-Car,No injury/unknown,UNSAFE BACKING,W 3RD,39.164848,-86.5761011,"39.164848,-86.5761011",5,Clear,1,POINT (-86.5761011 39.164848),0.0,"POLYGON ((-86.56160834637681 39.164848, -86.56167813294678 39.16342746173435, -86.56188682057387 39.162020604028754, -86.56223239948214 39.16064097569196, -86.5627115415578 39.159301863299056, -86.56331963240075 39.15801616323441, -86.56405081576374 39.156796257492466, -86.56489804995127 39.15565389443241, -86.56585317563498 39.154600075634974, -86.56690699443241 39.153644949951264, -86.56804935749247 39.15279771576373, -86.5692692632344 39.152066532400745, -86.57055496329906 39.15145844155781, -86.57189407569197 39.15097929948214, -86.57327370402875 39.150633720573865, -86.57468056173435 39.15042503294678, -86.5761011 39.15035524637681, -86.57752163826565 39.15042503294678, -86.57892849597125 39.150633720573865, -86.58030812430803 39.15097929948214, -86.58164723670095 39.15145844155781, -86.5829329367656 39.152066532400745, -86.58415284250754 39.15279771576373, -86.58529520556759 39.153644949951264, -86.58634902436502 39.154600075634974, -86.58730415004874 39.15565389443241, -86.58815138423627 39.156796257492466, -86.58888256759926 39.15801616323441, -86.5894906584422 39.159301863299056, -86.58996980051786 39.16064097569196, -86.59031537942613 39.162020604028754, -86.59052406705322 39.16342746173435, -86.59059385362319 39.164848, -86.59052406705322 39.16626853826565, -86.59031537942613 39.167675395971244, -86.58996980051786 39.16905502430804, -86.5894906584422 39.17039413670094, -86.58888256759926 39.17167983676559, -86.58815138423627 39.17289974250753, -86.58730415004874 39.17404210556759, -86.58634902436502 39.175095924365024, -86.58529520556759 39.176051050048734, -86.58415284250754 39.176898284236266, -86.5829329367656 39.17762946759925, -86.58164723670095 39.17823755844219, -86.58030812430803 39.17871670051786, -86.57892849597125 39.179062279426134, -86.57752163826565 39.17927096705322, -86.5761011 39.17934075362319, -86.57468056173435 39.17927096705322, -86.57327370402875 39.179062279426134, -86.57189407569197 39.17871670051786, -86.57055496329906 39.17823755844219, -86.5692692632344 39.17762946759925, -86.56804935749247 39.176898284236266, -86.56690699443241 39.176051050048734, -86.56585317563498 39.175095924365024, -86.56489804995127 39.17404210556759, -86.56405081576374 39.17289974250753, -86.56331963240075 39.17167983676559, -86.5627115415578 39.17039413670094, -86.56223239948214 39.16905502430804, -86.56188682057387 39.167675395971244, -86.56167813294678 39.16626853826565, -86.56160834637681 39.164848))",9,5
902390104,2015-02-01,Weekend,04:00:00,3+ Cars,No injury/unknown,,2ND & DUNN,39.16144,-86.528288,"39.16144,-86.528288",43,Light freezing rain,1,POINT (-86.528288 39.16144),0.0,"POLYGON ((-86.51379524637682 39.16144, -86.51386503294678 39.16001946173435, -86.51407372057388 39.158612604028754, -86.51441929948214 39.15723297569196, -86.5148984415578 39.155893863299056, -86.51550653240075 39.15460816323441, -86.51623771576374 39.153388257492466, -86.51708494995127 39.15224589443241, -86.51804007563499 39.151192075634974, -86.51909389443242 39.150236949951264, -86.52023625749247 39.14938971576373, -86.5214561632344 39.148658532400745, -86.52274186329906 39.14805044155781, -86.52408097569197 39.14757129948214, -86.52546060402875 39.147225720573864, -86.52686746173435 39.14701703294678, -86.528288 39.14694724637681, -86.52970853826565 39.14701703294678, -86.53111539597126 39.147225720573864, -86.53249502430803 39.14757129948214, -86.53383413670095 39.14805044155781, -86.5351198367656 39.148658532400745, -86.53633974250754 39.14938971576373, -86.53748210556759 39.150236949951264, -86.53853592436502 39.151192075634974, -86.53949105004874 39.15224589443241, -86.54033828423627 39.153388257492466, -86.54106946759926 39.15460816323441, -86.5416775584422 39.155893863299056, -86.54215670051786 39.15723297569196, -86.54250227942613 39.158612604028754, -86.54271096705322 39.16001946173435, -86.54278075362319 39.16144, -86.54271096705322 39.16286053826565, -86.54250227942613 39.164267395971244, -86.54215670051786 39.165647024308036, -86.5416775584422 39.16698613670094, -86.54106946759926 39.16827183676559, -86.54033828423627 39.16949174250753, -86.53949105004874 39.170634105567586, -86.53853592436502 39.171687924365024, -86.53748210556759 39.172643050048734, -86.53633974250754 39.173490284236266, -86.5351198367656 39.17422146759925, -86.53383413670095 39.17482955844219, -86.53249502430803 39.17530870051786, -86.53111539597126 39.17565427942613, -86.52970853826565 39.17586296705322, -86.528288 39.17593275362319, -86.52686746173435 39.17586296705322, -86.52546060402875 39.17565427942613, -86.52408097569197 39.17530870051786, -86.52274186329906 39.17482955844219, -86.5214561632344 39.17422146759925, -86.52023625749247 39.173490284236266, -86.51909389443242 39.172643050048734, -86.51804007563499 39.171687924365024, -86.51708494995127 39.170634105567586, -86.51623771576374 39.16949174250753, -86.51550653240075 39.16827183676559, -86.5148984415578 39.16698613670094, -86.51441929948214 39.165647024308036, -86.51407372057388 39.164267395971244, -86.51386503294678 39.16286053826565, -86.51379524637682 39.16144))",4,6
902550302,2015-11-01,Weekend,01:00:00,2-Car,No injury/unknown,FAILURE TO YIELD RIGHT OF WAY,E 10TH & N INDIANA,39.17168,-86.527024,"39.17168,-86.527024",40,Overcast,1,POINT (-86.527024 39.17168),0.0,"POLYGON ((-86.51253124637681 39.17168, -86.51260103294678 39.170259461734354, -86.51280972057387 39.16885260402876, -86.51315529948214 39.167472975691965, -86.5136344415578 39.16613386329906, -86.51424253240074 39.16484816323441, -86.51497371576373 39.16362825749247, -86.51582094995126 39.162485894432415, -86.51677607563498 39.16143207563498, -86.51782989443241 39.16047694995127, -86.51897225749246 39.159629715763735, -86.5201921632344 39.15889853240075, -86.52147786329905 39.15829044155781, -86.52281697569197 39.15781129948214, -86.52419660402875 39.15746572057387, -86.52560346173435 39.15725703294678, -86.527024 39.157187246376814, -86.52844453826565 39.15725703294678, -86.52985139597125 39.15746572057387, -86.53123102430803 39.15781129948214, -86.53257013670094 39.15829044155781, -86.5338558367656 39.15889853240075, -86.53507574250753 39.159629715763735, -86.53621810556758 39.16047694995127, -86.53727192436502 39.16143207563498, -86.53822705004873 39.162485894432415, -86.53907428423626 39.16362825749247, -86.53980546759925 39.16484816323441, -86.5404135584422 39.16613386329906, -86.54089270051786 39.167472975691965, -86.54123827942612 39.16885260402876, -86.54144696705322 39.170259461734354, -86.54151675362318 39.17168, -86.54144696705322 39.17310053826565, -86.54123827942612 39.17450739597125, -86.54089270051786 39.17588702430804, -86.5404135584422 39.177226136700945, -86.53980546759925 39.178511836765594, -86.53907428423626 39.179731742507535, -86.53822705004873 39.18087410556759, -86.53727192436502 39.18192792436503, -86.53621810556758 39.18288305004874, -86.53507574250753 39.18373028423627, -86.5338558367656 39.184461467599256, -86.53257013670094 39.185069558442194, -86.53123102430803 39.18554870051786, -86.52985139597125 39.18589427942614, -86.52844453826565 39.18610296705322, -86.527024 39.18617275362319, -86.52560346173435 39.18610296705322, -86.52419660402875 39.18589427942614, -86.52281697569197 39.18554870051786, -86.52147786329905 39.185069558442194, -86.5201921632344 39.184461467599256, -86.51897225749246 39.18373028423627, -86.51782989443241 39.18288305004874, -86.51677607563498 39.18192792436503, -86.51582094995126 39.18087410556759, -86.51497371576373 39.179731742507535, -86.51424253240074 39.178511836765594, -86.5136344415578 39.177226136700945, -86.51315529948214 39.17588702430804, -86.51280972057387 39.17450739597125, -86.51260103294678 39.17310053826565, -86.51253124637681 39.17168))",1,5
902428462,2015-04-01,Weekend,13:00:00,1-Car,No injury/unknown,ANIMAL/OBJECT IN ROADWAY,SR37S & ZIKES,39.04670943,-86.53586743,"39.04670943,-86.53586743",0,Clear,1,POINT (-86.53586743 39.04670943),0.0,,13,6
902487329,2015-07-05,Weekday,10:00:00,1-Car,No injury/unknown,OTHER (DRIVER) - EXPLAIN IN NARRATIVE,S WALNUT,39.13493114,-86.52778394,"39.13493114,-86.52778394",1,Partly cloudy,1,POINT (-86.52778394 39.13493114),0.0,"POLYGON ((-86.51329118637682 39.13493114, -86.51336097294678 39.13351060173435, -86.51356966057388 39.132103744028754, -86.51391523948215 39.13072411569196, -86.5143943815578 39.129385003299056, -86.51500247240075 39.12809930323441, -86.51573365576374 39.126879397492466, -86.51658088995127 39.12573703443241, -86.51753601563499 39.124683215634974, -86.51858983443242 39.123728089951264, -86.51973219749247 39.12288085576373, -86.5209521032344 39.122149672400745, -86.52223780329906 39.12154158155781, -86.52357691569198 39.12106243948214, -86.52495654402875 39.120716860573864, -86.52636340173436 39.12050817294678, -86.52778394 39.12043838637681, -86.52920447826565 39.12050817294678, -86.53061133597126 39.120716860573864, -86.53199096430804 39.12106243948214, -86.53333007670095 39.12154158155781, -86.5346157767656 39.122149672400745, -86.53583568250754 39.12288085576373, -86.5369780455676 39.123728089951264, -86.53803186436502 39.124683215634974, -86.53898699004874 39.12573703443241, -86.53983422423627 39.126879397492466, -86.54056540759926 39.12809930323441, -86.5411734984422 39.129385003299056, -86.54165264051787 39.13072411569196, -86.54199821942613 39.132103744028754, -86.54220690705323 39.13351060173435, -86.5422766936232 39.13493114, -86.54220690705323 39.13635167826565, -86.54199821942613 39.137758535971244, -86.54165264051787 39.13913816430804, -86.5411734984422 39.14047727670094, -86.54056540759926 39.14176297676559, -86.53983422423627 39.14298288250753, -86.53898699004874 39.14412524556759, -86.53803186436502 39.145179064365024, -86.5369780455676 39.146134190048734, -86.53583568250754 39.146981424236266, -86.5346157767656 39.14771260759925, -86.53333007670095 39.14832069844219, -86.53199096430804 39.14879984051786, -86.53061133597126 39.149145419426134, -86.52920447826565 39.14935410705322, -86.52778394 39.14942389362319, -86.52636340173436 39.14935410705322, -86.52495654402875 39.149145419426134, -86.52357691569198 39.14879984051786, -86.52223780329906 39.14832069844219, -86.5209521032344 39.14771260759925, -86.51973219749247 39.146981424236266, -86.51858983443242 39.146134190048734, -86.51753601563499 39.145179064365024, -86.51658088995127 39.14412524556759, -86.51573365576374 39.14298288250753, -86.51500247240075 39.14176297676559, -86.5143943815578 39.14047727670094, -86.51391523948215 39.13913816430804, -86.51356966057388 39.137758535971244, -86.51336097294678 39.13635167826565, -86.51329118637682 39.13493114))",10,6
902472004,2015-06-01,Weekend,10:00:00,1-Car,Non-incapacitating,OTHER (VEHICLE) - EXPLAIN IN NARRATIVE,SR446S & WALDRIP CREEK,39.06971087,-86.41607391,"39.06971087,-86.41607391",0,Overcast,2,POINT (-86.41607391 39.06971087),0.0,,10,6
902424036,2015-04-01,Weekday,19:00:00,2-Car,No injury/unknown,FAILURE TO YIELD RIGHT OF WAY,E 9TH & N INDIANA,39.170544,-86.526992,"39.170544,-86.526992",40,Clear,1,POINT (-86.526992 39.170544),0.0,"POLYGON ((-86.51249924637682 39.170544, -86.51256903294679 39.16912346173435, -86.51277772057388 39.167716604028755, -86.51312329948215 39.16633697569196, -86.51360244155781 39.16499786329906, -86.51421053240075 39.16371216323441, -86.51494171576374 39.16249225749247, -86.51578894995127 39.16134989443241, -86.51674407563499 39.160296075634974, -86.51779789443242 39.159340949951265, -86.51894025749247 39.15849371576373, -86.52016016323441 39.157762532400746, -86.52144586329906 39.15715444155781, -86.52278497569198 39.15667529948214, -86.52416460402875 39.156329720573865, -86.52557146173436 39.15612103294678, -86.526992 39.15605124637681, -86.52841253826566 39.15612103294678, -86.52981939597126 39.156329720573865, -86.53119902430804 39.15667529948214, -86.53253813670095 39.15715444155781, -86.5338238367656 39.157762532400746, -86.53504374250754 39.15849371576373, -86.5361861055676 39.159340949951265, -86.53723992436502 39.160296075634974, -86.53819505004874 39.16134989443241, -86.53904228423627 39.16249225749247, -86.53977346759926 39.16371216323441, -86.5403815584422 39.16499786329906, -86.54086070051787 39.16633697569196, -86.54120627942613 39.167716604028755, -86.54141496705323 39.16912346173435, -86.5414847536232 39.170544, -86.54141496705323 39.17196453826565, -86.54120627942613 39.173371395971245, -86.54086070051787 39.17475102430804, -86.5403815584422 39.17609013670094, -86.53977346759926 39.17737583676559, -86.53904228423627 39.17859574250753, -86.53819505004874 39.17973810556759, -86.53723992436502 39.180791924365025, -86.5361861055676 39.181747050048735, -86.53504374250754 39.182594284236266, -86.5338238367656 39.18332546759925, -86.53253813670095 39.18393355844219, -86.53119902430804 39.18441270051786, -86.52981939597126 39.184758279426134, -86.52841253826566 39.18496696705322, -86.526992 39.18503675362319, -86.52557146173436 39.18496696705322, -86.52416460402875 39.184758279426134, -86.52278497569198 39.18441270051786, -86.52144586329906 39.18393355844219, -86.52016016323441 39.18332546759925, -86.51894025749247 39.182594284236266, -86.51779789443242 39.181747050048735, -86.51674407563499 39.180791924365025, -86.51578894995127 39.17973810556759, -86.51494171576374 39.17859574250753, -86.51421053240075 39.17737583676559, -86.51360244155781 39.17609013670094, -86.51312329948215 39.17475102430804, -86.51277772057388 39.173371395971245, -86.51256903294679 39.17196453826565, -86.51249924637682 39.170544))",19,6
902438205,2015-05-06,Weekday,15:00:00,2-Car,No injury/unknown,UNSAFE BACKING,S WOODSCREST,39.16290283,-86.50295257,"39.16290283,-86.50295257",7,Clear,1,POINT (-86.50295257 39.16290283),0.0,"POLYGON ((-86.48845981637682 39.16290283, -86.48852960294678 39.16148229173435, -86.48873829057388 39.160075434028755, -86.48908386948214 39.15869580569196, -86.4895630115578 39.15735669329906, -86.49017110240075 39.15607099323441, -86.49090228576374 39.15485108749247, -86.49174951995127 39.15370872443241, -86.49270464563499 39.152654905634975, -86.49375846443242 39.151699779951265, -86.49490082749247 39.15085254576373, -86.4961207332344 39.150121362400746, -86.49740643329906 39.14951327155781, -86.49874554569197 39.14903412948214, -86.50012517402875 39.148688550573866, -86.50153203173436 39.14847986294678, -86.50295257 39.14841007637681, -86.50437310826565 39.14847986294678, -86.50577996597126 39.148688550573866, -86.50715959430804 39.14903412948214, -86.50849870670095 39.14951327155781, -86.5097844067656 39.150121362400746, -86.51100431250754 39.15085254576373, -86.51214667556759 39.151699779951265, -86.51320049436502 39.152654905634975, -86.51415562004874 39.15370872443241, -86.51500285423627 39.15485108749247, -86.51573403759926 39.15607099323441, -86.5163421284422 39.15735669329906, -86.51682127051787 39.15869580569196, -86.51716684942613 39.160075434028755, -86.51737553705323 39.16148229173435, -86.51744532362319 39.16290283, -86.51737553705323 39.16432336826565, -86.51716684942613 39.165730225971245, -86.51682127051787 39.16710985430804, -86.5163421284422 39.16844896670094, -86.51573403759926 39.16973466676559, -86.51500285423627 39.17095457250753, -86.51415562004874 39.17209693556759, -86.51320049436502 39.173150754365025, -86.51214667556759 39.174105880048735, -86.51100431250754 39.17495311423627, -86.5097844067656 39.175684297599254, -86.50849870670095 39.17629238844219, -86.50715959430804 39.17677153051786, -86.50577996597126 39.177117109426135, -86.50437310826565 39.17732579705322, -86.50295257 39.17739558362319, -86.50153203173436 39.17732579705322, -86.50012517402875 39.177117109426135, -86.49874554569197 39.17677153051786, -86.49740643329906 39.17629238844219, -86.4961207332344 39.175684297599254, -86.49490082749247 39.17495311423627, -86.49375846443242 39.174105880048735, -86.49270464563499 39.173150754365025, -86.49174951995127 39.17209693556759, -86.49090228576374 39.17095457250753, -86.49017110240075 39.16973466676559, -86.4895630115578 39.16844896670094, -86.48908386948214 39.16710985430804, -86.48873829057388 39.165730225971245, -86.48852960294678 39.16432336826565, -86.48845981637682 39.16290283))",15,6