Master Record Number,Date,Weekend?,Hour,Collision Type,Injury Type,Primary Factor,Reported_Location,Latitude,Longitude,Location,Number of Bars,Weather Condition,Severity,geometry,area_number,bar_location,Hour of Day,Visibility (mi)
902596861,2015-12-03,Weekday,17:00:00,Moped/Motorcycle,No injury/unknown,IMPROPER PASSING,SOUTH GORE & SOUTH OLD SR 37,39.032544,-86.541696,"39.032544,-86.541696",0,Clear,1,POINT (-86.541696 39.032544),0.0,,17,5
902411646,2015-03-03,Weekday,08:00:00,2-Car,No injury/unknown,UNSAFE SPEED,DILLMAN & SR37,39.09023917,-86.54535097,"39.09023917,-86.54535097",0,Cloudy,1,POINT (-86.54535097 39.09023917),0.0,,8,6
902566222,2015-11-04,Weekday,11:00:00,2-Car,No injury/unknown,FOLLOWING TOO CLOSELY,LOIS & ROGERS,39.12984,-86.538496,"39.12984,-86.538496",1,Clear,1,POINT (-86.538496 39.12984),0.0,"POLYGON ((-86.52400324637681 39.12984, -86.52407303294677 39.12841946173435, -86.52428172057387 39.12701260402876, -86.52462729948213 39.125632975691964, -86.5251064415578 39.12429386329906, -86.52571453240074 39.12300816323441, -86.52644571576373 39.12178825749247, -86.52729294995126 39.120645894432414, -86.52824807563498 39.119592075634976, -86.52930189443241 39.11863694995127, -86.53044425749246 39.117789715763735, -86.5316641632344 39.11705853240075, -86.53294986329905 39.11645044155781, -86.53428897569196 39.11597129948214, -86.53566860402874 39.11562572057387, -86.53707546173435 39.11541703294678, -86.538496 39.115347246376814, -86.53991653826564 39.11541703294678, -86.54132339597125 39.11562572057387, -86.54270302430803 39.11597129948214, -86.54404213670094 39.11645044155781, -86.5453278367656 39.11705853240075, -86.54654774250753 39.117789715763735, -86.54769010556758 39.11863694995127, -86.54874392436501 39.119592075634976, -86.54969905004873 39.120645894432414, -86.55054628423626 39.12178825749247, -86.55127746759925 39.12300816323441, -86.5518855584422 39.12429386329906, -86.55236470051786 39.125632975691964, -86.55271027942612 39.12701260402876, -86.55291896705322 39.12841946173435, -86.55298875362318 39.12984, -86.55291896705322 39.13126053826565, -86.55271027942612 39.13266739597125, -86.55236470051786 39.13404702430804, -86.5518855584422 39.135386136700944, -86.55127746759925 39.13667183676559, -86.55054628423626 39.137891742507534, -86.54969905004873 39.13903410556759, -86.54874392436501 39.14008792436503, -86.54769010556758 39.14104305004874, -86.54654774250753 39.14189028423627, -86.5453278367656 39.142621467599255, -86.54404213670094 39.143229558442194, -86.54270302430803 39.14370870051786, -86.54132339597125 39.144054279426136, -86.53991653826564 39.14426296705322, -86.538496 39.14433275362319, -86.53707546173435 39.14426296705322, -86.53566860402874 39.144054279426136, -86.53428897569196 39.14370870051786, -86.53294986329905 39.143229558442194, -86.5316641632344 39.142621467599255, -86.53044425749246 39.14189028423627, -86.52930189443241 39.14104305004874, -86.52824807563498 39.14008792436503, -86.52729294995126 39.13903410556759, -86.52644571576373 39.137891742507534, -86.52571453240074 39.13667183676559, -86.5251064415578 39.135386136700944, -86.52462729948213 39.13404702430804, -86.52428172057387 39.13266739597125, -86.52407303294677 39.13126053826565, -86.52400324637681 39.12984))",11,6
902413842,2015-03-01,Weekend,18:00:00,2-Car,No injury/unknown,IMPROPER LANE USAGE,11TH & BLAIR,39.173344,-86.543792,"39.173344,-86.543792",40,Patchy moderate snow,1,POINT (-86.543792 39.173344),0.0,"POLYGON ((-86.52929924637681 39.173344, -86.52936903294678 39.17192346173435, -86.52957772057387 39.170516604028755, -86.52992329948214 39.16913697569196, -86.5304024415578 39.16779786329906, -86.53101053240074 39.16651216323441, -86.53174171576373 39.16529225749247, -86.53258894995126 39.16414989443241, -86.53354407563498 39.163096075634975, -86.53459789443241 39.162140949951265, -86.53574025749246 39.16129371576373, -86.5369601632344 39.160562532400746, -86.53824586329905 39.15995444155781, -86.53958497569197 39.15947529948214, -86.54096460402874 39.159129720573866, -86.54237146173435 39.15892103294678, -86.543792 39.15885124637681, -86.54521253826564 39.15892103294678, -86.54661939597125 39.159129720573866, -86.54799902430803 39.15947529948214, -86.54933813670094 39.15995444155781, -86.5506238367656 39.160562532400746, -86.55184374250753 39.16129371576373, -86.55298610556758 39.162140949951265, -86.55403992436501 39.163096075634975, -86.55499505004873 39.16414989443241, -86.55584228423626 39.16529225749247, -86.55657346759925 39.16651216323441, -86.5571815584422 39.16779786329906, -86.55766070051786 39.16913697569196, -86.55800627942612 39.170516604028755, -86.55821496705322 39.17192346173435, -86.55828475362318 39.173344, -86.55821496705322 39.17476453826565, -86.55800627942612 39.176171395971245, -86.55766070051786 39.17755102430804, -86.5571815584422 39.17889013670094, -86.55657346759925 39.18017583676559, -86.55584228423626 39.18139574250753, -86.55499505004873 39.18253810556759, -86.55403992436501 39.183591924365025, -86.55298610556758 39.184547050048735, -86.55184374250753 39.18539428423627, -86.5506238367656 39.186125467599254, -86.54933813670094 39.18673355844219, -86.54799902430803 39.18721270051786, -86.54661939597125 39.187558279426135, -86.54521253826564 39.18776696705322, -86.543792 39.18783675362319, -86.54237146173435 39.18776696705322, -86.54096460402874 39.187558279426135, -86.53958497569197 39.18721270051786, -86.53824586329905 39.18673355844219, -86.5369601632344 39.186125467599254, -86.53574025749246 39.18539428423627, -86.53459789443241 39.184547050048735, -86.53354407563498 39.183591924365025, -86.53258894995126 39.18253810556759, -86.53174171576373 39.18139574250753, -86.53101053240074 39.18017583676559, -86.5304024415578 39.17889013670094, -86.52992329948214 39.17755102430804, -86.52957772057387 39.176171395971245, -86.52936903294678 39.17476453826565, -86.52929924637681 39.173344))",18,1
902558538,2015-11-02,Weekday,19:00:00,3+ Cars,Non-incapacitating,FOLLOWING TOO CLOSELY,10TH & UNION,39.171472,-86.509376,"39.171472,-86.509376",5,Clear,2,POINT (-86.509376 39.171472),0.0,"POLYGON ((-86.49488324637682 39.171472, -86.49495303294678 39.17005146173435, -86.49516172057388 39.168644604028756, -86.49550729948214 39.167264975691964, -86.4959864415578 39.16592586329906, -86.49659453240075 39.16464016323441, -86.49732571576374 39.16342025749247, -86.49817294995127 39.162277894432414, -86.49912807563499 39.161224075634976, -86.50018189443242 39.160268949951266, -86.50132425749247 39.159421715763735, -86.5025441632344 39.15869053240075, -86.50382986329906 39.15808244155781, -86.50516897569197 39.15760329948214, -86.50654860402875 39.15725772057387, -86.50795546173435 39.15704903294678, -86.509376 39.156979246376814, -86.51079653826565 39.15704903294678, -86.51220339597126 39.15725772057387, -86.51358302430803 39.15760329948214, -86.51492213670095 39.15808244155781, -86.5162078367656 39.15869053240075, -86.51742774250754 39.159421715763735, -86.51857010556759 39.160268949951266, -86.51962392436502 39.161224075634976, -86.52057905004874 39.162277894432414, -86.52142628423627 39.16342025749247, -86.52215746759926 39.16464016323441, -86.5227655584422 39.16592586329906, -86.52324470051786 39.167264975691964, -86.52359027942613 39.168644604028756, -86.52379896705322 39.17005146173435, -86.52386875362319 39.171472, -86.52379896705322 39.17289253826565, -86.52359027942613 39.174299395971246, -86.52324470051786 39.17567902430804, -86.5227655584422 39.177018136700944, -86.52215746759926 39.17830383676559, -86.52142628423627 39.179523742507534, -86.52057905004874 39.18066610556759, -86.51962392436502 39.18171992436503, -86.51857010556759 39.182675050048736, -86.51742774250754 39.18352228423627, -86.5162078367656 39.184253467599255, -86.51492213670095 39.18486155844219, -86.51358302430803 39.18534070051786, -86.51220339597126 39.185686279426136, -86.51079653826565 39.18589496705322, -86.509376 39.18596475362319, -86.50795546173435 39.18589496705322, -86.50654860402875 39.185686279426136, -86.50516897569197 39.18534070051786, -86.50382986329906 39.18486155844219, -86.5025441632344 39.184253467599255, -86.50132425749247 39.18352228423627, -86.50018189443242 39.182675050048736, -86.49912807563499 39.18171992436503, -86.49817294995127 39.18066610556759, -86.49732571576374 39.179523742507534, -86.49659453240075 39.17830383676559, -86.4959864415578 39.177018136700944, -86.49550729948214 39.17567902430804, -86.49516172057388 39.174299395971246, -86.49495303294678 39.17289253826565, -86.49488324637682 39.171472))",19,6
902563194,2015-11-01,Weekend,01:00:00,2-Car,No injury/unknown,OTHER (DRIVER) - EXPLAIN IN NARRATIVE,N COLLEGE,39.17091135,-86.534768,"39.17091135,-86.534768",39,Overcast,1,POINT (-86.534768 39.17091135),0.0,"POLYGON ((-86.52027524637681 39.17091135, -86.52034503294678 39.16949081173435, -86.52055372057387 39.16808395402875, -86.52089929948214 39.16670432569196, -86.5213784415578 39.165365213299054, -86.52198653240075 39.164079513234405, -86.52271771576373 39.162859607492464, -86.52356494995126 39.16171724443241, -86.52452007563498 39.16066342563497, -86.52557389443241 39.15970829995126, -86.52671625749247 39.15886106576373, -86.5279361632344 39.15812988240074, -86.52922186329906 39.157521791557805, -86.53056097569197 39.157042649482136, -86.53194060402875 39.15669707057386, -86.53334746173435 39.156488382946776, -86.534768 39.15641859637681, -86.53618853826565 39.156488382946776, -86.53759539597125 39.15669707057386, -86.53897502430803 39.157042649482136, -86.54031413670094 39.157521791557805, -86.5415998367656 39.15812988240074, -86.54281974250753 39.15886106576373, -86.54396210556759 39.15970829995126, -86.54501592436502 39.16066342563497, -86.54597105004873 39.16171724443241, -86.54681828423627 39.162859607492464, -86.54754946759925 39.164079513234405, -86.5481575584422 39.165365213299054, -86.54863670051786 39.16670432569196, -86.54898227942613 39.16808395402875, -86.54919096705322 39.16949081173435, -86.54926075362319 39.17091135, -86.54919096705322 39.172331888265646, -86.54898227942613 39.17373874597124, -86.54863670051786 39.175118374308035, -86.5481575584422 39.17645748670094, -86.54754946759925 39.17774318676559, -86.54681828423627 39.17896309250753, -86.54597105004873 39.180105455567585, -86.54501592436502 39.18115927436502, -86.54396210556759 39.18211440004873, -86.54281974250753 39.182961634236264, -86.5415998367656 39.18369281759925, -86.54031413670094 39.18430090844219, -86.53897502430803 39.18478005051786, -86.53759539597125 39.18512562942613, -86.53618853826565 39.18533431705322, -86.534768 39.185404103623185, -86.53334746173435 39.18533431705322, -86.53194060402875 39.18512562942613, -86.53056097569197 39.18478005051786, -86.52922186329906 39.18430090844219, -86.5279361632344 39.18369281759925, -86.52671625749247 39.182961634236264, -86.52557389443241 39.18211440004873, -86.52452007563498 39.18115927436502, -86.52356494995126 39.180105455567585, -86.52271771576373 39.17896309250753, -86.52198653240075 39.17774318676559, -86.5213784415578 39.17645748670094, -86.52089929948214 39.175118374308035, -86.52055372057387 39.17373874597124, -86.52034503294678 39.172331888265646, -86.52027524637681 39.17091135))",1,5
902521609,2015-09-03,Weekday,17:00:00,3+ Cars,Incapacitating,FAILURE TO YIELD RIGHT OF WAY,RANGE & SR46N,39.171504,-86.495312,"39.171504,-86.495312",5,Clear,2,POINT (-86.495312 39.171504),0.0,"POLYGON ((-86.48081924637681 39.171504, -86.48088903294678 39.17008346173435, -86.48109772057387 39.168676604028754, -86.48144329948214 39.16729697569196, -86.4819224415578 39.165957863299056, -86.48253053240074 39.16467216323441, -86.48326171576373 39.163452257492466, -86.48410894995126 39.16230989443241, -86.48506407563498 39.161256075634974, -86.48611789443241 39.160300949951264, -86.48726025749247 39.15945371576373, -86.4884801632344 39.158722532400745, -86.48976586329906 39.15811444155781, -86.49110497569197 39.15763529948214, -86.49248460402875 39.157289720573864, -86.49389146173435 39.15708103294678, -86.495312 39.15701124637681, -86.49673253826565 39.15708103294678, -86.49813939597125 39.157289720573864, -86.49951902430803 39.15763529948214, -86.50085813670094 39.15811444155781, -86.5021438367656 39.158722532400745, -86.50336374250753 39.15945371576373, -86.50450610556759 39.160300949951264, -86.50555992436502 39.161256075634974, -86.50651505004873 39.16230989443241, -86.50736228423627 39.163452257492466, -86.50809346759925 39.16467216323441, -86.5087015584422 39.165957863299056, -86.50918070051786 39.16729697569196, -86.50952627942613 39.168676604028754, -86.50973496705322 39.17008346173435, -86.50980475362319 39.171504, -86.50973496705322 39.17292453826565, -86.50952627942613 39.174331395971244, -86.50918070051786 39.175711024308036, -86.5087015584422 39.17705013670094, -86.50809346759925 39.17833583676559, -86.50736228423627 39.17955574250753, -86.50651505004873 39.180698105567586, -86.50555992436502 39.181751924365024, -86.50450610556759 39.182707050048734, -86.50336374250753 39.183554284236266, -86.5021438367656 39.18428546759925, -86.50085813670094 39.18489355844219, -86.49951902430803 39.18537270051786, -86.49813939597125 39.18571827942613, -86.49673253826565 39.18592696705322, -86.495312 39.185996753623186, -86.49389146173435 39.18592696705322, -86.49248460402875 39.18571827942613, -86.49110497569197 39.18537270051786, -86.48976586329906 39.18489355844219, -86.4884801632344 39.18428546759925, -86.48726025749247 39.183554284236266, -86.48611789443241 39.182707050048734, -86.48506407563498 39.181751924365024, -86.48410894995126 39.180698105567586, -86.48326171576373 39.17955574250753, -86.48253053240074 39.17833583676559, -86.4819224415578 39.17705013670094, -86.48144329948214 39.175711024308036, -86.48109772057387 39.174331395971244, -86.48088903294678 39.17292453826565, -86.48081924637681 39.171504))",17,6
902420009,2015-03-06,Weekday,08:00:00,2-Car,No injury/unknown,IMPROPER LANE USAGE,UNION,39.166848,-86.509296,"39.166848,-86.509296",6,Clear,1,POINT (-86.509296 39.166848),0.0,"POLYGON ((-86.49480324637682 39.166848, -86.49487303294678 39.16542746173435, -86.49508172057388 39.16402060402876, -86.49542729948215 39.162640975691964, -86.4959064415578 39.16130186329906, -86.49651453240075 39.16001616323441, -86.49724571576374 39.15879625749247, -86.49809294995127 39.157653894432414, -86.49904807563499 39.15660007563498, -86.50010189443242 39.15564494995127, -86.50124425749247 39.154797715763735, -86.50246416323441 39.15406653240075, -86.50374986329906 39.15345844155781, -86.50508897569198 39.15297929948214, -86.50646860402875 39.15263372057387, -86.50787546173436 39.15242503294678, -86.509296 39.152355246376814, -86.51071653826565 39.15242503294678, -86.51212339597126 39.15263372057387, -86.51350302430804 39.15297929948214, -86.51484213670095 39.15345844155781, -86.5161278367656 39.15406653240075, -86.51734774250754 39.154797715763735, -86.5184901055676 39.15564494995127, -86.51954392436502 39.15660007563498, -86.52049905004874 39.157653894432414, -86.52134628423627 39.15879625749247, -86.52207746759926 39.16001616323441, -86.5226855584422 39.16130186329906, -86.52316470051787 39.162640975691964, -86.52351027942613 39.16402060402876, -86.52371896705323 39.16542746173435, -86.5237887536232 39.166848, -86.52371896705323 39.16826853826565, -86.52351027942613 39.16967539597125, -86.52316470051787 39.17105502430804, -86.5226855584422 39.172394136700945, -86.52207746759926 39.173679836765594, -86.52134628423627 39.174899742507534, -86.52049905004874 39.17604210556759, -86.51954392436502 39.17709592436503, -86.5184901055676 39.17805105004874, -86.51734774250754 39.17889828423627, -86.5161278367656 39.179629467599256, -86.51484213670095 39.180237558442194, -86.51350302430804 39.18071670051786, -86.51212339597126 39.181062279426136, -86.51071653826565 39.18127096705322, -86.509296 39.18134075362319, -86.50787546173436 39.18127096705322, -86.50646860402875 39.181062279426136, -86.50508897569198 39.18071670051786, -86.50374986329906 39.180237558442194, -86.50246416323441 39.179629467599256, -86.50124425749247 39.17889828423627, -86.50010189443242 39.17805105004874, -86.49904807563499 39.17709592436503, -86.49809294995127 39.17604210556759, -86.49724571576374 39.174899742507534, -86.49651453240075 39.173679836765594, -86.4959064415578 39.172394136700945, -86.49542729948215 39.17105502430804, -86.49508172057388 39.16967539597125, -86.49487303294678 39.16826853826565, -86.49480324637682 39.166848))",8,0
902616058,2015-12-04,Weekday,21:00:00,2-Car,No injury/unknown,UNSAFE BACKING,RAUBS,39.22990074,-86.635728,"39.22990074,-86.635728",1,Clear,1,POINT (-86.635728 39.22990074),0.0,"POLYGON ((-86.62123524637681 39.22990074, -86.62130503294678 39.22848020173435, -86.62151372057387 39.22707334402875, -86.62185929948214 39.22569371569196, -86.6223384415578 39.224354603299055, -86.62294653240075 39.223068903234406, -86.62367771576373 39.221848997492465, -86.62452494995127 39.22070663443241, -86.62548007563498 39.21965281563497, -86.62653389443241 39.21869768995126, -86.62767625749247 39.21785045576373, -86.6288961632344 39.217119272400744, -86.63018186329906 39.216511181557806, -86.63152097569197 39.21603203948214, -86.63290060402875 39.21568646057386, -86.63430746173435 39.21547777294678, -86.635728 39.21540798637681, -86.63714853826565 39.21547777294678, -86.63855539597125 39.21568646057386, -86.63993502430803 39.21603203948214, -86.64127413670094 39.216511181557806, -86.6425598367656 39.217119272400744, -86.64377974250753 39.21785045576373, -86.64492210556759 39.21869768995126, -86.64597592436502 39.21965281563497, -86.64693105004874 39.22070663443241, -86.64777828423627 39.221848997492465, -86.64850946759925 39.223068903234406, -86.6491175584422 39.224354603299055, -86.64959670051786 39.22569371569196, -86.64994227942613 39.22707334402875, -86.65015096705322 39.22848020173435, -86.65022075362319 39.22990074, -86.65015096705322 39.231321278265646, -86.64994227942613 39.23272813597124, -86.64959670051786 39.234107764308035, -86.6491175584422 39.23544687670094, -86.64850946759925 39.23673257676559, -86.64777828423627 39.23795248250753, -86.64693105004874 39.239094845567585, -86.64597592436502 39.24014866436502, -86.64492210556759 39.24110379004873, -86.64377974250753 39.241951024236265, -86.6425598367656 39.24268220759925, -86.64127413670094 39.24329029844219, -86.63993502430803 39.24376944051786, -86.63855539597125 39.24411501942613, -86.63714853826565 39.24432370705322, -86.635728 39.244393493623186, -86.63430746173435 39.24432370705322, -86.63290060402875 39.24411501942613, -86.63152097569197 39.24376944051786, -86.63018186329906 39.24329029844219, -86.6288961632344 39.24268220759925, -86.62767625749247 39.241951024236265, -86.62653389443241 39.24110379004873, -86.62548007563498 39.24014866436502, -86.62452494995127 39.239094845567585, -86.62367771576373 39.23795248250753, -86.62294653240075 39.23673257676559, -86.6223384415578 39.23544687670094, -86.62185929948214 39.234107764308035, -86.62151372057387 39.23272813597124, -86.62130503294678 39.231321278265646, -86.62123524637681 39.22990074))",21,6
902414629,2015-03-03,Weekday,05:00:00,2-Car,No injury/unknown,,E 12TH & N WALNUT,39.174352,-86.533472,"39.174352,-86.533472",39,Cloudy,1,POINT (-86.533472 39.174352),0.0,"POLYGON ((-86.51897924637682 39.174352, -86.51904903294678 39.17293146173435, -86.51925772057388 39.171524604028754, -86.51960329948214 39.17014497569196, -86.5200824415578 39.168805863299056, -86.52069053240075 39.16752016323441, -86.52142171576374 39.166300257492466, -86.52226894995127 39.16515789443241, -86.52322407563499 39.164104075634974, -86.52427789443242 39.163148949951264, -86.52542025749247 39.16230171576373, -86.5266401632344 39.161570532400745, -86.52792586329906 39.16096244155781, -86.52926497569197 39.16048329948214, -86.53064460402875 39.160137720573864, -86.53205146173435 39.15992903294678, -86.533472 39.15985924637681, -86.53489253826565 39.15992903294678, -86.53629939597126 39.160137720573864, -86.53767902430803 39.16048329948214, -86.53901813670095 39.16096244155781, -86.5403038367656 39.161570532400745, -86.54152374250754 39.16230171576373, -86.54266610556759 39.163148949951264, -86.54371992436502 39.164104075634974, -86.54467505004874 39.16515789443241, -86.54552228423627 39.166300257492466, -86.54625346759926 39.16752016323441, -86.5468615584422 39.168805863299056, -86.54734070051786 39.17014497569196, -86.54768627942613 39.171524604028754, -86.54789496705322 39.17293146173435, -86.54796475362319 39.174352, -86.54789496705322 39.17577253826565, -86.54768627942613 39.177179395971244, -86.54734070051786 39.178559024308036, -86.5468615584422 39.17989813670094, -86.54625346759926 39.18118383676559, -86.54552228423627 39.18240374250753, -86.54467505004874 39.183546105567586, -86.54371992436502 39.184599924365024, -86.54266610556759 39.185555050048734, -86.54152374250754 39.186402284236266, -86.5403038367656 39.18713346759925, -86.53901813670095 39.18774155844219, -86.53767902430803 39.18822070051786, -86.53629939597126 39.188566279426134, -86.53489253826565 39.18877496705322, -86.533472 39.18884475362319, -86.53205146173435 39.18877496705322, -86.53064460402875 39.188566279426134, -86.52926497569197 39.18822070051786, -86.52792586329906 39.18774155844219, -86.5266401632344 39.18713346759925, -86.52542025749247 39.186402284236266, -86.52427789443242 39.185555050048734, -86.52322407563499 39.184599924365024, -86.52226894995127 39.183546105567586, -86.52142171576374 39.18240374250753, -86.52069053240075 39.18118383676559, -86.5200824415578 39.17989813670094, -86.51960329948214 39.178559024308036, -86.51925772057388 39.177179395971244, -86.51904903294678 39.17577253826565, -86.51897924637682 39.174352))",5,6
902378796,2015-01-05,Weekday,12:00:00,2-Car,No injury/unknown,UNSAFE LANE MOVEMENT,S WALNUT & SMITH,39.162848,-86.5336,"39.162848,-86.5336",42,Clear,1,POINT (-86.5336 39.162848),0.0,"POLYGON ((-86.51910724637682 39.162848, -86.51917703294679 39.16142746173435, -86.51938572057388 39.16002060402875, -86.51973129948215 39.15864097569196, -86.52021044155781 39.157301863299054, -86.52081853240075 39.156016163234405, -86.52154971576374 39.154796257492464, -86.52239694995127 39.15365389443241, -86.52335207563499 39.15260007563497, -86.52440589443242 39.15164494995126, -86.52554825749247 39.15079771576373, -86.52676816323441 39.15006653240074, -86.52805386329906 39.149458441557805, -86.52939297569198 39.148979299482136, -86.53077260402875 39.14863372057386, -86.53217946173436 39.148425032946776, -86.5336 39.14835524637681, -86.53502053826566 39.148425032946776, -86.53642739597126 39.14863372057386, -86.53780702430804 39.148979299482136, -86.53914613670095 39.149458441557805, -86.5404318367656 39.15006653240074, -86.54165174250754 39.15079771576373, -86.5427941055676 39.15164494995126, -86.54384792436502 39.15260007563497, -86.54480305004874 39.15365389443241, -86.54565028423627 39.154796257492464, -86.54638146759926 39.156016163234405, -86.5469895584422 39.157301863299054, -86.54746870051787 39.15864097569196, -86.54781427942613 39.16002060402875, -86.54802296705323 39.16142746173435, -86.5480927536232 39.162848, -86.54802296705323 39.164268538265645, -86.54781427942613 39.16567539597124, -86.54746870051787 39.167055024308034, -86.5469895584422 39.16839413670094, -86.54638146759926 39.16967983676559, -86.54565028423627 39.17089974250753, -86.54480305004874 39.172042105567584, -86.54384792436502 39.17309592436502, -86.5427941055676 39.17405105004873, -86.54165174250754 39.174898284236264, -86.5404318367656 39.17562946759925, -86.53914613670095 39.17623755844219, -86.53780702430804 39.17671670051786, -86.53642739597126 39.17706227942613, -86.53502053826566 39.17727096705322, -86.5336 39.177340753623184, -86.53217946173436 39.17727096705322, -86.53077260402875 39.17706227942613, -86.52939297569198 39.17671670051786, -86.52805386329906 39.17623755844219, -86.52676816323441 39.17562946759925, -86.52554825749247 39.174898284236264, -86.52440589443242 39.17405105004873, -86.52335207563499 39.17309592436502, -86.52239694995127 39.172042105567584, -86.52154971576374 39.17089974250753, -86.52081853240075 39.16967983676559, -86.52021044155781 39.16839413670094, -86.51973129948215 39.167055024308034, -86.51938572057388 39.16567539597124, -86.51917703294679 39.164268538265645, -86.51910724637682 39.162848))",12,6
902366662,2015-01-01,Weekday,21:00:00,2-Car,No injury/unknown,SPEED TOO FAST FOR WEATHER CONDITIONS,SOUTH CLARIZZ,39.15263367,-86.49272919,"39.15263367,-86.49272919",6,Clear,1,POINT (-86.49272919 39.15263367),0.0,"POLYGON ((-86.47823643637682 39.15263367, -86.47830622294678 39.15121313173435, -86.47851491057388 39.149806274028755, -86.47886048948214 39.14842664569196, -86.4793396315578 39.14708753329906, -86.47994772240075 39.14580183323441, -86.48067890576374 39.14458192749247, -86.48152613995127 39.14343956443241, -86.48248126563499 39.142385745634975, -86.48353508443242 39.141430619951265, -86.48467744749247 39.14058338576373, -86.4858973532344 39.139852202400746, -86.48718305329906 39.13924411155781, -86.48852216569198 39.13876496948214, -86.48990179402875 39.138419390573866, -86.49130865173436 39.13821070294678, -86.49272919 39.13814091637681, -86.49414972826565 39.13821070294678, -86.49555658597126 39.138419390573866, -86.49693621430804 39.13876496948214, -86.49827532670095 39.13924411155781, -86.4995610267656 39.139852202400746, -86.50078093250754 39.14058338576373, -86.5019232955676 39.141430619951265, -86.50297711436502 39.142385745634975, -86.50393224004874 39.14343956443241, -86.50477947423627 39.14458192749247, -86.50551065759926 39.14580183323441, -86.5061187484422 39.14708753329906, -86.50659789051787 39.14842664569196, -86.50694346942613 39.149806274028755, -86.50715215705323 39.15121313173435, -86.5072219436232 39.15263367, -86.50715215705323 39.15405420826565, -86.50694346942613 39.155461065971245, -86.50659789051787 39.15684069430804, -86.5061187484422 39.15817980670094, -86.50551065759926 39.15946550676559, -86.50477947423627 39.16068541250753, -86.50393224004874 39.16182777556759, -86.50297711436502 39.162881594365025, -86.5019232955676 39.163836720048735, -86.50078093250754 39.16468395423627, -86.4995610267656 39.165415137599254, -86.49827532670095 39.16602322844219, -86.49693621430804 39.16650237051786, -86.49555658597126 39.166847949426135, -86.49414972826565 39.16705663705322, -86.49272919 39.16712642362319, -86.49130865173436 39.16705663705322, -86.48990179402875 39.166847949426135, -86.48852216569198 39.16650237051786, -86.48718305329906 39.16602322844219, -86.4858973532344 39.165415137599254, -86.48467744749247 39.16468395423627, -86.48353508443242 39.163836720048735, -86.48248126563499 39.162881594365025, -86.48152613995127 39.16182777556759, -86.48067890576374 39.16068541250753, -86.47994772240075 39.15946550676559, -86.4793396315578 39.15817980670094, -86.47886048948214 39.15684069430804, -86.47851491057388 39.155461065971245, -86.47830622294678 39.15405420826565, -86.47823643637682 39.15263367))",21,6
902475560,2015-07-01,Weekend,17:00:00,2-Car,No injury/unknown,UNSAFE BACKING,E LAW,39.17297448,-86.51331469,"39.17297448,-86.51331469",13,Clear,1,POINT (-86.51331469 39.17297448),0.0,"POLYGON ((-86.49882193637681 39.17297448, -86.49889172294678 39.17155394173435, -86.49910041057387 39.170147084028756, -86.49944598948214 39.16876745569196, -86.4999251315578 39.16742834329906, -86.50053322240075 39.16614264323441, -86.50126440576373 39.16492273749247, -86.50211163995127 39.16378037443241, -86.50306676563498 39.162726555634976, -86.50412058443241 39.161771429951266, -86.50526294749247 39.160924195763734, -86.5064828532344 39.16019301240075, -86.50776855329906 39.15958492155781, -86.50910766569197 39.15910577948214, -86.51048729402875 39.158760200573866, -86.51189415173435 39.15855151294678, -86.51331469 39.15848172637681, -86.51473522826565 39.15855151294678, -86.51614208597125 39.158760200573866, -86.51752171430803 39.15910577948214, -86.51886082670094 39.15958492155781, -86.5201465267656 39.16019301240075, -86.52136643250753 39.160924195763734, -86.52250879556759 39.161771429951266, -86.52356261436502 39.162726555634976, -86.52451774004874 39.16378037443241, -86.52536497423627 39.16492273749247, -86.52609615759926 39.16614264323441, -86.5267042484422 39.16742834329906, -86.52718339051786 39.16876745569196, -86.52752896942613 39.170147084028756, -86.52773765705322 39.17155394173435, -86.52780744362319 39.17297448, -86.52773765705322 39.17439501826565, -86.52752896942613 39.175801875971246, -86.52718339051786 39.17718150430804, -86.5267042484422 39.17852061670094, -86.52609615759926 39.17980631676559, -86.52536497423627 39.18102622250753, -86.52451774004874 39.18216858556759, -86.52356261436502 39.183222404365026, -86.52250879556759 39.184177530048736, -86.52136643250753 39.18502476423627, -86.5201465267656 39.185755947599255, -86.51886082670094 39.18636403844219, -86.51752171430803 39.18684318051786, -86.51614208597125 39.187188759426135, -86.51473522826565 39.18739744705322, -86.51331469 39.18746723362319, -86.51189415173435 39.18739744705322, -86.51048729402875 39.187188759426135, -86.50910766569197 39.18684318051786, -86.50776855329906 39.18636403844219, -86.5064828532344 39.185755947599255, -86.50526294749247 39.18502476423627, -86.50412058443241 39.184177530048736, -86.50306676563498 39.183222404365026, -86.50211163995127 39.18216858556759, -86.50126440576373 39.18102622250753, -86.50053322240075 39.17980631676559, -86.4999251315578 39.17852061670094, -86.49944598948214 39.17718150430804, -86.49910041057387 39.175801875971246, -86.49889172294678 39.17439501826565, -86.49882193637681 39.17297448))",17,6