Master Record Number,Date,Weekend?,Hour,Collision Type,Injury Type,Primary Factor,Reported_Location,Latitude,Longitude,Location,Number of Bars,Weather Condition,Severity,geometry,area_number,bar_location,Hour of Day,Visibility (mi)
902411980,2015-03-04,Weekday,14:00:00,2-Car,No injury/unknown,IMPROPER LANE USAGE,N COLLEGE & W 7TH,39.16697343,-86.5348602,"39.16697343,-86.5348602",41,Heavy rain at times,1,POINT (-86.5348602 39.16697343),0.0,"POLYGON ((-86.52036744637681 39.16697343, -86.52043723294678 39.16555289173435, -86.52064592057387 39.164146034028754, -86.52099149948214 39.16276640569196, -86.5214706415578 39.161427293299056, -86.52207873240074 39.16014159323441, -86.52280991576373 39.158921687492466, -86.52365714995126 39.15777932443241, -86.52461227563498 39.156725505634974, -86.52566609443241 39.155770379951264, -86.52680845749246 39.15492314576373, -86.5280283632344 39.154191962400745, -86.52931406329905 39.15358387155781, -86.53065317569197 39.15310472948214, -86.53203280402874 39.152759150573864, -86.53343966173435 39.15255046294678, -86.5348602 39.15248067637681, -86.53628073826565 39.15255046294678, -86.53768759597125 39.152759150573864, -86.53906722430803 39.15310472948214, -86.54040633670094 39.15358387155781, -86.5416920367656 39.154191962400745, -86.54291194250753 39.15492314576373, -86.54405430556758 39.155770379951264, -86.54510812436502 39.156725505634974, -86.54606325004873 39.15777932443241, -86.54691048423626 39.158921687492466, -86.54764166759925 39.16014159323441, -86.5482497584422 39.161427293299056, -86.54872890051786 39.16276640569196, -86.54907447942612 39.164146034028754, -86.54928316705322 39.16555289173435, -86.54935295362318 39.16697343, -86.54928316705322 39.16839396826565, -86.54907447942612 39.169800825971244, -86.54872890051786 39.171180454308036, -86.5482497584422 39.17251956670094, -86.54764166759925 39.17380526676559, -86.54691048423626 39.17502517250753, -86.54606325004873 39.176167535567586, -86.54510812436502 39.177221354365024, -86.54405430556758 39.178176480048734, -86.54291194250753 39.179023714236266, -86.5416920367656 39.17975489759925, -86.54040633670094 39.18036298844219, -86.53906722430803 39.18084213051786, -86.53768759597125 39.18118770942613, -86.53628073826565 39.18139639705322, -86.5348602 39.181466183623186, -86.53343966173435 39.18139639705322, -86.53203280402874 39.18118770942613, -86.53065317569197 39.18084213051786, -86.52931406329905 39.18036298844219, -86.5280283632344 39.17975489759925, -86.52680845749246 39.179023714236266, -86.52566609443241 39.178176480048734, -86.52461227563498 39.177221354365024, -86.52365714995126 39.176167535567586, -86.52280991576373 39.17502517250753, -86.52207873240074 39.17380526676559, -86.5214706415578 39.17251956670094, -86.52099149948214 39.171180454308036, -86.52064592057387 39.169800825971244, -86.52043723294678 39.16839396826565, -86.52036744637681 39.16697343))",14,3
902516059,2015-09-01,Weekend,13:00:00,2-Car,No injury/unknown,OTHER (VEHICLE) - EXPLAIN IN NARRATIVE,DUNN & E KIRKWOOD,39.16664,-86.528192,"39.16664,-86.528192",43,Partly cloudy,1,POINT (-86.528192 39.16664),0.0,"POLYGON ((-86.51369924637682 39.16664, -86.51376903294678 39.16521946173435, -86.51397772057388 39.163812604028756, -86.51432329948214 39.162432975691964, -86.5148024415578 39.16109386329906, -86.51541053240075 39.15980816323441, -86.51614171576374 39.15858825749247, -86.51698894995127 39.15744589443241, -86.51794407563499 39.156392075634976, -86.51899789443242 39.155436949951266, -86.52014025749247 39.154589715763734, -86.5213601632344 39.15385853240075, -86.52264586329906 39.15325044155781, -86.52398497569197 39.15277129948214, -86.52536460402875 39.152425720573866, -86.52677146173436 39.15221703294678, -86.528192 39.15214724637681, -86.52961253826565 39.15221703294678, -86.53101939597126 39.152425720573866, -86.53239902430803 39.15277129948214, -86.53373813670095 39.15325044155781, -86.5350238367656 39.15385853240075, -86.53624374250754 39.154589715763734, -86.53738610556759 39.155436949951266, -86.53843992436502 39.156392075634976, -86.53939505004874 39.15744589443241, -86.54024228423627 39.15858825749247, -86.54097346759926 39.15980816323441, -86.5415815584422 39.16109386329906, -86.54206070051787 39.162432975691964, -86.54240627942613 39.163812604028756, -86.54261496705323 39.16521946173435, -86.54268475362319 39.16664, -86.54261496705323 39.16806053826565, -86.54240627942613 39.169467395971246, -86.54206070051787 39.17084702430804, -86.5415815584422 39.172186136700944, -86.54097346759926 39.17347183676559, -86.54024228423627 39.174691742507534, -86.53939505004874 39.17583410556759, -86.53843992436502 39.176887924365026, -86.53738610556759 39.177843050048736, -86.53624374250754 39.17869028423627, -86.5350238367656 39.179421467599255, -86.53373813670095 39.18002955844219, -86.53239902430803 39.18050870051786, -86.53101939597126 39.180854279426136, -86.52961253826565 39.18106296705322, -86.528192 39.18113275362319, -86.52677146173436 39.18106296705322, -86.52536460402875 39.180854279426136, -86.52398497569197 39.18050870051786, -86.52264586329906 39.18002955844219, -86.5213601632344 39.179421467599255, -86.52014025749247 39.17869028423627, -86.51899789443242 39.177843050048736, -86.51794407563499 39.176887924365026, -86.51698894995127 39.17583410556759, -86.51614171576374 39.174691742507534, -86.51541053240075 39.17347183676559, -86.5148024415578 39.172186136700944, -86.51432329948214 39.17084702430804, -86.51397772057388 39.169467395971246, -86.51376903294678 39.16806053826565, -86.51369924637682 39.16664))",13,3
902420478,2015-03-07,Weekend,13:00:00,2-Car,No injury/unknown,UNSAFE BACKING,E 10TH,39.17638171,-86.47901486,"39.17638171,-86.47901486",2,Overcast,1,POINT (-86.47901486 39.17638171),0.0,"POLYGON ((-86.46452210637682 39.17638171, -86.46459189294679 39.17496117173435, -86.46480058057388 39.173554314028756, -86.46514615948215 39.172174685691964, -86.46562530155781 39.17083557329906, -86.46623339240075 39.16954987323441, -86.46696457576374 39.16832996749247, -86.46781180995127 39.167187604432414, -86.46876693563499 39.166133785634976, -86.46982075443242 39.165178659951266, -86.47096311749247 39.164331425763734, -86.47218302323441 39.16360024240075, -86.47346872329906 39.16299215155781, -86.47480783569198 39.16251300948214, -86.47618746402875 39.16216743057387, -86.47759432173436 39.16195874294678, -86.47901486 39.161888956376814, -86.48043539826566 39.16195874294678, -86.48184225597126 39.16216743057387, -86.48322188430804 39.16251300948214, -86.48456099670095 39.16299215155781, -86.4858466967656 39.16360024240075, -86.48706660250754 39.164331425763734, -86.4882089655676 39.165178659951266, -86.48926278436502 39.166133785634976, -86.49021791004874 39.167187604432414, -86.49106514423627 39.16832996749247, -86.49179632759926 39.16954987323441, -86.4924044184422 39.17083557329906, -86.49288356051787 39.172174685691964, -86.49322913942613 39.173554314028756, -86.49343782705323 39.17496117173435, -86.4935076136232 39.17638171, -86.49343782705323 39.17780224826565, -86.49322913942613 39.179209105971246, -86.49288356051787 39.18058873430804, -86.4924044184422 39.181927846700944, -86.49179632759926 39.18321354676559, -86.49106514423627 39.184433452507534, -86.49021791004874 39.18557581556759, -86.48926278436502 39.186629634365026, -86.4882089655676 39.187584760048736, -86.48706660250754 39.18843199423627, -86.4858466967656 39.189163177599255, -86.48456099670095 39.18977126844219, -86.48322188430804 39.19025041051786, -86.48184225597126 39.190595989426136, -86.48043539826566 39.19080467705322, -86.47901486 39.19087446362319, -86.47759432173436 39.19080467705322, -86.47618746402875 39.190595989426136, -86.47480783569198 39.19025041051786, -86.47346872329906 39.18977126844219, -86.47218302323441 39.189163177599255, -86.47096311749247 39.18843199423627, -86.46982075443242 39.187584760048736, -86.46876693563499 39.186629634365026, -86.46781180995127 39.18557581556759, -86.46696457576374 39.184433452507534, -86.46623339240075 39.18321354676559, -86.46562530155781 39.181927846700944, -86.46514615948215 39.18058873430804, -86.46480058057388 39.179209105971246, -86.46459189294679 39.17780224826565, -86.46452210637682 39.17638171))",13,6
902394690,2015-02-01,Weekend,12:00:00,2-Car,No injury/unknown,FAILURE TO YIELD RIGHT OF WAY,SO WESTPLEX & W 3RD,39.16440971,-86.55389986,"39.16440971,-86.55389986",10,Light freezing rain,1,POINT (-86.55389986 39.16440971),0.0,"POLYGON ((-86.53940710637681 39.16440971, -86.53947689294678 39.16298917173435, -86.53968558057387 39.161582314028756, -86.54003115948214 39.160202685691964, -86.5405103015578 39.15886357329906, -86.54111839240075 39.15757787323441, -86.54184957576373 39.15635796749247, -86.54269680995127 39.155215604432414, -86.54365193563498 39.154161785634976, -86.54470575443241 39.153206659951266, -86.54584811749247 39.152359425763734, -86.5470680232344 39.15162824240075, -86.54835372329906 39.15102015155781, -86.54969283569197 39.15054100948214, -86.55107246402875 39.150195430573866, -86.55247932173435 39.14998674294678, -86.55389986 39.14991695637681, -86.55532039826565 39.14998674294678, -86.55672725597125 39.150195430573866, -86.55810688430803 39.15054100948214, -86.55944599670094 39.15102015155781, -86.5607316967656 39.15162824240075, -86.56195160250753 39.152359425763734, -86.56309396556759 39.153206659951266, -86.56414778436502 39.154161785634976, -86.56510291004874 39.155215604432414, -86.56595014423627 39.15635796749247, -86.56668132759926 39.15757787323441, -86.5672894184422 39.15886357329906, -86.56776856051786 39.160202685691964, -86.56811413942613 39.161582314028756, -86.56832282705322 39.16298917173435, -86.56839261362319 39.16440971, -86.56832282705322 39.16583024826565, -86.56811413942613 39.167237105971246, -86.56776856051786 39.16861673430804, -86.5672894184422 39.169955846700944, -86.56668132759926 39.17124154676559, -86.56595014423627 39.172461452507534, -86.56510291004874 39.17360381556759, -86.56414778436502 39.174657634365026, -86.56309396556759 39.175612760048736, -86.56195160250753 39.17645999423627, -86.5607316967656 39.177191177599255, -86.55944599670094 39.17779926844219, -86.55810688430803 39.17827841051786, -86.55672725597125 39.178623989426136, -86.55532039826565 39.17883267705322, -86.55389986 39.17890246362319, -86.55247932173435 39.17883267705322, -86.55107246402875 39.178623989426136, -86.54969283569197 39.17827841051786, -86.54835372329906 39.17779926844219, -86.5470680232344 39.177191177599255, -86.54584811749247 39.17645999423627, -86.54470575443241 39.175612760048736, -86.54365193563498 39.174657634365026, -86.54269680995127 39.17360381556759, -86.54184957576373 39.172461452507534, -86.54111839240075 39.17124154676559, -86.5405103015578 39.169955846700944, -86.54003115948214 39.16861673430804, -86.53968558057387 39.167237105971246, -86.53947689294678 39.16583024826565, -86.53940710637681 39.16440971))",12,6
902397036,2015-02-04,Weekday,09:00:00,1-Car,No injury/unknown,RAN OFF ROAD RIGHT,E ATWATER & S ARBUTUS,39.16838714,-86.51218011,"39.16838714,-86.51218011",13,Clear,1,POINT (-86.51218011 39.16838714),0.0,"POLYGON ((-86.49768735637682 39.16838714, -86.49775714294678 39.16696660173435, -86.49796583057388 39.165559744028755, -86.49831140948214 39.16418011569196, -86.4987905515578 39.16284100329906, -86.49939864240075 39.16155530323441, -86.50012982576374 39.16033539749247, -86.50097705995127 39.15919303443241, -86.50193218563498 39.158139215634975, -86.50298600443242 39.157184089951265, -86.50412836749247 39.15633685576373, -86.5053482732344 39.155605672400746, -86.50663397329906 39.15499758155781, -86.50797308569197 39.15451843948214, -86.50935271402875 39.154172860573865, -86.51075957173435 39.15396417294678, -86.51218011 39.15389438637681, -86.51360064826565 39.15396417294678, -86.51500750597125 39.154172860573865, -86.51638713430803 39.15451843948214, -86.51772624670095 39.15499758155781, -86.5190119467656 39.155605672400746, -86.52023185250754 39.15633685576373, -86.52137421556759 39.157184089951265, -86.52242803436502 39.158139215634975, -86.52338316004874 39.15919303443241, -86.52423039423627 39.16033539749247, -86.52496157759926 39.16155530323441, -86.5255696684422 39.16284100329906, -86.52604881051786 39.16418011569196, -86.52639438942613 39.165559744028755, -86.52660307705322 39.16696660173435, -86.52667286362319 39.16838714, -86.52660307705322 39.16980767826565, -86.52639438942613 39.171214535971245, -86.52604881051786 39.17259416430804, -86.5255696684422 39.17393327670094, -86.52496157759926 39.17521897676559, -86.52423039423627 39.17643888250753, -86.52338316004874 39.17758124556759, -86.52242803436502 39.178635064365025, -86.52137421556759 39.179590190048735, -86.52023185250754 39.18043742423627, -86.5190119467656 39.181168607599254, -86.51772624670095 39.18177669844219, -86.51638713430803 39.18225584051786, -86.51500750597125 39.182601419426135, -86.51360064826565 39.18281010705322, -86.51218011 39.18287989362319, -86.51075957173435 39.18281010705322, -86.50935271402875 39.182601419426135, -86.50797308569197 39.18225584051786, -86.50663397329906 39.18177669844219, -86.5053482732344 39.181168607599254, -86.50412836749247 39.18043742423627, -86.50298600443242 39.179590190048735, -86.50193218563498 39.178635064365025, -86.50097705995127 39.17758124556759, -86.50012982576374 39.17643888250753, -86.49939864240075 39.17521897676559, -86.4987905515578 39.17393327670094, -86.49831140948214 39.17259416430804, -86.49796583057388 39.171214535971245, -86.49775714294678 39.16980767826565, -86.49768735637682 39.16838714))",9,6
902591889,2015-12-05,Weekday,15:00:00,2-Car,No injury/unknown,UNSAFE BACKING,S OLD STATE ROAD 37,39.10851331,-86.53132114,"39.10851331,-86.53132114",0,Clear,1,POINT (-86.53132114 39.10851331),0.0,,15,6
902383630,2015-01-06,Weekday,11:00:00,2-Car,No injury/unknown,FAILURE TO YIELD RIGHT OF WAY,ROGERS & SARE,39.13584,-86.496288,"39.13584,-86.496288",0,Light freezing rain,1,POINT (-86.496288 39.13584),0.0,,11,6
902561940,2015-11-06,Weekday,14:00:00,2-Car,No injury/unknown,FAILURE TO YIELD RIGHT OF WAY,E KIRKWOOD & S WASHINGTON,39.16664,-86.5324,"39.16664,-86.5324",43,Overcast,1,POINT (-86.5324 39.16664),0.0,"POLYGON ((-86.51790724637681 39.16664, -86.51797703294677 39.16521946173435, -86.51818572057387 39.163812604028756, -86.51853129948213 39.162432975691964, -86.5190104415578 39.16109386329906, -86.51961853240074 39.15980816323441, -86.52034971576373 39.15858825749247, -86.52119694995126 39.15744589443241, -86.52215207563498 39.156392075634976, -86.52320589443241 39.155436949951266, -86.52434825749246 39.154589715763734, -86.5255681632344 39.15385853240075, -86.52685386329905 39.15325044155781, -86.52819297569197 39.15277129948214, -86.52957260402874 39.152425720573866, -86.53097946173435 39.15221703294678, -86.5324 39.15214724637681, -86.53382053826564 39.15221703294678, -86.53522739597125 39.152425720573866, -86.53660702430803 39.15277129948214, -86.53794613670094 39.15325044155781, -86.5392318367656 39.15385853240075, -86.54045174250753 39.154589715763734, -86.54159410556758 39.155436949951266, -86.54264792436501 39.156392075634976, -86.54360305004873 39.15744589443241, -86.54445028423626 39.15858825749247, -86.54518146759925 39.15980816323441, -86.5457895584422 39.16109386329906, -86.54626870051786 39.162432975691964, -86.54661427942612 39.163812604028756, -86.54682296705322 39.16521946173435, -86.54689275362318 39.16664, -86.54682296705322 39.16806053826565, -86.54661427942612 39.169467395971246, -86.54626870051786 39.17084702430804, -86.5457895584422 39.172186136700944, -86.54518146759925 39.17347183676559, -86.54445028423626 39.174691742507534, -86.54360305004873 39.17583410556759, -86.54264792436501 39.176887924365026, -86.54159410556758 39.177843050048736, -86.54045174250753 39.17869028423627, -86.5392318367656 39.179421467599255, -86.53794613670094 39.18002955844219, -86.53660702430803 39.18050870051786, -86.53522739597125 39.180854279426136, -86.53382053826564 39.18106296705322, -86.5324 39.18113275362319, -86.53097946173435 39.18106296705322, -86.52957260402874 39.180854279426136, -86.52819297569197 39.18050870051786, -86.52685386329905 39.18002955844219, -86.5255681632344 39.179421467599255, -86.52434825749246 39.17869028423627, -86.52320589443241 39.177843050048736, -86.52215207563498 39.176887924365026, -86.52119694995126 39.17583410556759, -86.52034971576373 39.174691742507534, -86.51961853240074 39.17347183676559, -86.5190104415578 39.172186136700944, -86.51853129948213 39.17084702430804, -86.51818572057387 39.169467395971246, -86.51797703294677 39.16806053826565, -86.51790724637681 39.16664))",14,1
902507294,2015-08-05,Weekday,14:00:00,Bus,No injury/unknown,UNSAFE BACKING,E 10TH,39.17161826,-86.5006487,"39.17161826,-86.5006487",5,Clear,1,POINT (-86.5006487 39.17161826),0.0,"POLYGON ((-86.48615594637681 39.17161826, -86.48622573294678 39.170197721734354, -86.48643442057387 39.16879086402876, -86.48677999948214 39.167411235691965, -86.4872591415578 39.16607212329906, -86.48786723240075 39.16478642323441, -86.48859841576373 39.16356651749247, -86.48944564995126 39.162424154432415, -86.49040077563498 39.16137033563498, -86.49145459443241 39.16041520995127, -86.49259695749247 39.159567975763736, -86.4938168632344 39.15883679240075, -86.49510256329906 39.15822870155781, -86.49644167569197 39.15774955948214, -86.49782130402875 39.15740398057387, -86.49922816173435 39.15719529294678, -86.5006487 39.157125506376815, -86.50206923826565 39.15719529294678, -86.50347609597125 39.15740398057387, -86.50485572430803 39.15774955948214, -86.50619483670094 39.15822870155781, -86.5074805367656 39.15883679240075, -86.50870044250753 39.159567975763736, -86.50984280556759 39.16041520995127, -86.51089662436502 39.16137033563498, -86.51185175004873 39.162424154432415, -86.51269898423627 39.16356651749247, -86.51343016759925 39.16478642323441, -86.5140382584422 39.16607212329906, -86.51451740051786 39.167411235691965, -86.51486297942613 39.16879086402876, -86.51507166705322 39.170197721734354, -86.51514145362319 39.17161826, -86.51507166705322 39.17303879826565, -86.51486297942613 39.17444565597125, -86.51451740051786 39.17582528430804, -86.5140382584422 39.177164396700945, -86.51343016759925 39.178450096765594, -86.51269898423627 39.179670002507535, -86.51185175004873 39.18081236556759, -86.51089662436502 39.18186618436503, -86.50984280556759 39.18282131004874, -86.50870044250753 39.18366854423627, -86.5074805367656 39.184399727599256, -86.50619483670094 39.185007818442195, -86.50485572430803 39.18548696051786, -86.50347609597125 39.18583253942614, -86.50206923826565 39.186041227053224, -86.5006487 39.18611101362319, -86.49922816173435 39.186041227053224, -86.49782130402875 39.18583253942614, -86.49644167569197 39.18548696051786, -86.49510256329906 39.185007818442195, -86.4938168632344 39.184399727599256, -86.49259695749247 39.18366854423627, -86.49145459443241 39.18282131004874, -86.49040077563498 39.18186618436503, -86.48944564995126 39.18081236556759, -86.48859841576373 39.179670002507535, -86.48786723240075 39.178450096765594, -86.4872591415578 39.177164396700945, -86.48677999948214 39.17582528430804, -86.48643442057387 39.17444565597125, -86.48622573294678 39.17303879826565, -86.48615594637681 39.17161826))",14,5
902539217,2015-10-05,Weekday,05:00:00,1-Car,No injury/unknown,ANIMAL/OBJECT IN ROADWAY,KINSER & SR37N,39.22007951,-86.55078479,"39.22007951,-86.55078479",0,Clear,1,POINT (-86.55078479 39.22007951),0.0,,5,6
902543550,2015-10-03,Weekday,21:00:00,2-Car,No injury/unknown,FOLLOWING TOO CLOSELY,17TH & INDIANA,39.179024,-86.5272,"39.179024,-86.5272",33,Heavy rain at times,1,POINT (-86.5272 39.179024),0.0,"POLYGON ((-86.5127072463768 39.179024, -86.51277703294677 39.17760346173435, -86.51298572057387 39.17619660402875, -86.51333129948213 39.17481697569196, -86.5138104415578 39.173477863299055, -86.51441853240074 39.172192163234406, -86.51514971576373 39.170972257492465, -86.51599694995126 39.16982989443241, -86.51695207563498 39.16877607563497, -86.5180058944324 39.16782094995126, -86.51914825749246 39.16697371576373, -86.5203681632344 39.166242532400744, -86.52165386329905 39.165634441557806, -86.52299297569196 39.16515529948214, -86.52437260402874 39.164809720573864, -86.52577946173434 39.16460103294678, -86.5272 39.16453124637681, -86.52862053826564 39.16460103294678, -86.53002739597125 39.164809720573864, -86.53140702430802 39.16515529948214, -86.53274613670094 39.165634441557806, -86.53403183676559 39.166242532400744, -86.53525174250753 39.16697371576373, -86.53639410556758 39.16782094995126, -86.53744792436501 39.16877607563497, -86.53840305004873 39.16982989443241, -86.53925028423626 39.170972257492465, -86.53998146759925 39.172192163234406, -86.54058955844219 39.173477863299055, -86.54106870051785 39.17481697569196, -86.54141427942612 39.17619660402875, -86.54162296705321 39.17760346173435, -86.54169275362318 39.179024, -86.54162296705321 39.18044453826565, -86.54141427942612 39.18185139597124, -86.54106870051785 39.183231024308036, -86.54058955844219 39.18457013670094, -86.53998146759925 39.18585583676559, -86.53925028423626 39.18707574250753, -86.53840305004873 39.188218105567586, -86.53744792436501 39.18927192436502, -86.53639410556758 39.19022705004873, -86.53525174250753 39.191074284236265, -86.53403183676559 39.19180546759925, -86.53274613670094 39.19241355844219, -86.53140702430802 39.19289270051786, -86.53002739597125 39.19323827942613, -86.52862053826564 39.19344696705322, -86.5272 39.193516753623186, -86.52577946173434 39.19344696705322, -86.52437260402874 39.19323827942613, -86.52299297569196 39.19289270051786, -86.52165386329905 39.19241355844219, -86.5203681632344 39.19180546759925, -86.51914825749246 39.191074284236265, -86.5180058944324 39.19022705004873, -86.51695207563498 39.18927192436502, -86.51599694995126 39.188218105567586, -86.51514971576373 39.18707574250753, -86.51441853240074 39.18585583676559, -86.5138104415578 39.18457013670094, -86.51333129948213 39.183231024308036, -86.51298572057387 39.18185139597124, -86.51277703294677 39.18044453826565, -86.5127072463768 39.179024))",21,4
902389175,2015-02-05,Weekday,20:00:00,2-Car,No injury/unknown,UNSAFE LANE MOVEMENT,ATWATER & HENDERSON,39.163344,-86.5272,"39.163344,-86.5272",43,Clear,1,POINT (-86.5272 39.163344),0.0,"POLYGON ((-86.5127072463768 39.163344, -86.51277703294677 39.161923461734354, -86.51298572057387 39.16051660402876, -86.51333129948213 39.159136975691965, -86.5138104415578 39.15779786329906, -86.51441853240074 39.15651216323441, -86.51514971576373 39.15529225749247, -86.51599694995126 39.154149894432415, -86.51695207563498 39.15309607563498, -86.5180058944324 39.15214094995127, -86.51914825749246 39.151293715763735, -86.5203681632344 39.15056253240075, -86.52165386329905 39.14995444155781, -86.52299297569196 39.14947529948214, -86.52437260402874 39.14912972057387, -86.52577946173434 39.14892103294678, -86.5272 39.148851246376815, -86.52862053826564 39.14892103294678, -86.53002739597125 39.14912972057387, -86.53140702430802 39.14947529948214, -86.53274613670094 39.14995444155781, -86.53403183676559 39.15056253240075, -86.53525174250753 39.151293715763735, -86.53639410556758 39.15214094995127, -86.53744792436501 39.15309607563498, -86.53840305004873 39.154149894432415, -86.53925028423626 39.15529225749247, -86.53998146759925 39.15651216323441, -86.54058955844219 39.15779786329906, -86.54106870051785 39.159136975691965, -86.54141427942612 39.16051660402876, -86.54162296705321 39.161923461734354, -86.54169275362318 39.163344, -86.54162296705321 39.16476453826565, -86.54141427942612 39.16617139597125, -86.54106870051785 39.16755102430804, -86.54058955844219 39.168890136700945, -86.53998146759925 39.170175836765594, -86.53925028423626 39.171395742507535, -86.53840305004873 39.17253810556759, -86.53744792436501 39.17359192436503, -86.53639410556758 39.17454705004874, -86.53525174250753 39.17539428423627, -86.53403183676559 39.176125467599256, -86.53274613670094 39.176733558442194, -86.53140702430802 39.17721270051786, -86.53002739597125 39.17755827942614, -86.52862053826564 39.17776696705322, -86.5272 39.17783675362319, -86.52577946173434 39.17776696705322, -86.52437260402874 39.17755827942614, -86.52299297569196 39.17721270051786, -86.52165386329905 39.176733558442194, -86.5203681632344 39.176125467599256, -86.51914825749246 39.17539428423627, -86.5180058944324 39.17454705004874, -86.51695207563498 39.17359192436503, -86.51599694995126 39.17253810556759, -86.51514971576373 39.171395742507535, -86.51441853240074 39.170175836765594, -86.5138104415578 39.168890136700945, -86.51333129948213 39.16755102430804, -86.51298572057387 39.16617139597125, -86.51277703294677 39.16476453826565, -86.5127072463768 39.163344))",20,3
902522284,2015-09-04,Weekday,06:00:00,2-Car,No injury/unknown,UNSAFE BACKING,E 3RD,39.16426743,-86.50104686,"39.16426743,-86.50104686",6,Clear,1,POINT (-86.50104686 39.16426743),0.0,"POLYGON ((-86.48655410637681 39.16426743, -86.48662389294678 39.162846891734354, -86.48683258057387 39.16144003402876, -86.48717815948214 39.160060405691965, -86.4876573015578 39.15872129329906, -86.48826539240075 39.15743559323441, -86.48899657576374 39.15621568749247, -86.48984380995127 39.155073324432415, -86.49079893563498 39.15401950563498, -86.49185275443241 39.15306437995127, -86.49299511749247 39.152217145763736, -86.4942150232344 39.15148596240075, -86.49550072329906 39.15087787155781, -86.49683983569197 39.15039872948214, -86.49821946402875 39.15005315057387, -86.49962632173435 39.14984446294678, -86.50104686 39.149774676376815, -86.50246739826565 39.14984446294678, -86.50387425597125 39.15005315057387, -86.50525388430803 39.15039872948214, -86.50659299670095 39.15087787155781, -86.5078786967656 39.15148596240075, -86.50909860250754 39.152217145763736, -86.51024096556759 39.15306437995127, -86.51129478436502 39.15401950563498, -86.51224991004874 39.155073324432415, -86.51309714423627 39.15621568749247, -86.51382832759926 39.15743559323441, -86.5144364184422 39.15872129329906, -86.51491556051786 39.160060405691965, -86.51526113942613 39.16144003402876, -86.51546982705322 39.162846891734354, -86.51553961362319 39.16426743, -86.51546982705322 39.16568796826565, -86.51526113942613 39.16709482597125, -86.51491556051786 39.16847445430804, -86.5144364184422 39.169813566700945, -86.51382832759926 39.171099266765594, -86.51309714423627 39.172319172507535, -86.51224991004874 39.17346153556759, -86.51129478436502 39.17451535436503, -86.51024096556759 39.17547048004874, -86.50909860250754 39.17631771423627, -86.5078786967656 39.177048897599256, -86.50659299670095 39.177656988442195, -86.50525388430803 39.17813613051786, -86.50387425597125 39.17848170942614, -86.50246739826565 39.178690397053224, -86.50104686 39.17876018362319, -86.49962632173435 39.178690397053224, -86.49821946402875 39.17848170942614, -86.49683983569197 39.17813613051786, -86.49550072329906 39.177656988442195, -86.4942150232344 39.177048897599256, -86.49299511749247 39.17631771423627, -86.49185275443241 39.17547048004874, -86.49079893563498 39.17451535436503, -86.48984380995127 39.17346153556759, -86.48899657576374 39.172319172507535, -86.48826539240075 39.171099266765594, -86.4876573015578 39.169813566700945, -86.48717815948214 39.16847445430804, -86.48683258057387 39.16709482597125, -86.48662389294678 39.16568796826565, -86.48655410637681 39.16426743))",6,6