Master Record Number,Date,Weekend?,Hour,Collision Type,Injury Type,Primary Factor,Reported_Location,Latitude,Longitude,Location,Number of Bars,Weather Condition,Severity,geometry,area_number,bar_location,Hour of Day,Visibility (mi)
902504879,2015-08-07,Weekend,18:00:00,2-Car,No injury/unknown,UNSAFE BACKING,S WALNUT,39.170544,-86.533536,"39.170544,-86.533536",39,Clear,1,POINT (-86.533536 39.170544),0.0,"POLYGON ((-86.51904324637681 39.170544, -86.51911303294678 39.16912346173435, -86.51932172057387 39.167716604028755, -86.51966729948214 39.16633697569196, -86.5201464415578 39.16499786329906, -86.52075453240074 39.16371216323441, -86.52148571576373 39.16249225749247, -86.52233294995126 39.16134989443241, -86.52328807563498 39.160296075634974, -86.52434189443241 39.159340949951265, -86.52548425749247 39.15849371576373, -86.5267041632344 39.157762532400746, -86.52798986329906 39.15715444155781, -86.52932897569197 39.15667529948214, -86.53070860402875 39.156329720573865, -86.53211546173435 39.15612103294678, -86.533536 39.15605124637681, -86.53495653826565 39.15612103294678, -86.53636339597125 39.156329720573865, -86.53774302430803 39.15667529948214, -86.53908213670094 39.15715444155781, -86.5403678367656 39.157762532400746, -86.54158774250753 39.15849371576373, -86.54273010556759 39.159340949951265, -86.54378392436502 39.160296075634974, -86.54473905004873 39.16134989443241, -86.54558628423626 39.16249225749247, -86.54631746759925 39.16371216323441, -86.5469255584422 39.16499786329906, -86.54740470051786 39.16633697569196, -86.54775027942613 39.167716604028755, -86.54795896705322 39.16912346173435, -86.54802875362319 39.170544, -86.54795896705322 39.17196453826565, -86.54775027942613 39.173371395971245, -86.54740470051786 39.17475102430804, -86.5469255584422 39.17609013670094, -86.54631746759925 39.17737583676559, -86.54558628423626 39.17859574250753, -86.54473905004873 39.17973810556759, -86.54378392436502 39.180791924365025, -86.54273010556759 39.181747050048735, -86.54158774250753 39.182594284236266, -86.5403678367656 39.18332546759925, -86.53908213670094 39.18393355844219, -86.53774302430803 39.18441270051786, -86.53636339597125 39.184758279426134, -86.53495653826565 39.18496696705322, -86.533536 39.18503675362319, -86.53211546173435 39.18496696705322, -86.53070860402875 39.184758279426134, -86.52932897569197 39.18441270051786, -86.52798986329906 39.18393355844219, -86.5267041632344 39.18332546759925, -86.52548425749247 39.182594284236266, -86.52434189443241 39.181747050048735, -86.52328807563498 39.180791924365025, -86.52233294995126 39.17973810556759, -86.52148571576373 39.17859574250753, -86.52075453240074 39.17737583676559, -86.5201464415578 39.17609013670094, -86.51966729948214 39.17475102430804, -86.51932172057387 39.173371395971245, -86.51911303294678 39.17196453826565, -86.51904324637681 39.170544))",18,6
902371285,2015-01-01,Weekend,10:00:00,2-Car,No injury/unknown,IMPROPER LANE USAGE,7TH & WALNUT,39.16864,-86.533568,"39.16864,-86.533568",41,Clear,1,POINT (-86.533568 39.16864),0.0,"POLYGON ((-86.51907524637681 39.16864, -86.51914503294678 39.167219461734355, -86.51935372057387 39.16581260402876, -86.51969929948214 39.164432975691966, -86.5201784415578 39.16309386329906, -86.52078653240075 39.16180816323441, -86.52151771576374 39.16058825749247, -86.52236494995127 39.159445894432416, -86.52332007563498 39.15839207563498, -86.52437389443241 39.15743694995127, -86.52551625749247 39.15658971576374, -86.5267361632344 39.15585853240075, -86.52802186329906 39.15525044155781, -86.52936097569197 39.15477129948214, -86.53074060402875 39.15442572057387, -86.53214746173435 39.15421703294678, -86.533568 39.154147246376816, -86.53498853826565 39.15421703294678, -86.53639539597125 39.15442572057387, -86.53777502430803 39.15477129948214, -86.53911413670095 39.15525044155781, -86.5403998367656 39.15585853240075, -86.54161974250754 39.15658971576374, -86.54276210556759 39.15743694995127, -86.54381592436502 39.15839207563498, -86.54477105004874 39.159445894432416, -86.54561828423627 39.16058825749247, -86.54634946759926 39.16180816323441, -86.5469575584422 39.16309386329906, -86.54743670051786 39.164432975691966, -86.54778227942613 39.16581260402876, -86.54799096705322 39.167219461734355, -86.54806075362319 39.16864, -86.54799096705322 39.17006053826565, -86.54778227942613 39.17146739597125, -86.54743670051786 39.17284702430804, -86.5469575584422 39.174186136700946, -86.54634946759926 39.175471836765595, -86.54561828423627 39.176691742507536, -86.54477105004874 39.17783410556759, -86.54381592436502 39.17888792436503, -86.54276210556759 39.17984305004874, -86.54161974250754 39.18069028423627, -86.5403998367656 39.18142146759926, -86.53911413670095 39.182029558442196, -86.53777502430803 39.182508700517864, -86.53639539597125 39.18285427942614, -86.53498853826565 39.183062967053225, -86.533568 39.18313275362319, -86.53214746173435 39.183062967053225, -86.53074060402875 39.18285427942614, -86.52936097569197 39.182508700517864, -86.52802186329906 39.182029558442196, -86.5267361632344 39.18142146759926, -86.52551625749247 39.18069028423627, -86.52437389443241 39.17984305004874, -86.52332007563498 39.17888792436503, -86.52236494995127 39.17783410556759, -86.52151771576374 39.176691742507536, -86.52078653240075 39.175471836765595, -86.5201784415578 39.174186136700946, -86.51969929948214 39.17284702430804, -86.51935372057387 39.17146739597125, -86.51914503294678 39.17006053826565, -86.51907524637681 39.16864))",10,6
902418014,2015-03-02,Weekday,18:00:00,2-Car,No injury/unknown,UNSAFE BACKING,W 17TH,39.17896,-86.53472,"39.17896,-86.53472",33,Partly cloudy,1,POINT (-86.53472 39.17896),0.0,"POLYGON ((-86.5202272463768 39.17896, -86.52029703294677 39.17753946173435, -86.52050572057387 39.17613260402875, -86.52085129948213 39.17475297569196, -86.5213304415578 39.173413863299054, -86.52193853240074 39.172128163234404, -86.52266971576373 39.170908257492464, -86.52351694995126 39.16976589443241, -86.52447207563497 39.16871207563497, -86.5255258944324 39.16775694995126, -86.52666825749246 39.16690971576373, -86.5278881632344 39.16617853240074, -86.52917386329905 39.165570441557804, -86.53051297569196 39.165091299482135, -86.53189260402874 39.16474572057386, -86.53329946173434 39.164537032946775, -86.53472 39.16446724637681, -86.53614053826564 39.164537032946775, -86.53754739597125 39.16474572057386, -86.53892702430802 39.165091299482135, -86.54026613670094 39.165570441557804, -86.54155183676559 39.16617853240074, -86.54277174250753 39.16690971576373, -86.54391410556758 39.16775694995126, -86.54496792436501 39.16871207563497, -86.54592305004873 39.16976589443241, -86.54677028423626 39.170908257492464, -86.54750146759925 39.172128163234404, -86.54810955844219 39.173413863299054, -86.54858870051785 39.17475297569196, -86.54893427942612 39.17613260402875, -86.54914296705321 39.17753946173435, -86.54921275362318 39.17896, -86.54914296705321 39.180380538265645, -86.54893427942612 39.18178739597124, -86.54858870051785 39.183167024308034, -86.54810955844219 39.18450613670094, -86.54750146759925 39.18579183676559, -86.54677028423626 39.18701174250753, -86.54592305004873 39.188154105567584, -86.54496792436501 39.18920792436502, -86.54391410556758 39.19016305004873, -86.54277174250753 39.19101028423626, -86.54155183676559 39.19174146759925, -86.54026613670094 39.19234955844219, -86.53892702430802 39.19282870051786, -86.53754739597125 39.19317427942613, -86.53614053826564 39.19338296705322, -86.53472 39.193452753623184, -86.53329946173434 39.19338296705322, -86.53189260402874 39.19317427942613, -86.53051297569196 39.19282870051786, -86.52917386329905 39.19234955844219, -86.5278881632344 39.19174146759925, -86.52666825749246 39.19101028423626, -86.5255258944324 39.19016305004873, -86.52447207563497 39.18920792436502, -86.52351694995126 39.188154105567584, -86.52266971576373 39.18701174250753, -86.52193853240074 39.18579183676559, -86.5213304415578 39.18450613670094, -86.52085129948213 39.183167024308034, -86.52050572057387 39.18178739597124, -86.52029703294677 39.180380538265645, -86.5202272463768 39.17896))",18,6
902454085,2015-05-07,Weekend,16:00:00,2-Car,No injury/unknown,SPEED TOO FAST FOR WEATHER CONDITIONS,W HEATHERWOOD,39.126592,-86.59038848,"39.126592,-86.59038848",0,Clear,1,POINT (-86.59038848 39.126592),0.0,,16,5
902404474,2015-02-07,Weekend,21:00:00,2-Car,No injury/unknown,FOLLOWING TOO CLOSELY,ALLEN & PATTERSON,39.15563017,-86.54330983,"39.15563017,-86.54330983",39,Clear,1,POINT (-86.54330983 39.15563017),0.0,"POLYGON ((-86.52881707637681 39.15563017, -86.52888686294678 39.15420963173435, -86.52909555057387 39.15280277402876, -86.52944112948214 39.151423145691965, -86.5299202715578 39.15008403329906, -86.53052836240074 39.14879833323441, -86.53125954576373 39.14757842749247, -86.53210677995126 39.146436064432415, -86.53306190563498 39.14538224563498, -86.53411572443241 39.14442711995127, -86.53525808749247 39.143579885763735, -86.5364779932344 39.14284870240075, -86.53776369329906 39.14224061155781, -86.53910280569197 39.14176146948214, -86.54048243402875 39.14141589057387, -86.54188929173435 39.14120720294678, -86.54330983 39.141137416376814, -86.54473036826565 39.14120720294678, -86.54613722597125 39.14141589057387, -86.54751685430803 39.14176146948214, -86.54885596670094 39.14224061155781, -86.5501416667656 39.14284870240075, -86.55136157250753 39.143579885763735, -86.55250393556759 39.14442711995127, -86.55355775436502 39.14538224563498, -86.55451288004873 39.146436064432415, -86.55536011423627 39.14757842749247, -86.55609129759925 39.14879833323441, -86.5566993884422 39.15008403329906, -86.55717853051786 39.151423145691965, -86.55752410942613 39.15280277402876, -86.55773279705322 39.15420963173435, -86.55780258362319 39.15563017, -86.55773279705322 39.15705070826565, -86.55752410942613 39.15845756597125, -86.55717853051786 39.15983719430804, -86.5566993884422 39.161176306700945, -86.55609129759925 39.162462006765594, -86.55536011423627 39.163681912507535, -86.55451288004873 39.16482427556759, -86.55355775436502 39.16587809436503, -86.55250393556759 39.16683322004874, -86.55136157250753 39.16768045423627, -86.5501416667656 39.168411637599256, -86.54885596670094 39.169019728442194, -86.54751685430803 39.16949887051786, -86.54613722597125 39.16984444942614, -86.54473036826565 39.17005313705322, -86.54330983 39.17012292362319, -86.54188929173435 39.17005313705322, -86.54048243402875 39.16984444942614, -86.53910280569197 39.16949887051786, -86.53776369329906 39.169019728442194, -86.5364779932344 39.168411637599256, -86.53525808749247 39.16768045423627, -86.53411572443241 39.16683322004874, -86.53306190563498 39.16587809436503, -86.53210677995126 39.16482427556759, -86.53125954576373 39.163681912507535, -86.53052836240074 39.162462006765594, -86.5299202715578 39.161176306700945, -86.52944112948214 39.15983719430804, -86.52909555057387 39.15845756597125, -86.52888686294678 39.15705070826565, -86.52881707637681 39.15563017))",21,6
902472315,2015-06-03,Weekday,06:00:00,2-Car,No injury/unknown,DISREGARD SIGNAL/REG SIGN,KIRKWOOD & ROGERS,39.166672,-86.538608,"39.166672,-86.538608",43,Clear,1,POINT (-86.538608 39.166672),0.0,"POLYGON ((-86.52411524637681 39.166672, -86.52418503294678 39.16525146173435, -86.52439372057387 39.16384460402875, -86.52473929948214 39.16246497569196, -86.5252184415578 39.161125863299056, -86.52582653240074 39.159840163234406, -86.52655771576373 39.158620257492466, -86.52740494995126 39.15747789443241, -86.52836007563498 39.15642407563497, -86.52941389443241 39.15546894995126, -86.53055625749246 39.15462171576373, -86.5317761632344 39.153890532400744, -86.53306186329905 39.153282441557806, -86.53440097569197 39.15280329948214, -86.53578060402874 39.152457720573864, -86.53718746173435 39.15224903294678, -86.538608 39.15217924637681, -86.54002853826564 39.15224903294678, -86.54143539597125 39.152457720573864, -86.54281502430803 39.15280329948214, -86.54415413670094 39.153282441557806, -86.5454398367656 39.153890532400744, -86.54665974250753 39.15462171576373, -86.54780210556758 39.15546894995126, -86.54885592436501 39.15642407563497, -86.54981105004873 39.15747789443241, -86.55065828423626 39.158620257492466, -86.55138946759925 39.159840163234406, -86.5519975584422 39.161125863299056, -86.55247670051786 39.16246497569196, -86.55282227942612 39.16384460402875, -86.55303096705322 39.16525146173435, -86.55310075362318 39.166672, -86.55303096705322 39.16809253826565, -86.55282227942612 39.16949939597124, -86.55247670051786 39.170879024308036, -86.5519975584422 39.17221813670094, -86.55138946759925 39.17350383676559, -86.55065828423626 39.17472374250753, -86.54981105004873 39.175866105567586, -86.54885592436501 39.17691992436502, -86.54780210556758 39.17787505004873, -86.54665974250753 39.178722284236265, -86.5454398367656 39.17945346759925, -86.54415413670094 39.18006155844219, -86.54281502430803 39.18054070051786, -86.54143539597125 39.18088627942613, -86.54002853826564 39.18109496705322, -86.538608 39.181164753623186, -86.53718746173435 39.18109496705322, -86.53578060402874 39.18088627942613, -86.53440097569197 39.18054070051786, -86.53306186329905 39.18006155844219, -86.5317761632344 39.17945346759925, -86.53055625749246 39.178722284236265, -86.52941389443241 39.17787505004873, -86.52836007563498 39.17691992436502, -86.52740494995126 39.175866105567586, -86.52655771576373 39.17472374250753, -86.52582653240074 39.17350383676559, -86.5252184415578 39.17221813670094, -86.52473929948214 39.170879024308036, -86.52439372057387 39.16949939597124, -86.52418503294678 39.16809253826565, -86.52411524637681 39.166672))",6,6
902526315,2015-09-04,Weekday,15:00:00,2-Car,No injury/unknown,UNSAFE BACKING,EAST 10TH,39.17156383,-86.51814334,"39.17156383,-86.51814334",32,Clear,1,POINT (-86.51814334 39.17156383),0.0,"POLYGON ((-86.5036505863768 39.17156383, -86.50372037294677 39.17014329173435, -86.50392906057387 39.16873643402875, -86.50427463948213 39.16735680569196, -86.5047537815578 39.166017693299054, -86.50536187240074 39.164731993234405, -86.50609305576373 39.163512087492464, -86.50694028995126 39.16236972443241, -86.50789541563498 39.16131590563497, -86.50894923443241 39.16036077995126, -86.51009159749246 39.15951354576373, -86.5113115032344 39.15878236240074, -86.51259720329905 39.158174271557805, -86.51393631569196 39.157695129482136, -86.51531594402874 39.15734955057386, -86.51672280173435 39.157140862946775, -86.51814334 39.15707107637681, -86.51956387826564 39.157140862946775, -86.52097073597125 39.15734955057386, -86.52235036430802 39.157695129482136, -86.52368947670094 39.158174271557805, -86.5249751767656 39.15878236240074, -86.52619508250753 39.15951354576373, -86.52733744556758 39.16036077995126, -86.52839126436501 39.16131590563497, -86.52934639004873 39.16236972443241, -86.53019362423626 39.163512087492464, -86.53092480759925 39.164731993234405, -86.5315328984422 39.166017693299054, -86.53201204051786 39.16735680569196, -86.53235761942612 39.16873643402875, -86.53256630705322 39.17014329173435, -86.53263609362318 39.17156383, -86.53256630705322 39.172984368265645, -86.53235761942612 39.17439122597124, -86.53201204051786 39.175770854308034, -86.5315328984422 39.17710996670094, -86.53092480759925 39.17839566676559, -86.53019362423626 39.17961557250753, -86.52934639004873 39.180757935567584, -86.52839126436501 39.18181175436502, -86.52733744556758 39.18276688004873, -86.52619508250753 39.18361411423626, -86.5249751767656 39.18434529759925, -86.52368947670094 39.18495338844219, -86.52235036430802 39.18543253051786, -86.52097073597125 39.18577810942613, -86.51956387826564 39.18598679705322, -86.51814334 39.186056583623184, -86.51672280173435 39.18598679705322, -86.51531594402874 39.18577810942613, -86.51393631569196 39.18543253051786, -86.51259720329905 39.18495338844219, -86.5113115032344 39.18434529759925, -86.51009159749246 39.18361411423626, -86.50894923443241 39.18276688004873, -86.50789541563498 39.18181175436502, -86.50694028995126 39.180757935567584, -86.50609305576373 39.17961557250753, -86.50536187240074 39.17839566676559, -86.5047537815578 39.17710996670094, -86.50427463948213 39.175770854308034, -86.50392906057387 39.17439122597124, -86.50372037294677 39.172984368265645, -86.5036505863768 39.17156383))",15,6
902413233,2015-03-06,Weekend,23:00:00,2-Car,No injury/unknown,OTHER (DRIVER) - EXPLAIN IN NARRATIVE,WALNUT,39.16464,-86.5336,"39.16464,-86.5336",42,Clear,1,POINT (-86.5336 39.16464),0.0,"POLYGON ((-86.51910724637682 39.16464, -86.51917703294679 39.16321946173435, -86.51938572057388 39.16181260402875, -86.51973129948215 39.16043297569196, -86.52021044155781 39.159093863299056, -86.52081853240075 39.15780816323441, -86.52154971576374 39.156588257492466, -86.52239694995127 39.15544589443241, -86.52335207563499 39.15439207563497, -86.52440589443242 39.153436949951264, -86.52554825749247 39.15258971576373, -86.52676816323441 39.151858532400745, -86.52805386329906 39.151250441557806, -86.52939297569198 39.15077129948214, -86.53077260402875 39.150425720573864, -86.53217946173436 39.15021703294678, -86.5336 39.15014724637681, -86.53502053826566 39.15021703294678, -86.53642739597126 39.150425720573864, -86.53780702430804 39.15077129948214, -86.53914613670095 39.151250441557806, -86.5404318367656 39.151858532400745, -86.54165174250754 39.15258971576373, -86.5427941055676 39.153436949951264, -86.54384792436502 39.15439207563497, -86.54480305004874 39.15544589443241, -86.54565028423627 39.156588257492466, -86.54638146759926 39.15780816323441, -86.5469895584422 39.159093863299056, -86.54746870051787 39.16043297569196, -86.54781427942613 39.16181260402875, -86.54802296705323 39.16321946173435, -86.5480927536232 39.16464, -86.54802296705323 39.16606053826565, -86.54781427942613 39.167467395971244, -86.54746870051787 39.168847024308036, -86.5469895584422 39.17018613670094, -86.54638146759926 39.17147183676559, -86.54565028423627 39.17269174250753, -86.54480305004874 39.173834105567586, -86.54384792436502 39.174887924365024, -86.5427941055676 39.175843050048734, -86.54165174250754 39.176690284236265, -86.5404318367656 39.17742146759925, -86.53914613670095 39.17802955844219, -86.53780702430804 39.17850870051786, -86.53642739597126 39.17885427942613, -86.53502053826566 39.17906296705322, -86.5336 39.179132753623186, -86.53217946173436 39.17906296705322, -86.53077260402875 39.17885427942613, -86.52939297569198 39.17850870051786, -86.52805386329906 39.17802955844219, -86.52676816323441 39.17742146759925, -86.52554825749247 39.176690284236265, -86.52440589443242 39.175843050048734, -86.52335207563499 39.174887924365024, -86.52239694995127 39.173834105567586, -86.52154971576374 39.17269174250753, -86.52081853240075 39.17147183676559, -86.52021044155781 39.17018613670094, -86.51973129948215 39.168847024308036, -86.51938572057388 39.167467395971244, -86.51917703294679 39.16606053826565, -86.51910724637682 39.16464))",23,0
902557002,2015-11-01,Weekday,21:00:00,1-Car,No injury/unknown,ANIMAL/OBJECT IN ROADWAY,SR37 & VICTOR,39.10538206,-86.55095458,"39.10538206,-86.55095458",0,Overcast,1,POINT (-86.55095458 39.10538206),0.0,,21,5
902472417,2015-06-03,Weekday,10:00:00,1-Car,No injury/unknown,UNSAFE BACKING,THIRTEENTH & WOODLAWN,39.17518886,-86.5235621,"39.17518886,-86.5235621",40,Clear,1,POINT (-86.5235621 39.17518886),0.0,"POLYGON ((-86.50906934637682 39.17518886, -86.50913913294679 39.17376832173435, -86.50934782057388 39.172361464028754, -86.50969339948215 39.17098183569196, -86.51017254155781 39.169642723299056, -86.51078063240075 39.16835702323441, -86.51151181576374 39.167137117492466, -86.51235904995127 39.16599475443241, -86.51331417563499 39.164940935634974, -86.51436799443242 39.163985809951264, -86.51551035749247 39.16313857576373, -86.51673026323441 39.162407392400745, -86.51801596329906 39.16179930155781, -86.51935507569198 39.16132015948214, -86.52073470402875 39.160974580573864, -86.52214156173436 39.16076589294678, -86.5235621 39.16069610637681, -86.52498263826566 39.16076589294678, -86.52638949597126 39.160974580573864, -86.52776912430804 39.16132015948214, -86.52910823670095 39.16179930155781, -86.5303939367656 39.162407392400745, -86.53161384250754 39.16313857576373, -86.5327562055676 39.163985809951264, -86.53381002436502 39.164940935634974, -86.53476515004874 39.16599475443241, -86.53561238423627 39.167137117492466, -86.53634356759926 39.16835702323441, -86.5369516584422 39.169642723299056, -86.53743080051787 39.17098183569196, -86.53777637942613 39.172361464028754, -86.53798506705323 39.17376832173435, -86.5380548536232 39.17518886, -86.53798506705323 39.17660939826565, -86.53777637942613 39.178016255971244, -86.53743080051787 39.179395884308036, -86.5369516584422 39.18073499670094, -86.53634356759926 39.18202069676559, -86.53561238423627 39.18324060250753, -86.53476515004874 39.184382965567586, -86.53381002436502 39.185436784365024, -86.5327562055676 39.186391910048734, -86.53161384250754 39.187239144236266, -86.5303939367656 39.18797032759925, -86.52910823670095 39.18857841844219, -86.52776912430804 39.18905756051786, -86.52638949597126 39.18940313942613, -86.52498263826566 39.18961182705322, -86.5235621 39.189681613623186, -86.52214156173436 39.18961182705322, -86.52073470402875 39.18940313942613, -86.51935507569198 39.18905756051786, -86.51801596329906 39.18857841844219, -86.51673026323441 39.18797032759925, -86.51551035749247 39.187239144236266, -86.51436799443242 39.186391910048734, -86.51331417563499 39.185436784365024, -86.51235904995127 39.184382965567586, -86.51151181576374 39.18324060250753, -86.51078063240075 39.18202069676559, -86.51017254155781 39.18073499670094, -86.50969339948215 39.179395884308036, -86.50934782057388 39.178016255971244, -86.50913913294679 39.17660939826565, -86.50906934637682 39.17518886))",10,6
902591529,2015-12-05,Weekday,07:00:00,1-Car,No injury/unknown,RAN OFF ROAD RIGHT,E WINSLOW,39.136144,-86.52418483,"39.136144,-86.52418483",1,Clear,1,POINT (-86.52418483 39.136144),0.0,"POLYGON ((-86.50969207637681 39.136144, -86.50976186294677 39.13472346173435, -86.50997055057387 39.13331660402876, -86.51031612948213 39.131936975691964, -86.5107952715578 39.13059786329906, -86.51140336240074 39.12931216323441, -86.51213454576373 39.12809225749247, -86.51298177995126 39.126949894432414, -86.51393690563498 39.12589607563498, -86.51499072443241 39.12494094995127, -86.51613308749246 39.124093715763735, -86.5173529932344 39.12336253240075, -86.51863869329905 39.12275444155781, -86.51997780569197 39.12227529948214, -86.52135743402874 39.12192972057387, -86.52276429173435 39.12172103294678, -86.52418483 39.121651246376814, -86.52560536826564 39.12172103294678, -86.52701222597125 39.12192972057387, -86.52839185430803 39.12227529948214, -86.52973096670094 39.12275444155781, -86.5310166667656 39.12336253240075, -86.53223657250753 39.124093715763735, -86.53337893556758 39.12494094995127, -86.53443275436501 39.12589607563498, -86.53538788004873 39.126949894432414, -86.53623511423626 39.12809225749247, -86.53696629759925 39.12931216323441, -86.5375743884422 39.13059786329906, -86.53805353051786 39.131936975691964, -86.53839910942612 39.13331660402876, -86.53860779705322 39.13472346173435, -86.53867758362318 39.136144, -86.53860779705322 39.13756453826565, -86.53839910942612 39.13897139597125, -86.53805353051786 39.14035102430804, -86.5375743884422 39.141690136700944, -86.53696629759925 39.142975836765594, -86.53623511423626 39.144195742507534, -86.53538788004873 39.14533810556759, -86.53443275436501 39.14639192436503, -86.53337893556758 39.14734705004874, -86.53223657250753 39.14819428423627, -86.5310166667656 39.148925467599256, -86.52973096670094 39.149533558442194, -86.52839185430803 39.15001270051786, -86.52701222597125 39.150358279426136, -86.52560536826564 39.15056696705322, -86.52418483 39.15063675362319, -86.52276429173435 39.15056696705322, -86.52135743402874 39.150358279426136, -86.51997780569197 39.15001270051786, -86.51863869329905 39.149533558442194, -86.5173529932344 39.148925467599256, -86.51613308749246 39.14819428423627, -86.51499072443241 39.14734705004874, -86.51393690563498 39.14639192436503, -86.51298177995126 39.14533810556759, -86.51213454576373 39.144195742507534, -86.51140336240074 39.142975836765594, -86.5107952715578 39.141690136700944, -86.51031612948213 39.14035102430804, -86.50997055057387 39.13897139597125, -86.50976186294677 39.13756453826565, -86.50969207637681 39.136144))",7,6
902506021,2015-08-02,Weekday,22:00:00,2-Car,No injury/unknown,FAILURE TO YIELD RIGHT OF WAY,FEE & NORTH JORDAN,39.18384,-86.5192,"39.18384,-86.5192",0,Clear,1,POINT (-86.5192 39.18384),0.0,,22,6
902521164,2015-09-03,Weekday,10:00:00,2-Car,No injury/unknown,UNSAFE BACKING,E CREEKS EDGE,39.12821665,-86.50074921,"39.12821665,-86.50074921",0,Clear,1,POINT (-86.50074921 39.12821665),0.0,,10,6
902514225,2015-09-05,Weekday,11:00:00,2-Car,No injury/unknown,FAILURE TO YIELD RIGHT OF WAY,DANIELS WAY & STATE ROAD 48,39.15422548,-86.59909978,"39.15422548,-86.59909978",1,Clear,1,POINT (-86.59909978 39.15422548),0.0,"POLYGON ((-86.58460702637682 39.15422548, -86.58467681294678 39.15280494173435, -86.58488550057388 39.151398084028756, -86.58523107948214 39.15001845569196, -86.5857102215578 39.14867934329906, -86.58631831240075 39.14739364323441, -86.58704949576374 39.14617373749247, -86.58789672995127 39.14503137443241, -86.58885185563499 39.143977555634976, -86.58990567443242 39.143022429951266, -86.59104803749247 39.142175195763734, -86.5922679432344 39.14144401240075, -86.59355364329906 39.14083592155781, -86.59489275569197 39.14035677948214, -86.59627238402875 39.140011200573866, -86.59767924173435 39.13980251294678, -86.59909978 39.13973272637681, -86.60052031826565 39.13980251294678, -86.60192717597126 39.140011200573866, -86.60330680430803 39.14035677948214, -86.60464591670095 39.14083592155781, -86.6059316167656 39.14144401240075, -86.60715152250754 39.142175195763734, -86.60829388556759 39.143022429951266, -86.60934770436502 39.143977555634976, -86.61030283004874 39.14503137443241, -86.61115006423627 39.14617373749247, -86.61188124759926 39.14739364323441, -86.6124893384422 39.14867934329906, -86.61296848051786 39.15001845569196, -86.61331405942613 39.151398084028756, -86.61352274705322 39.15280494173435, -86.61359253362319 39.15422548, -86.61352274705322 39.15564601826565, -86.61331405942613 39.157052875971246, -86.61296848051786 39.15843250430804, -86.6124893384422 39.159771616700944, -86.61188124759926 39.16105731676559, -86.61115006423627 39.162277222507534, -86.61030283004874 39.16341958556759, -86.60934770436502 39.164473404365026, -86.60829388556759 39.165428530048736, -86.60715152250754 39.16627576423627, -86.6059316167656 39.167006947599255, -86.60464591670095 39.16761503844219, -86.60330680430803 39.16809418051786, -86.60192717597126 39.168439759426136, -86.60052031826565 39.16864844705322, -86.59909978 39.16871823362319, -86.59767924173435 39.16864844705322, -86.59627238402875 39.168439759426136, -86.59489275569197 39.16809418051786, -86.59355364329906 39.16761503844219, -86.5922679432344 39.167006947599255, -86.59104803749247 39.16627576423627, -86.58990567443242 39.165428530048736, -86.58885185563499 39.164473404365026, -86.58789672995127 39.16341958556759, -86.58704949576374 39.162277222507534, -86.58631831240075 39.16105731676559, -86.5857102215578 39.159771616700944, -86.58523107948214 39.15843250430804, -86.58488550057388 39.157052875971246, -86.58467681294678 39.15564601826565, -86.58460702637682 39.15422548))",11,5
902388683,2015-02-05,Weekday,23:00:00,3+ Cars,Incapacitating,LEFT OF CENTER,EAST 20TH & NORTH LINCOLN,39.181744,-86.530192,"39.181744,-86.530192",10,Clear,2,POINT (-86.530192 39.181744),0.0,"POLYGON ((-86.51569924637681 39.181744, -86.51576903294678 39.18032346173435, -86.51597772057387 39.17891660402876, -86.51632329948214 39.177536975691964, -86.5168024415578 39.17619786329906, -86.51741053240075 39.17491216323441, -86.51814171576373 39.17369225749247, -86.51898894995126 39.172549894432414, -86.51994407563498 39.17149607563498, -86.52099789443241 39.17054094995127, -86.52214025749247 39.169693715763735, -86.5233601632344 39.16896253240075, -86.52464586329906 39.16835444155781, -86.52598497569197 39.16787529948214, -86.52736460402875 39.16752972057387, -86.52877146173435 39.16732103294678, -86.530192 39.167251246376814, -86.53161253826565 39.16732103294678, -86.53301939597125 39.16752972057387, -86.53439902430803 39.16787529948214, -86.53573813670094 39.16835444155781, -86.5370238367656 39.16896253240075, -86.53824374250753 39.169693715763735, -86.53938610556759 39.17054094995127, -86.54043992436502 39.17149607563498, -86.54139505004873 39.172549894432414, -86.54224228423627 39.17369225749247, -86.54297346759925 39.17491216323441, -86.5435815584422 39.17619786329906, -86.54406070051786 39.177536975691964, -86.54440627942613 39.17891660402876, -86.54461496705322 39.18032346173435, -86.54468475362319 39.181744, -86.54461496705322 39.18316453826565, -86.54440627942613 39.18457139597125, -86.54406070051786 39.18595102430804, -86.5435815584422 39.187290136700945, -86.54297346759925 39.188575836765594, -86.54224228423627 39.189795742507535, -86.54139505004873 39.19093810556759, -86.54043992436502 39.19199192436503, -86.53938610556759 39.19294705004874, -86.53824374250753 39.19379428423627, -86.5370238367656 39.194525467599256, -86.53573813670094 39.195133558442194, -86.53439902430803 39.19561270051786, -86.53301939597125 39.19595827942614, -86.53161253826565 39.19616696705322, -86.530192 39.19623675362319, -86.52877146173435 39.19616696705322, -86.52736460402875 39.19595827942614, -86.52598497569197 39.19561270051786, -86.52464586329906 39.195133558442194, -86.5233601632344 39.194525467599256, -86.52214025749247 39.19379428423627, -86.52099789443241 39.19294705004874, -86.51994407563498 39.19199192436503, -86.51898894995126 39.19093810556759, -86.51814171576373 39.189795742507535, -86.51741053240075 39.188575836765594, -86.5168024415578 39.187290136700945, -86.51632329948214 39.18595102430804, -86.51597772057387 39.18457139597125, -86.51576903294678 39.18316453826565, -86.51569924637681 39.181744))",23,3
902379768,2015-01-06,Weekend,22:00:00,1-Car,No injury/unknown,ANIMAL/OBJECT IN ROADWAY,BRIGHTON & WAMPLER,39.33448,-86.614368,"39.33448,-86.614368",0,Patchy moderate snow,1,POINT (-86.614368 39.33448),0.0,,22,1