Master Record Number,Date,Weekend?,Hour,Collision Type,Injury Type,Primary Factor,Reported_Location,Latitude,Longitude,Location,Number of Bars,Weather Condition,Severity,geometry,area_number,bar_location,Hour of Day,Visibility (mi)
902442213,2015-05-06,Weekday,15:00:00,3+ Cars,No injury/unknown,FAILURE TO YIELD RIGHT OF WAY,N WALNUT,39.186368,-86.5344,"39.186368,-86.5344",2,Clear,1,POINT (-86.5344 39.186368),0.0,"POLYGON ((-86.51990724637682 39.186368, -86.51997703294678 39.18494746173435, -86.52018572057388 39.18354060402876, -86.52053129948214 39.182160975691964, -86.5210104415578 39.18082186329906, -86.52161853240075 39.17953616323441, -86.52234971576374 39.17831625749247, -86.52319694995127 39.177173894432414, -86.52415207563499 39.17612007563498, -86.52520589443242 39.17516494995127, -86.52634825749247 39.174317715763735, -86.5275681632344 39.17358653240075, -86.52885386329906 39.17297844155781, -86.53019297569197 39.17249929948214, -86.53157260402875 39.17215372057387, -86.53297946173436 39.17194503294678, -86.5344 39.171875246376814, -86.53582053826565 39.17194503294678, -86.53722739597126 39.17215372057387, -86.53860702430804 39.17249929948214, -86.53994613670095 39.17297844155781, -86.5412318367656 39.17358653240075, -86.54245174250754 39.174317715763735, -86.54359410556759 39.17516494995127, -86.54464792436502 39.17612007563498, -86.54560305004874 39.177173894432414, -86.54645028423627 39.17831625749247, -86.54718146759926 39.17953616323441, -86.5477895584422 39.18082186329906, -86.54826870051787 39.182160975691964, -86.54861427942613 39.18354060402876, -86.54882296705323 39.18494746173435, -86.54889275362319 39.186368, -86.54882296705323 39.18778853826565, -86.54861427942613 39.18919539597125, -86.54826870051787 39.19057502430804, -86.5477895584422 39.191914136700944, -86.54718146759926 39.193199836765594, -86.54645028423627 39.194419742507534, -86.54560305004874 39.19556210556759, -86.54464792436502 39.19661592436503, -86.54359410556759 39.19757105004874, -86.54245174250754 39.19841828423627, -86.5412318367656 39.199149467599256, -86.53994613670095 39.199757558442194, -86.53860702430804 39.20023670051786, -86.53722739597126 39.200582279426136, -86.53582053826565 39.20079096705322, -86.5344 39.20086075362319, -86.53297946173436 39.20079096705322, -86.53157260402875 39.200582279426136, -86.53019297569197 39.20023670051786, -86.52885386329906 39.199757558442194, -86.5275681632344 39.199149467599256, -86.52634825749247 39.19841828423627, -86.52520589443242 39.19757105004874, -86.52415207563499 39.19661592436503, -86.52319694995127 39.19556210556759, -86.52234971576374 39.194419742507534, -86.52161853240075 39.193199836765594, -86.5210104415578 39.191914136700944, -86.52053129948214 39.19057502430804, -86.52018572057388 39.18919539597125, -86.51997703294678 39.18778853826565, -86.51990724637682 39.186368))",15,6
902395428,2015-02-02,Weekday,12:00:00,1-Car,No injury/unknown,SPEED TOO FAST FOR WEATHER CONDITIONS,SR37N & WAYPORT,39.26167132,-86.52280192,"39.26167132,-86.52280192",0,Overcast,1,POINT (-86.52280192 39.26167132),0.0,,12,6
902393300,2015-02-06,Weekday,08:00:00,1-Car,No injury/unknown,VIEW OBSTRUCTED,6TH & ELM,39.167712,-86.5452,"39.167712,-86.5452",40,Clear,1,POINT (-86.5452 39.167712),0.0,"POLYGON ((-86.5307072463768 39.167712, -86.53077703294677 39.16629146173435, -86.53098572057387 39.16488460402876, -86.53133129948213 39.163504975691964, -86.5318104415578 39.16216586329906, -86.53241853240074 39.16088016323441, -86.53314971576373 39.15966025749247, -86.53399694995126 39.158517894432414, -86.53495207563498 39.15746407563498, -86.5360058944324 39.15650894995127, -86.53714825749246 39.155661715763735, -86.5383681632344 39.15493053240075, -86.53965386329905 39.15432244155781, -86.54099297569196 39.15384329948214, -86.54237260402874 39.15349772057387, -86.54377946173435 39.15328903294678, -86.5452 39.153219246376814, -86.54662053826564 39.15328903294678, -86.54802739597125 39.15349772057387, -86.54940702430802 39.15384329948214, -86.55074613670094 39.15432244155781, -86.5520318367656 39.15493053240075, -86.55325174250753 39.155661715763735, -86.55439410556758 39.15650894995127, -86.55544792436501 39.15746407563498, -86.55640305004873 39.158517894432414, -86.55725028423626 39.15966025749247, -86.55798146759925 39.16088016323441, -86.5585895584422 39.16216586329906, -86.55906870051786 39.163504975691964, -86.55941427942612 39.16488460402876, -86.55962296705322 39.16629146173435, -86.55969275362318 39.167712, -86.55962296705322 39.16913253826565, -86.55941427942612 39.17053939597125, -86.55906870051786 39.17191902430804, -86.5585895584422 39.173258136700944, -86.55798146759925 39.174543836765594, -86.55725028423626 39.175763742507534, -86.55640305004873 39.17690610556759, -86.55544792436501 39.17795992436503, -86.55439410556758 39.17891505004874, -86.55325174250753 39.17976228423627, -86.5520318367656 39.180493467599256, -86.55074613670094 39.181101558442194, -86.54940702430802 39.18158070051786, -86.54802739597125 39.181926279426136, -86.54662053826564 39.18213496705322, -86.5452 39.18220475362319, -86.54377946173435 39.18213496705322, -86.54237260402874 39.181926279426136, -86.54099297569196 39.18158070051786, -86.53965386329905 39.181101558442194, -86.5383681632344 39.180493467599256, -86.53714825749246 39.17976228423627, -86.5360058944324 39.17891505004874, -86.53495207563498 39.17795992436503, -86.53399694995126 39.17690610556759, -86.53314971576373 39.175763742507534, -86.53241853240074 39.174543836765594, -86.5318104415578 39.173258136700944, -86.53133129948213 39.17191902430804, -86.53098572057387 39.17053939597125, -86.53077703294677 39.16913253826565, -86.5307072463768 39.167712))",8,6
902519763,2015-09-07,Weekend,12:00:00,2-Car,Incapacitating,FAILURE TO YIELD RIGHT OF WAY,AIRPORT & BUNGER,39.136848,-86.606,"39.136848,-86.606",0,Clear,2,POINT (-86.606 39.136848),0.0,,12,6
902521110,2015-09-03,Weekday,08:00:00,2-Car,No injury/unknown,OTHER (DRIVER) - EXPLAIN IN NARRATIVE,NORTH LINCOLN,39.17081214,-86.53109505,"39.17081214,-86.53109505",40,Clear,1,POINT (-86.53109505 39.17081214),0.0,"POLYGON ((-86.51660229637682 39.17081214, -86.51667208294678 39.169391601734354, -86.51688077057388 39.16798474402876, -86.51722634948214 39.166605115691965, -86.5177054915578 39.16526600329906, -86.51831358240075 39.16398030323441, -86.51904476576374 39.16276039749247, -86.51989199995127 39.161618034432415, -86.52084712563499 39.16056421563498, -86.52190094443242 39.15960908995127, -86.52304330749247 39.158761855763736, -86.5242632132344 39.15803067240075, -86.52554891329906 39.15742258155781, -86.52688802569197 39.15694343948214, -86.52826765402875 39.15659786057387, -86.52967451173436 39.15638917294678, -86.53109505 39.156319386376815, -86.53251558826565 39.15638917294678, -86.53392244597126 39.15659786057387, -86.53530207430804 39.15694343948214, -86.53664118670095 39.15742258155781, -86.5379268867656 39.15803067240075, -86.53914679250754 39.158761855763736, -86.54028915556759 39.15960908995127, -86.54134297436502 39.16056421563498, -86.54229810004874 39.161618034432415, -86.54314533423627 39.16276039749247, -86.54387651759926 39.16398030323441, -86.5444846084422 39.16526600329906, -86.54496375051787 39.166605115691965, -86.54530932942613 39.16798474402876, -86.54551801705323 39.169391601734354, -86.54558780362319 39.17081214, -86.54551801705323 39.17223267826565, -86.54530932942613 39.17363953597125, -86.54496375051787 39.17501916430804, -86.5444846084422 39.176358276700945, -86.54387651759926 39.177643976765594, -86.54314533423627 39.178863882507535, -86.54229810004874 39.18000624556759, -86.54134297436502 39.18106006436503, -86.54028915556759 39.18201519004874, -86.53914679250754 39.18286242423627, -86.5379268867656 39.183593607599256, -86.53664118670095 39.184201698442195, -86.53530207430804 39.18468084051786, -86.53392244597126 39.18502641942614, -86.53251558826565 39.185235107053224, -86.53109505 39.18530489362319, -86.52967451173436 39.185235107053224, -86.52826765402875 39.18502641942614, -86.52688802569197 39.18468084051786, -86.52554891329906 39.184201698442195, -86.5242632132344 39.183593607599256, -86.52304330749247 39.18286242423627, -86.52190094443242 39.18201519004874, -86.52084712563499 39.18106006436503, -86.51989199995127 39.18000624556759, -86.51904476576374 39.178863882507535, -86.51831358240075 39.177643976765594, -86.5177054915578 39.176358276700945, -86.51722634948214 39.17501916430804, -86.51688077057388 39.17363953597125, -86.51667208294678 39.17223267826565, -86.51660229637682 39.17081214))",8,6
902455256,2015-06-02,Weekday,21:00:00,2-Car,No injury/unknown,FOLLOWING TOO CLOSELY,45 46 & SR37N,39.17571044,-86.52841186,"39.17571044,-86.52841186",40,Partly cloudy,1,POINT (-86.52841186 39.17571044),0.0,"POLYGON ((-86.51391910637682 39.17571044, -86.51398889294678 39.174289901734355, -86.51419758057388 39.17288304402876, -86.51454315948214 39.171503415691966, -86.5150223015578 39.17016430329906, -86.51563039240075 39.16887860323441, -86.51636157576374 39.16765869749247, -86.51720880995127 39.166516334432416, -86.51816393563499 39.16546251563498, -86.51921775443242 39.16450738995127, -86.52036011749247 39.163660155763736, -86.5215800232344 39.16292897240075, -86.52286572329906 39.16232088155781, -86.52420483569198 39.16184173948214, -86.52558446402875 39.16149616057387, -86.52699132173436 39.16128747294678, -86.52841186 39.161217686376816, -86.52983239826565 39.16128747294678, -86.53123925597126 39.16149616057387, -86.53261888430804 39.16184173948214, -86.53395799670095 39.16232088155781, -86.5352436967656 39.16292897240075, -86.53646360250754 39.163660155763736, -86.5376059655676 39.16450738995127, -86.53865978436502 39.16546251563498, -86.53961491004874 39.166516334432416, -86.54046214423627 39.16765869749247, -86.54119332759926 39.16887860323441, -86.5418014184422 39.17016430329906, -86.54228056051787 39.171503415691966, -86.54262613942613 39.17288304402876, -86.54283482705323 39.174289901734355, -86.5429046136232 39.17571044, -86.54283482705323 39.17713097826565, -86.54262613942613 39.17853783597125, -86.54228056051787 39.17991746430804, -86.5418014184422 39.181256576700946, -86.54119332759926 39.182542276765595, -86.54046214423627 39.183762182507536, -86.53961491004874 39.18490454556759, -86.53865978436502 39.18595836436503, -86.5376059655676 39.18691349004874, -86.53646360250754 39.18776072423627, -86.5352436967656 39.18849190759926, -86.53395799670095 39.189099998442195, -86.53261888430804 39.189579140517864, -86.53123925597126 39.18992471942614, -86.52983239826565 39.190133407053224, -86.52841186 39.19020319362319, -86.52699132173436 39.190133407053224, -86.52558446402875 39.18992471942614, -86.52420483569198 39.189579140517864, -86.52286572329906 39.189099998442195, -86.5215800232344 39.18849190759926, -86.52036011749247 39.18776072423627, -86.51921775443242 39.18691349004874, -86.51816393563499 39.18595836436503, -86.51720880995127 39.18490454556759, -86.51636157576374 39.183762182507536, -86.51563039240075 39.182542276765595, -86.5150223015578 39.181256576700946, -86.51454315948214 39.17991746430804, -86.51419758057388 39.17853783597125, -86.51398889294678 39.17713097826565, -86.51391910637682 39.17571044))",21,6
902441738,2015-05-06,Weekday,01:00:00,1-Car,No injury/unknown,RAN OFF ROAD RIGHT,HILLSIDE & WALNUT,39.150544,-86.5336,"39.150544,-86.5336",4,Clear,1,POINT (-86.5336 39.150544),0.0,"POLYGON ((-86.51910724637682 39.150544, -86.51917703294679 39.14912346173435, -86.51938572057388 39.14771660402875, -86.51973129948215 39.14633697569196, -86.52021044155781 39.144997863299054, -86.52081853240075 39.143712163234404, -86.52154971576374 39.142492257492464, -86.52239694995127 39.14134989443241, -86.52335207563499 39.14029607563497, -86.52440589443242 39.13934094995126, -86.52554825749247 39.13849371576373, -86.52676816323441 39.13776253240074, -86.52805386329906 39.137154441557804, -86.52939297569198 39.136675299482135, -86.53077260402875 39.13632972057386, -86.53217946173436 39.136121032946775, -86.5336 39.13605124637681, -86.53502053826566 39.136121032946775, -86.53642739597126 39.13632972057386, -86.53780702430804 39.136675299482135, -86.53914613670095 39.137154441557804, -86.5404318367656 39.13776253240074, -86.54165174250754 39.13849371576373, -86.5427941055676 39.13934094995126, -86.54384792436502 39.14029607563497, -86.54480305004874 39.14134989443241, -86.54565028423627 39.142492257492464, -86.54638146759926 39.143712163234404, -86.5469895584422 39.144997863299054, -86.54746870051787 39.14633697569196, -86.54781427942613 39.14771660402875, -86.54802296705323 39.14912346173435, -86.5480927536232 39.150544, -86.54802296705323 39.151964538265645, -86.54781427942613 39.15337139597124, -86.54746870051787 39.154751024308034, -86.5469895584422 39.15609013670094, -86.54638146759926 39.15737583676559, -86.54565028423627 39.15859574250753, -86.54480305004874 39.159738105567584, -86.54384792436502 39.16079192436502, -86.5427941055676 39.16174705004873, -86.54165174250754 39.16259428423626, -86.5404318367656 39.16332546759925, -86.53914613670095 39.16393355844219, -86.53780702430804 39.16441270051786, -86.53642739597126 39.16475827942613, -86.53502053826566 39.16496696705322, -86.5336 39.165036753623184, -86.53217946173436 39.16496696705322, -86.53077260402875 39.16475827942613, -86.52939297569198 39.16441270051786, -86.52805386329906 39.16393355844219, -86.52676816323441 39.16332546759925, -86.52554825749247 39.16259428423626, -86.52440589443242 39.16174705004873, -86.52335207563499 39.16079192436502, -86.52239694995127 39.159738105567584, -86.52154971576374 39.15859574250753, -86.52081853240075 39.15737583676559, -86.52021044155781 39.15609013670094, -86.51973129948215 39.154751024308034, -86.51938572057388 39.15337139597124, -86.51917703294679 39.151964538265645, -86.51910724637682 39.150544))",1,6
902460765,2015-06-05,Weekday,12:00:00,2-Car,No injury/unknown,IMPROPER PASSING,E KIRKWOOD & S DUNN,39.16664,-86.528192,"39.16664,-86.528192",43,Partly cloudy,1,POINT (-86.528192 39.16664),0.0,"POLYGON ((-86.51369924637682 39.16664, -86.51376903294678 39.16521946173435, -86.51397772057388 39.163812604028756, -86.51432329948214 39.162432975691964, -86.5148024415578 39.16109386329906, -86.51541053240075 39.15980816323441, -86.51614171576374 39.15858825749247, -86.51698894995127 39.15744589443241, -86.51794407563499 39.156392075634976, -86.51899789443242 39.155436949951266, -86.52014025749247 39.154589715763734, -86.5213601632344 39.15385853240075, -86.52264586329906 39.15325044155781, -86.52398497569197 39.15277129948214, -86.52536460402875 39.152425720573866, -86.52677146173436 39.15221703294678, -86.528192 39.15214724637681, -86.52961253826565 39.15221703294678, -86.53101939597126 39.152425720573866, -86.53239902430803 39.15277129948214, -86.53373813670095 39.15325044155781, -86.5350238367656 39.15385853240075, -86.53624374250754 39.154589715763734, -86.53738610556759 39.155436949951266, -86.53843992436502 39.156392075634976, -86.53939505004874 39.15744589443241, -86.54024228423627 39.15858825749247, -86.54097346759926 39.15980816323441, -86.5415815584422 39.16109386329906, -86.54206070051787 39.162432975691964, -86.54240627942613 39.163812604028756, -86.54261496705323 39.16521946173435, -86.54268475362319 39.16664, -86.54261496705323 39.16806053826565, -86.54240627942613 39.169467395971246, -86.54206070051787 39.17084702430804, -86.5415815584422 39.172186136700944, -86.54097346759926 39.17347183676559, -86.54024228423627 39.174691742507534, -86.53939505004874 39.17583410556759, -86.53843992436502 39.176887924365026, -86.53738610556759 39.177843050048736, -86.53624374250754 39.17869028423627, -86.5350238367656 39.179421467599255, -86.53373813670095 39.18002955844219, -86.53239902430803 39.18050870051786, -86.53101939597126 39.180854279426136, -86.52961253826565 39.18106296705322, -86.528192 39.18113275362319, -86.52677146173436 39.18106296705322, -86.52536460402875 39.180854279426136, -86.52398497569197 39.18050870051786, -86.52264586329906 39.18002955844219, -86.5213601632344 39.179421467599255, -86.52014025749247 39.17869028423627, -86.51899789443242 39.177843050048736, -86.51794407563499 39.176887924365026, -86.51698894995127 39.17583410556759, -86.51614171576374 39.174691742507534, -86.51541053240075 39.17347183676559, -86.5148024415578 39.172186136700944, -86.51432329948214 39.17084702430804, -86.51397772057388 39.169467395971246, -86.51376903294678 39.16806053826565, -86.51369924637682 39.16664))",12,6
902444813,2015-05-03,Weekday,16:00:00,2-Car,No injury/unknown,FOLLOWING TOO CLOSELY,N CURRY & W PROFILE,39.17196013,-86.58297105,"39.17196013,-86.58297105",5,Clear,1,POINT (-86.58297105 39.17196013),0.0,"POLYGON ((-86.56847829637681 39.17196013, -86.56854808294678 39.170539591734354, -86.56875677057387 39.16913273402876, -86.56910234948214 39.167753105691965, -86.5695814915578 39.16641399329906, -86.57018958240074 39.16512829323441, -86.57092076576373 39.16390838749247, -86.57176799995126 39.162766024432415, -86.57272312563498 39.16171220563498, -86.57377694443241 39.16075707995127, -86.57491930749246 39.159909845763735, -86.5761392132344 39.15917866240075, -86.57742491329905 39.15857057155781, -86.57876402569197 39.15809142948214, -86.58014365402875 39.15774585057387, -86.58155051173435 39.15753716294678, -86.58297105 39.157467376376815, -86.58439158826565 39.15753716294678, -86.58579844597125 39.15774585057387, -86.58717807430803 39.15809142948214, -86.58851718670094 39.15857057155781, -86.5898028867656 39.15917866240075, -86.59102279250753 39.159909845763735, -86.59216515556759 39.16075707995127, -86.59321897436502 39.16171220563498, -86.59417410004873 39.162766024432415, -86.59502133423626 39.16390838749247, -86.59575251759925 39.16512829323441, -86.5963606084422 39.16641399329906, -86.59683975051786 39.167753105691965, -86.59718532942613 39.16913273402876, -86.59739401705322 39.170539591734354, -86.59746380362319 39.17196013, -86.59739401705322 39.17338066826565, -86.59718532942613 39.17478752597125, -86.59683975051786 39.17616715430804, -86.5963606084422 39.177506266700945, -86.59575251759925 39.178791966765594, -86.59502133423626 39.180011872507535, -86.59417410004873 39.18115423556759, -86.59321897436502 39.18220805436503, -86.59216515556759 39.18316318004874, -86.59102279250753 39.18401041423627, -86.5898028867656 39.184741597599256, -86.58851718670094 39.185349688442194, -86.58717807430803 39.18582883051786, -86.58579844597125 39.18617440942614, -86.58439158826565 39.18638309705322, -86.58297105 39.18645288362319, -86.58155051173435 39.18638309705322, -86.58014365402875 39.18617440942614, -86.57876402569197 39.18582883051786, -86.57742491329905 39.185349688442194, -86.5761392132344 39.184741597599256, -86.57491930749246 39.18401041423627, -86.57377694443241 39.18316318004874, -86.57272312563498 39.18220805436503, -86.57176799995126 39.18115423556759, -86.57092076576373 39.180011872507535, -86.57018958240074 39.178791966765594, -86.5695814915578 39.177506266700945, -86.56910234948214 39.17616715430804, -86.56875677057387 39.17478752597125, -86.56854808294678 39.17338066826565, -86.56847829637681 39.17196013))",16,6
902515090,2015-09-06,Weekday,16:00:00,2-Car,No injury/unknown,UNSAFE BACKING,17TH & N JORDAN,39.178848,-86.511088,"39.178848,-86.511088",4,Cloudy,1,POINT (-86.511088 39.178848),0.0,"POLYGON ((-86.49659524637681 39.178848, -86.49666503294678 39.177427461734354, -86.49687372057387 39.17602060402876, -86.49721929948214 39.174640975691965, -86.4976984415578 39.17330186329906, -86.49830653240075 39.17201616323441, -86.49903771576373 39.17079625749247, -86.49988494995127 39.169653894432415, -86.50084007563498 39.16860007563498, -86.50189389443241 39.16764494995127, -86.50303625749247 39.166797715763735, -86.5042561632344 39.16606653240075, -86.50554186329906 39.16545844155781, -86.50688097569197 39.16497929948214, -86.50826060402875 39.16463372057387, -86.50966746173435 39.16442503294678, -86.511088 39.164355246376815, -86.51250853826565 39.16442503294678, -86.51391539597125 39.16463372057387, -86.51529502430803 39.16497929948214, -86.51663413670094 39.16545844155781, -86.5179198367656 39.16606653240075, -86.51913974250753 39.166797715763735, -86.52028210556759 39.16764494995127, -86.52133592436502 39.16860007563498, -86.52229105004874 39.169653894432415, -86.52313828423627 39.17079625749247, -86.52386946759925 39.17201616323441, -86.5244775584422 39.17330186329906, -86.52495670051786 39.174640975691965, -86.52530227942613 39.17602060402876, -86.52551096705322 39.177427461734354, -86.52558075362319 39.178848, -86.52551096705322 39.18026853826565, -86.52530227942613 39.18167539597125, -86.52495670051786 39.18305502430804, -86.5244775584422 39.184394136700945, -86.52386946759925 39.185679836765594, -86.52313828423627 39.186899742507535, -86.52229105004874 39.18804210556759, -86.52133592436502 39.18909592436503, -86.52028210556759 39.19005105004874, -86.51913974250753 39.19089828423627, -86.5179198367656 39.191629467599256, -86.51663413670094 39.192237558442194, -86.51529502430803 39.19271670051786, -86.51391539597125 39.19306227942614, -86.51250853826565 39.19327096705322, -86.511088 39.19334075362319, -86.50966746173435 39.19327096705322, -86.50826060402875 39.19306227942614, -86.50688097569197 39.19271670051786, -86.50554186329906 39.192237558442194, -86.5042561632344 39.191629467599256, -86.50303625749247 39.19089828423627, -86.50189389443241 39.19005105004874, -86.50084007563498 39.18909592436503, -86.49988494995127 39.18804210556759, -86.49903771576373 39.186899742507535, -86.49830653240075 39.185679836765594, -86.4976984415578 39.184394136700945, -86.49721929948214 39.18305502430804, -86.49687372057387 39.18167539597125, -86.49666503294678 39.18026853826565, -86.49659524637681 39.178848))",16,5
902490428,2015-07-02,Weekday,20:00:00,1-Car,Non-incapacitating,RAN OFF ROAD RIGHT,N THOMAS & W VERNAL,39.18904,-86.630096,"39.18904,-86.630096",0,Moderate rain at times,2,POINT (-86.630096 39.18904),0.0,,20,5
902364664,2015-01-06,Weekday,18:00:00,2-Car,No injury/unknown,FAILURE TO YIELD RIGHT OF WAY,BURKS & WALNUT,39.12666969,-86.53136998,"39.12666969,-86.53136998",1,Light freezing rain,1,POINT (-86.53136998 39.12666969),0.0,"POLYGON ((-86.5168772263768 39.12666969, -86.51694701294677 39.12524915173435, -86.51715570057387 39.123842294028755, -86.51750127948213 39.12246266569196, -86.5179804215578 39.12112355329906, -86.51858851240074 39.11983785323441, -86.51931969576373 39.11861794749247, -86.52016692995126 39.11747558443241, -86.52112205563498 39.116421765634975, -86.5221758744324 39.115466639951265, -86.52331823749246 39.11461940576373, -86.5245381432344 39.113888222400746, -86.52582384329905 39.11328013155781, -86.52716295569196 39.11280098948214, -86.52854258402874 39.112455410573865, -86.52994944173435 39.11224672294678, -86.53136998 39.11217693637681, -86.53279051826564 39.11224672294678, -86.53419737597125 39.112455410573865, -86.53557700430802 39.11280098948214, -86.53691611670094 39.11328013155781, -86.53820181676559 39.113888222400746, -86.53942172250753 39.11461940576373, -86.54056408556758 39.115466639951265, -86.54161790436501 39.116421765634975, -86.54257303004873 39.11747558443241, -86.54342026423626 39.11861794749247, -86.54415144759925 39.11983785323441, -86.5447595384422 39.12112355329906, -86.54523868051785 39.12246266569196, -86.54558425942612 39.123842294028755, -86.54579294705322 39.12524915173435, -86.54586273362318 39.12666969, -86.54579294705322 39.12809022826565, -86.54558425942612 39.129497085971245, -86.54523868051785 39.13087671430804, -86.5447595384422 39.13221582670094, -86.54415144759925 39.13350152676559, -86.54342026423626 39.13472143250753, -86.54257303004873 39.13586379556759, -86.54161790436501 39.136917614365025, -86.54056408556758 39.137872740048735, -86.53942172250753 39.13871997423627, -86.53820181676559 39.139451157599254, -86.53691611670094 39.14005924844219, -86.53557700430802 39.14053839051786, -86.53419737597125 39.140883969426135, -86.53279051826564 39.14109265705322, -86.53136998 39.14116244362319, -86.52994944173435 39.14109265705322, -86.52854258402874 39.140883969426135, -86.52716295569196 39.14053839051786, -86.52582384329905 39.14005924844219, -86.5245381432344 39.139451157599254, -86.52331823749246 39.13871997423627, -86.5221758744324 39.137872740048735, -86.52112205563498 39.136917614365025, -86.52016692995126 39.13586379556759, -86.51931969576373 39.13472143250753, -86.51858851240074 39.13350152676559, -86.5179804215578 39.13221582670094, -86.51750127948213 39.13087671430804, -86.51715570057387 39.129497085971245, -86.51694701294677 39.12809022826565, -86.5168772263768 39.12666969))",18,6
902546933,2015-10-03,Weekday,11:00:00,2-Car,No injury/unknown,OVERCORRECTING/OVERSTEERING,BASSWOOD & BLOOMFIELD,39.14977205,-86.56891458,"39.14977205,-86.56891458",2,Heavy rain at times,1,POINT (-86.56891458 39.14977205),0.0,"POLYGON ((-86.55442182637681 39.14977205, -86.55449161294678 39.148351511734354, -86.55470030057387 39.14694465402876, -86.55504587948214 39.145565025691965, -86.5555250215578 39.14422591329906, -86.55613311240074 39.14294021323441, -86.55686429576373 39.14172030749247, -86.55771152995126 39.140577944432415, -86.55866665563498 39.13952412563498, -86.55972047443241 39.13856899995127, -86.56086283749246 39.137721765763736, -86.5620827432344 39.13699058240075, -86.56336844329905 39.13638249155781, -86.56470755569197 39.13590334948214, -86.56608718402875 39.13555777057387, -86.56749404173435 39.13534908294678, -86.56891458 39.135279296376815, -86.57033511826565 39.13534908294678, -86.57174197597125 39.13555777057387, -86.57312160430803 39.13590334948214, -86.57446071670094 39.13638249155781, -86.5757464167656 39.13699058240075, -86.57696632250753 39.137721765763736, -86.57810868556759 39.13856899995127, -86.57916250436502 39.13952412563498, -86.58011763004873 39.140577944432415, -86.58096486423626 39.14172030749247, -86.58169604759925 39.14294021323441, -86.5823041384422 39.14422591329906, -86.58278328051786 39.145565025691965, -86.58312885942613 39.14694465402876, -86.58333754705322 39.148351511734354, -86.58340733362319 39.14977205, -86.58333754705322 39.15119258826565, -86.58312885942613 39.15259944597125, -86.58278328051786 39.15397907430804, -86.5823041384422 39.155318186700946, -86.58169604759925 39.156603886765595, -86.58096486423626 39.157823792507536, -86.58011763004873 39.15896615556759, -86.57916250436502 39.16001997436503, -86.57810868556759 39.16097510004874, -86.57696632250753 39.16182233423627, -86.5757464167656 39.16255351759926, -86.57446071670094 39.163161608442195, -86.57312160430803 39.163640750517864, -86.57174197597125 39.16398632942614, -86.57033511826565 39.164195017053224, -86.56891458 39.16426480362319, -86.56749404173435 39.164195017053224, -86.56608718402875 39.16398632942614, -86.56470755569197 39.163640750517864, -86.56336844329905 39.163161608442195, -86.5620827432344 39.16255351759926, -86.56086283749246 39.16182233423627, -86.55972047443241 39.16097510004874, -86.55866665563498 39.16001997436503, -86.55771152995126 39.15896615556759, -86.55686429576373 39.157823792507536, -86.55613311240074 39.156603886765595, -86.5555250215578 39.155318186700946, -86.55504587948214 39.15397907430804, -86.55470030057387 39.15259944597125, -86.55449161294678 39.15119258826565, -86.55442182637681 39.14977205))",11,4
902464445,2015-06-02,Weekday,22:00:00,Moped/Motorcycle,Incapacitating,UNSAFE SPEED,E MONROE DAM & S VALLEY MISSION,39.009344,-86.510096,"39.009344,-86.510096",0,Overcast,2,POINT (-86.510096 39.009344),0.0,,22,1
902491555,2015-07-05,Weekday,15:00:00,2-Car,No injury/unknown,UNSAFE BACKING,MELVILLE & ROCK CREEK,39.17512626,-86.50022014,"39.17512626,-86.50022014",5,Partly cloudy,1,POINT (-86.50022014 39.17512626),0.0,"POLYGON ((-86.48572738637681 39.17512626, -86.48579717294677 39.17370572173435, -86.48600586057387 39.172298864028754, -86.48635143948214 39.17091923569196, -86.4868305815578 39.169580123299056, -86.48743867240074 39.16829442323441, -86.48816985576373 39.167074517492466, -86.48901708995126 39.16593215443241, -86.48997221563498 39.164878335634974, -86.49102603443241 39.163923209951264, -86.49216839749246 39.16307597576373, -86.4933883032344 39.162344792400745, -86.49467400329905 39.16173670155781, -86.49601311569197 39.16125755948214, -86.49739274402874 39.160911980573864, -86.49879960173435 39.16070329294678, -86.50022014 39.16063350637681, -86.50164067826564 39.16070329294678, -86.50304753597125 39.160911980573864, -86.50442716430803 39.16125755948214, -86.50576627670094 39.16173670155781, -86.5070519767656 39.162344792400745, -86.50827188250753 39.16307597576373, -86.50941424556758 39.163923209951264, -86.51046806436501 39.164878335634974, -86.51142319004873 39.16593215443241, -86.51227042423626 39.167074517492466, -86.51300160759925 39.16829442323441, -86.5136096984422 39.169580123299056, -86.51408884051786 39.17091923569196, -86.51443441942612 39.172298864028754, -86.51464310705322 39.17370572173435, -86.51471289362318 39.17512626, -86.51464310705322 39.17654679826565, -86.51443441942612 39.177953655971244, -86.51408884051786 39.179333284308036, -86.5136096984422 39.18067239670094, -86.51300160759925 39.18195809676559, -86.51227042423626 39.18317800250753, -86.51142319004873 39.18432036556759, -86.51046806436501 39.185374184365024, -86.50941424556758 39.186329310048734, -86.50827188250753 39.187176544236266, -86.5070519767656 39.18790772759925, -86.50576627670094 39.18851581844219, -86.50442716430803 39.18899496051786, -86.50304753597125 39.189340539426134, -86.50164067826564 39.18954922705322, -86.50022014 39.18961901362319, -86.49879960173435 39.18954922705322, -86.49739274402874 39.189340539426134, -86.49601311569197 39.18899496051786, -86.49467400329905 39.18851581844219, -86.4933883032344 39.18790772759925, -86.49216839749246 39.187176544236266, -86.49102603443241 39.186329310048734, -86.48997221563498 39.185374184365024, -86.48901708995126 39.18432036556759, -86.48816985576373 39.18317800250753, -86.48743867240074 39.18195809676559, -86.4868305815578 39.18067239670094, -86.48635143948214 39.179333284308036, -86.48600586057387 39.177953655971244, -86.48579717294677 39.17654679826565, -86.48572738637681 39.17512626))",15,6