Master Record Number,Date,Weekend?,Hour,Collision Type,Injury Type,Primary Factor,Reported_Location,Latitude,Longitude,Location,Number of Bars,Weather Condition,Severity,geometry,area_number,bar_location,Hour of Day,Visibility (mi)
902463499,2015-05-05,Weekday,22:00:00,1-Car,No injury/unknown,RAN OFF ROAD RIGHT,TOWER & W ISON,39.104944,-86.61032,"39.104944,-86.61032",0,Clear,1,POINT (-86.61032 39.104944),0.0,,22,6
902393958,2015-02-06,Weekend,22:00:00,1-Car,Non-incapacitating,OTHER (DRIVER) - EXPLAIN IN NARRATIVE,S COLLEGE,39.16115717,-86.53485253,"39.16115717,-86.53485253",42,Clear,2,POINT (-86.53485253 39.16115717),0.0,"POLYGON ((-86.52035977637681 39.16115717, -86.52042956294677 39.159736631734354, -86.52063825057387 39.15832977402876, -86.52098382948213 39.156950145691965, -86.5214629715578 39.15561103329906, -86.52207106240074 39.15432533323441, -86.52280224576373 39.15310542749247, -86.52364947995126 39.151963064432415, -86.52460460563498 39.15090924563498, -86.52565842443241 39.14995411995127, -86.52680078749246 39.149106885763736, -86.5280206932344 39.14837570240075, -86.52930639329905 39.14776761155781, -86.53064550569196 39.14728846948214, -86.53202513402874 39.14694289057387, -86.53343199173435 39.14673420294678, -86.53485253 39.146664416376815, -86.53627306826564 39.14673420294678, -86.53767992597125 39.14694289057387, -86.53905955430803 39.14728846948214, -86.54039866670094 39.14776761155781, -86.5416843667656 39.14837570240075, -86.54290427250753 39.149106885763736, -86.54404663556758 39.14995411995127, -86.54510045436501 39.15090924563498, -86.54605558004873 39.151963064432415, -86.54690281423626 39.15310542749247, -86.54763399759925 39.15432533323441, -86.5482420884422 39.15561103329906, -86.54872123051786 39.156950145691965, -86.54906680942612 39.15832977402876, -86.54927549705322 39.159736631734354, -86.54934528362318 39.16115717, -86.54927549705322 39.16257770826565, -86.54906680942612 39.16398456597125, -86.54872123051786 39.16536419430804, -86.5482420884422 39.166703306700946, -86.54763399759925 39.167989006765595, -86.54690281423626 39.169208912507536, -86.54605558004873 39.17035127556759, -86.54510045436501 39.17140509436503, -86.54404663556758 39.17236022004874, -86.54290427250753 39.17320745423627, -86.5416843667656 39.17393863759926, -86.54039866670094 39.174546728442195, -86.53905955430803 39.175025870517864, -86.53767992597125 39.17537144942614, -86.53627306826564 39.175580137053224, -86.53485253 39.17564992362319, -86.53343199173435 39.175580137053224, -86.53202513402874 39.17537144942614, -86.53064550569196 39.175025870517864, -86.52930639329905 39.174546728442195, -86.5280206932344 39.17393863759926, -86.52680078749246 39.17320745423627, -86.52565842443241 39.17236022004874, -86.52460460563498 39.17140509436503, -86.52364947995126 39.17035127556759, -86.52280224576373 39.169208912507536, -86.52207106240074 39.167989006765595, -86.5214629715578 39.166703306700946, -86.52098382948213 39.16536419430804, -86.52063825057387 39.16398456597125, -86.52042956294677 39.16257770826565, -86.52035977637681 39.16115717))",22,6
902575189,2015-12-03,Weekday,13:00:00,2-Car,No injury/unknown,FAILURE TO YIELD RIGHT OF WAY,SR45W & W INDUSTRIAL,39.143552,-86.580528,"39.143552,-86.580528",1,Clear,1,POINT (-86.580528 39.143552),0.0,"POLYGON ((-86.56603524637681 39.143552, -86.56610503294678 39.14213146173435, -86.56631372057387 39.140724604028755, -86.56665929948214 39.13934497569196, -86.5671384415578 39.13800586329906, -86.56774653240075 39.13672016323441, -86.56847771576373 39.13550025749247, -86.56932494995127 39.13435789443241, -86.57028007563498 39.133304075634975, -86.57133389443241 39.132348949951265, -86.57247625749247 39.13150171576373, -86.5736961632344 39.130770532400746, -86.57498186329906 39.13016244155781, -86.57632097569197 39.12968329948214, -86.57770060402875 39.129337720573865, -86.57910746173435 39.12912903294678, -86.580528 39.12905924637681, -86.58194853826565 39.12912903294678, -86.58335539597125 39.129337720573865, -86.58473502430803 39.12968329948214, -86.58607413670094 39.13016244155781, -86.5873598367656 39.130770532400746, -86.58857974250753 39.13150171576373, -86.58972210556759 39.132348949951265, -86.59077592436502 39.133304075634975, -86.59173105004874 39.13435789443241, -86.59257828423627 39.13550025749247, -86.59330946759925 39.13672016323441, -86.5939175584422 39.13800586329906, -86.59439670051786 39.13934497569196, -86.59474227942613 39.140724604028755, -86.59495096705322 39.14213146173435, -86.59502075362319 39.143552, -86.59495096705322 39.14497253826565, -86.59474227942613 39.146379395971245, -86.59439670051786 39.14775902430804, -86.5939175584422 39.14909813670094, -86.59330946759925 39.15038383676559, -86.59257828423627 39.15160374250753, -86.59173105004874 39.15274610556759, -86.59077592436502 39.153799924365025, -86.58972210556759 39.154755050048735, -86.58857974250753 39.15560228423627, -86.5873598367656 39.156333467599254, -86.58607413670094 39.15694155844219, -86.58473502430803 39.15742070051786, -86.58335539597125 39.157766279426134, -86.58194853826565 39.15797496705322, -86.580528 39.15804475362319, -86.57910746173435 39.15797496705322, -86.57770060402875 39.157766279426134, -86.57632097569197 39.15742070051786, -86.57498186329906 39.15694155844219, -86.5736961632344 39.156333467599254, -86.57247625749247 39.15560228423627, -86.57133389443241 39.154755050048735, -86.57028007563498 39.153799924365025, -86.56932494995127 39.15274610556759, -86.56847771576373 39.15160374250753, -86.56774653240075 39.15038383676559, -86.5671384415578 39.14909813670094, -86.56665929948214 39.14775902430804, -86.56631372057387 39.146379395971245, -86.56610503294678 39.14497253826565, -86.56603524637681 39.143552))",13,5
902547655,2015-10-04,Weekday,07:00:00,2-Car,Incapacitating,OTHER (DRIVER) - EXPLAIN IN NARRATIVE,PATTERSON & ROGERS,39.15379018,-86.53875008,"39.15379018,-86.53875008",29,Cloudy,2,POINT (-86.53875008 39.15379018),0.0,"POLYGON ((-86.52425732637681 39.15379018, -86.52432711294678 39.15236964173435, -86.52453580057387 39.150962784028756, -86.52488137948214 39.149583155691964, -86.5253605215578 39.14824404329906, -86.52596861240075 39.14695834323441, -86.52669979576373 39.14573843749247, -86.52754702995126 39.144596074432414, -86.52850215563498 39.143542255634976, -86.52955597443241 39.142587129951266, -86.53069833749247 39.141739895763735, -86.5319182432344 39.14100871240075, -86.53320394329906 39.14040062155781, -86.53454305569197 39.13992147948214, -86.53592268402875 39.13957590057387, -86.53732954173435 39.13936721294678, -86.53875008 39.139297426376814, -86.54017061826565 39.13936721294678, -86.54157747597125 39.13957590057387, -86.54295710430803 39.13992147948214, -86.54429621670094 39.14040062155781, -86.5455819167656 39.14100871240075, -86.54680182250753 39.141739895763735, -86.54794418556759 39.142587129951266, -86.54899800436502 39.143542255634976, -86.54995313004873 39.144596074432414, -86.55080036423627 39.14573843749247, -86.55153154759925 39.14695834323441, -86.5521396384422 39.14824404329906, -86.55261878051786 39.149583155691964, -86.55296435942613 39.150962784028756, -86.55317304705322 39.15236964173435, -86.55324283362319 39.15379018, -86.55317304705322 39.15521071826565, -86.55296435942613 39.15661757597125, -86.55261878051786 39.15799720430804, -86.5521396384422 39.159336316700944, -86.55153154759925 39.16062201676559, -86.55080036423627 39.161841922507534, -86.54995313004873 39.16298428556759, -86.54899800436502 39.16403810436503, -86.54794418556759 39.16499323004874, -86.54680182250753 39.16584046423627, -86.5455819167656 39.166571647599255, -86.54429621670094 39.167179738442194, -86.54295710430803 39.16765888051786, -86.54157747597125 39.168004459426136, -86.54017061826565 39.16821314705322, -86.53875008 39.16828293362319, -86.53732954173435 39.16821314705322, -86.53592268402875 39.168004459426136, -86.53454305569197 39.16765888051786, -86.53320394329906 39.167179738442194, -86.5319182432344 39.166571647599255, -86.53069833749247 39.16584046423627, -86.52955597443241 39.16499323004874, -86.52850215563498 39.16403810436503, -86.52754702995126 39.16298428556759, -86.52669979576373 39.161841922507534, -86.52596861240075 39.16062201676559, -86.5253605215578 39.159336316700944, -86.52488137948214 39.15799720430804, -86.52453580057387 39.15661757597125, -86.52432711294678 39.15521071826565, -86.52425732637681 39.15379018))",7,6
902413734,2015-03-07,Weekend,11:00:00,2-Car,No injury/unknown,UNSAFE LANE MOVEMENT,LIBERTY,39.145264,-86.577616,"39.145264,-86.577616",1,Overcast,1,POINT (-86.577616 39.145264),0.0,"POLYGON ((-86.56312324637682 39.145264, -86.56319303294678 39.14384346173435, -86.56340172057388 39.14243660402875, -86.56374729948215 39.14105697569196, -86.5642264415578 39.139717863299055, -86.56483453240075 39.138432163234405, -86.56556571576374 39.137212257492465, -86.56641294995127 39.13606989443241, -86.56736807563499 39.13501607563497, -86.56842189443242 39.13406094995126, -86.56956425749247 39.13321371576373, -86.5707841632344 39.13248253240074, -86.57206986329906 39.131874441557805, -86.57340897569198 39.131395299482136, -86.57478860402875 39.13104972057386, -86.57619546173436 39.130841032946776, -86.577616 39.13077124637681, -86.57903653826565 39.130841032946776, -86.58044339597126 39.13104972057386, -86.58182302430804 39.131395299482136, -86.58316213670095 39.131874441557805, -86.5844478367656 39.13248253240074, -86.58566774250754 39.13321371576373, -86.5868101055676 39.13406094995126, -86.58786392436502 39.13501607563497, -86.58881905004874 39.13606989443241, -86.58966628423627 39.137212257492465, -86.59039746759926 39.138432163234405, -86.5910055584422 39.139717863299055, -86.59148470051787 39.14105697569196, -86.59183027942613 39.14243660402875, -86.59203896705323 39.14384346173435, -86.5921087536232 39.145264, -86.59203896705323 39.146684538265646, -86.59183027942613 39.14809139597124, -86.59148470051787 39.149471024308035, -86.5910055584422 39.15081013670094, -86.59039746759926 39.15209583676559, -86.58966628423627 39.15331574250753, -86.58881905004874 39.154458105567585, -86.58786392436502 39.15551192436502, -86.5868101055676 39.15646705004873, -86.58566774250754 39.157314284236264, -86.5844478367656 39.15804546759925, -86.58316213670095 39.15865355844219, -86.58182302430804 39.15913270051786, -86.58044339597126 39.15947827942613, -86.57903653826565 39.15968696705322, -86.577616 39.159756753623185, -86.57619546173436 39.15968696705322, -86.57478860402875 39.15947827942613, -86.57340897569198 39.15913270051786, -86.57206986329906 39.15865355844219, -86.5707841632344 39.15804546759925, -86.56956425749247 39.157314284236264, -86.56842189443242 39.15646705004873, -86.56736807563499 39.15551192436502, -86.56641294995127 39.154458105567585, -86.56556571576374 39.15331574250753, -86.56483453240075 39.15209583676559, -86.5642264415578 39.15081013670094, -86.56374729948215 39.149471024308035, -86.56340172057388 39.14809139597124, -86.56319303294678 39.146684538265646, -86.56312324637682 39.145264))",11,6
902429470,2015-04-04,Weekday,15:00:00,2-Car,No injury/unknown,IMPROPER LANE USAGE,EAST 17TH,39.17906597,-86.52582384,"39.17906597,-86.52582384",33,Cloudy,1,POINT (-86.52582384 39.17906597),0.0,"POLYGON ((-86.51133108637681 39.17906597, -86.51140087294678 39.177645431734355, -86.51160956057387 39.17623857402876, -86.51195513948214 39.174858945691966, -86.5124342815578 39.17351983329906, -86.51304237240075 39.17223413323441, -86.51377355576373 39.17101422749247, -86.51462078995127 39.169871864432416, -86.51557591563498 39.16881804563498, -86.51662973443241 39.16786291995127, -86.51777209749247 39.16701568576374, -86.5189920032344 39.16628450240075, -86.52027770329906 39.16567641155781, -86.52161681569197 39.16519726948214, -86.52299644402875 39.16485169057387, -86.52440330173435 39.16464300294678, -86.52582384 39.164573216376816, -86.52724437826565 39.16464300294678, -86.52865123597125 39.16485169057387, -86.53003086430803 39.16519726948214, -86.53136997670094 39.16567641155781, -86.5326556767656 39.16628450240075, -86.53387558250753 39.16701568576374, -86.53501794556759 39.16786291995127, -86.53607176436502 39.16881804563498, -86.53702689004874 39.169871864432416, -86.53787412423627 39.17101422749247, -86.53860530759925 39.17223413323441, -86.5392133984422 39.17351983329906, -86.53969254051786 39.174858945691966, -86.54003811942613 39.17623857402876, -86.54024680705322 39.177645431734355, -86.54031659362319 39.17906597, -86.54024680705322 39.18048650826565, -86.54003811942613 39.18189336597125, -86.53969254051786 39.18327299430804, -86.5392133984422 39.184612106700946, -86.53860530759925 39.185897806765595, -86.53787412423627 39.187117712507536, -86.53702689004874 39.18826007556759, -86.53607176436502 39.18931389436503, -86.53501794556759 39.19026902004874, -86.53387558250753 39.19111625423627, -86.5326556767656 39.19184743759926, -86.53136997670094 39.192455528442196, -86.53003086430803 39.192934670517865, -86.52865123597125 39.19328024942614, -86.52724437826565 39.193488937053225, -86.52582384 39.19355872362319, -86.52440330173435 39.193488937053225, -86.52299644402875 39.19328024942614, -86.52161681569197 39.192934670517865, -86.52027770329906 39.192455528442196, -86.5189920032344 39.19184743759926, -86.51777209749247 39.19111625423627, -86.51662973443241 39.19026902004874, -86.51557591563498 39.18931389436503, -86.51462078995127 39.18826007556759, -86.51377355576373 39.187117712507536, -86.51304237240075 39.185897806765595, -86.5124342815578 39.184612106700946, -86.51195513948214 39.18327299430804, -86.51160956057387 39.18189336597125, -86.51140087294678 39.18048650826565, -86.51133108637681 39.17906597))",15,6
902515922,2015-09-01,Weekday,21:00:00,Bus,No injury/unknown,LEFT OF CENTER,E UNIVERSITY & JORDAN,39.13900321,-86.51638984,"39.13900321,-86.51638984",2,Partly cloudy,1,POINT (-86.51638984 39.13900321),0.0,"POLYGON ((-86.50189708637681 39.13900321, -86.50196687294678 39.13758267173435, -86.50217556057387 39.13617581402875, -86.50252113948214 39.13479618569196, -86.5030002815578 39.133457073299056, -86.50360837240075 39.13217137323441, -86.50433955576374 39.130951467492466, -86.50518678995127 39.12980910443241, -86.50614191563498 39.12875528563497, -86.50719573443241 39.12780015995126, -86.50833809749247 39.12695292576373, -86.5095580032344 39.126221742400745, -86.51084370329906 39.125613651557806, -86.51218281569197 39.12513450948214, -86.51356244402875 39.124788930573864, -86.51496930173435 39.12458024294678, -86.51638984 39.12451045637681, -86.51781037826565 39.12458024294678, -86.51921723597125 39.124788930573864, -86.52059686430803 39.12513450948214, -86.52193597670095 39.125613651557806, -86.5232216767656 39.126221742400745, -86.52444158250754 39.12695292576373, -86.52558394556759 39.12780015995126, -86.52663776436502 39.12875528563497, -86.52759289004874 39.12980910443241, -86.52844012423627 39.130951467492466, -86.52917130759926 39.13217137323441, -86.5297793984422 39.133457073299056, -86.53025854051786 39.13479618569196, -86.53060411942613 39.13617581402875, -86.53081280705322 39.13758267173435, -86.53088259362319 39.13900321, -86.53081280705322 39.14042374826565, -86.53060411942613 39.14183060597124, -86.53025854051786 39.143210234308036, -86.5297793984422 39.14454934670094, -86.52917130759926 39.14583504676559, -86.52844012423627 39.14705495250753, -86.52759289004874 39.148197315567586, -86.52663776436502 39.149251134365024, -86.52558394556759 39.15020626004873, -86.52444158250754 39.151053494236265, -86.5232216767656 39.15178467759925, -86.52193597670095 39.15239276844219, -86.52059686430803 39.15287191051786, -86.51921723597125 39.15321748942613, -86.51781037826565 39.15342617705322, -86.51638984 39.153495963623186, -86.51496930173435 39.15342617705322, -86.51356244402875 39.15321748942613, -86.51218281569197 39.15287191051786, -86.51084370329906 39.15239276844219, -86.5095580032344 39.15178467759925, -86.50833809749247 39.151053494236265, -86.50719573443241 39.15020626004873, -86.50614191563498 39.149251134365024, -86.50518678995127 39.148197315567586, -86.50433955576374 39.14705495250753, -86.50360837240075 39.14583504676559, -86.5030002815578 39.14454934670094, -86.50252113948214 39.143210234308036, -86.50217556057387 39.14183060597124, -86.50196687294678 39.14042374826565, -86.50189708637681 39.13900321))",21,3
902389547,2015-02-05,Weekday,13:00:00,2-Car,No injury/unknown,UNSAFE BACKING,W SIERRA,39.15266671,-86.58359594,"39.15266671,-86.58359594",2,Clear,1,POINT (-86.58359594 39.15266671),0.0,"POLYGON ((-86.56910318637681 39.15266671, -86.56917297294677 39.15124617173435, -86.56938166057387 39.14983931402875, -86.56972723948213 39.14845968569196, -86.5702063815578 39.147120573299055, -86.57081447240074 39.145834873234406, -86.57154565576373 39.144614967492465, -86.57239288995126 39.14347260443241, -86.57334801563498 39.14241878563497, -86.57440183443241 39.14146365995126, -86.57554419749246 39.14061642576373, -86.5767641032344 39.139885242400744, -86.57804980329905 39.139277151557806, -86.57938891569196 39.13879800948214, -86.58076854402874 39.138452430573864, -86.58217540173435 39.13824374294678, -86.58359594 39.13817395637681, -86.58501647826564 39.13824374294678, -86.58642333597125 39.138452430573864, -86.58780296430803 39.13879800948214, -86.58914207670094 39.139277151557806, -86.5904277767656 39.139885242400744, -86.59164768250753 39.14061642576373, -86.59279004556758 39.14146365995126, -86.59384386436501 39.14241878563497, -86.59479899004873 39.14347260443241, -86.59564622423626 39.144614967492465, -86.59637740759925 39.145834873234406, -86.5969854984422 39.147120573299055, -86.59746464051786 39.14845968569196, -86.59781021942612 39.14983931402875, -86.59801890705322 39.15124617173435, -86.59808869362318 39.15266671, -86.59801890705322 39.15408724826565, -86.59781021942612 39.15549410597124, -86.59746464051786 39.156873734308036, -86.5969854984422 39.15821284670094, -86.59637740759925 39.15949854676559, -86.59564622423626 39.16071845250753, -86.59479899004873 39.161860815567586, -86.59384386436501 39.16291463436502, -86.59279004556758 39.16386976004873, -86.59164768250753 39.164716994236265, -86.5904277767656 39.16544817759925, -86.58914207670094 39.16605626844219, -86.58780296430803 39.16653541051786, -86.58642333597125 39.16688098942613, -86.58501647826564 39.16708967705322, -86.58359594 39.167159463623186, -86.58217540173435 39.16708967705322, -86.58076854402874 39.16688098942613, -86.57938891569196 39.16653541051786, -86.57804980329905 39.16605626844219, -86.5767641032344 39.16544817759925, -86.57554419749246 39.164716994236265, -86.57440183443241 39.16386976004873, -86.57334801563498 39.16291463436502, -86.57239288995126 39.161860815567586, -86.57154565576373 39.16071845250753, -86.57081447240074 39.15949854676559, -86.5702063815578 39.15821284670094, -86.56972723948213 39.156873734308036, -86.56938166057387 39.15549410597124, -86.56917297294677 39.15408724826565, -86.56910318637681 39.15266671))",13,3
902544361,2015-10-06,Weekday,00:00:00,1-Car,No injury/unknown,RAN OFF ROAD RIGHT,MT CARMEL & STINESVILLE,39.29611928,-86.65930657,"39.29611928,-86.65930657",0,Clear,1,POINT (-86.65930657 39.29611928),0.0,,0,6
902462110,2015-06-06,Weekend,19:00:00,1-Car,No injury/unknown,ANIMAL/OBJECT IN ROADWAY,DOYLE & S CURRY,39.158352,-86.582752,"39.158352,-86.582752",4,Clear,1,POINT (-86.582752 39.158352),0.0,"POLYGON ((-86.56825924637681 39.158352, -86.56832903294678 39.15693146173435, -86.56853772057387 39.155524604028756, -86.56888329948214 39.15414497569196, -86.5693624415578 39.15280586329906, -86.56997053240075 39.15152016323441, -86.57070171576373 39.15030025749247, -86.57154894995126 39.14915789443241, -86.57250407563498 39.148104075634976, -86.57355789443241 39.147148949951266, -86.57470025749247 39.146301715763734, -86.5759201632344 39.14557053240075, -86.57720586329906 39.14496244155781, -86.57854497569197 39.14448329948214, -86.57992460402875 39.144137720573866, -86.58133146173435 39.14392903294678, -86.582752 39.14385924637681, -86.58417253826565 39.14392903294678, -86.58557939597125 39.144137720573866, -86.58695902430803 39.14448329948214, -86.58829813670094 39.14496244155781, -86.5895838367656 39.14557053240075, -86.59080374250753 39.146301715763734, -86.59194610556759 39.147148949951266, -86.59299992436502 39.148104075634976, -86.59395505004873 39.14915789443241, -86.59480228423627 39.15030025749247, -86.59553346759925 39.15152016323441, -86.5961415584422 39.15280586329906, -86.59662070051786 39.15414497569196, -86.59696627942613 39.155524604028756, -86.59717496705322 39.15693146173435, -86.59724475362319 39.158352, -86.59717496705322 39.15977253826565, -86.59696627942613 39.161179395971246, -86.59662070051786 39.16255902430804, -86.5961415584422 39.163898136700944, -86.59553346759925 39.16518383676559, -86.59480228423627 39.16640374250753, -86.59395505004873 39.16754610556759, -86.59299992436502 39.168599924365026, -86.59194610556759 39.169555050048736, -86.59080374250753 39.17040228423627, -86.5895838367656 39.171133467599255, -86.58829813670094 39.17174155844219, -86.58695902430803 39.17222070051786, -86.58557939597125 39.172566279426135, -86.58417253826565 39.17277496705322, -86.582752 39.17284475362319, -86.58133146173435 39.17277496705322, -86.57992460402875 39.172566279426135, -86.57854497569197 39.17222070051786, -86.57720586329906 39.17174155844219, -86.5759201632344 39.171133467599255, -86.57470025749247 39.17040228423627, -86.57355789443241 39.169555050048736, -86.57250407563498 39.168599924365026, -86.57154894995126 39.16754610556759, -86.57070171576373 39.16640374250753, -86.56997053240075 39.16518383676559, -86.5693624415578 39.163898136700944, -86.56888329948214 39.16255902430804, -86.56853772057387 39.161179395971246, -86.56832903294678 39.15977253826565, -86.56825924637681 39.158352))",19,6
902523451,2015-09-06,Weekday,12:00:00,2-Car,No injury/unknown,FOLLOWING TOO CLOSELY,THIRD,39.164752,-86.573104,"39.164752,-86.573104",5,Cloudy,1,POINT (-86.573104 39.164752),0.0,"POLYGON ((-86.55861124637681 39.164752, -86.55868103294678 39.16333146173435, -86.55888972057387 39.161924604028755, -86.55923529948214 39.16054497569196, -86.5597144415578 39.15920586329906, -86.56032253240075 39.15792016323441, -86.56105371576373 39.15670025749247, -86.56190094995127 39.15555789443241, -86.56285607563498 39.154504075634975, -86.56390989443241 39.153548949951265, -86.56505225749247 39.15270171576373, -86.5662721632344 39.151970532400746, -86.56755786329906 39.15136244155781, -86.56889697569197 39.15088329948214, -86.57027660402875 39.150537720573865, -86.57168346173435 39.15032903294678, -86.573104 39.15025924637681, -86.57452453826565 39.15032903294678, -86.57593139597125 39.150537720573865, -86.57731102430803 39.15088329948214, -86.57865013670094 39.15136244155781, -86.5799358367656 39.151970532400746, -86.58115574250753 39.15270171576373, -86.58229810556759 39.153548949951265, -86.58335192436502 39.154504075634975, -86.58430705004874 39.15555789443241, -86.58515428423627 39.15670025749247, -86.58588546759925 39.15792016323441, -86.5864935584422 39.15920586329906, -86.58697270051786 39.16054497569196, -86.58731827942613 39.161924604028755, -86.58752696705322 39.16333146173435, -86.58759675362319 39.164752, -86.58752696705322 39.16617253826565, -86.58731827942613 39.167579395971245, -86.58697270051786 39.16895902430804, -86.5864935584422 39.17029813670094, -86.58588546759925 39.17158383676559, -86.58515428423627 39.17280374250753, -86.58430705004874 39.17394610556759, -86.58335192436502 39.174999924365025, -86.58229810556759 39.175955050048735, -86.58115574250753 39.17680228423627, -86.5799358367656 39.177533467599254, -86.57865013670094 39.17814155844219, -86.57731102430803 39.17862070051786, -86.57593139597125 39.178966279426135, -86.57452453826565 39.17917496705322, -86.573104 39.17924475362319, -86.57168346173435 39.17917496705322, -86.57027660402875 39.178966279426135, -86.56889697569197 39.17862070051786, -86.56755786329906 39.17814155844219, -86.5662721632344 39.177533467599254, -86.56505225749247 39.17680228423627, -86.56390989443241 39.175955050048735, -86.56285607563498 39.174999924365025, -86.56190094995127 39.17394610556759, -86.56105371576373 39.17280374250753, -86.56032253240075 39.17158383676559, -86.5597144415578 39.17029813670094, -86.55923529948214 39.16895902430804, -86.55888972057387 39.167579395971245, -86.55868103294678 39.16617253826565, -86.55861124637681 39.164752))",12,5
902438669,2015-05-07,Weekend,12:00:00,2-Car,No injury/unknown,UNSAFE BACKING,WEST 3RD,39.16513824,-86.5824356,"39.16513824,-86.5824356",5,Clear,1,POINT (-86.5824356 39.16513824),0.0,"POLYGON ((-86.56794284637681 39.16513824, -86.56801263294678 39.16371770173435, -86.56822132057387 39.16231084402875, -86.56856689948214 39.16093121569196, -86.5690460415578 39.159592103299055, -86.56965413240074 39.158306403234405, -86.57038531576373 39.157086497492465, -86.57123254995126 39.15594413443241, -86.57218767563498 39.15489031563497, -86.57324149443241 39.15393518995126, -86.57438385749246 39.15308795576373, -86.5756037632344 39.15235677240074, -86.57688946329905 39.151748681557805, -86.57822857569197 39.151269539482136, -86.57960820402874 39.15092396057386, -86.58101506173435 39.150715272946776, -86.5824356 39.15064548637681, -86.58385613826565 39.150715272946776, -86.58526299597125 39.15092396057386, -86.58664262430803 39.151269539482136, -86.58798173670094 39.151748681557805, -86.5892674367656 39.15235677240074, -86.59048734250753 39.15308795576373, -86.59162970556758 39.15393518995126, -86.59268352436501 39.15489031563497, -86.59363865004873 39.15594413443241, -86.59448588423626 39.157086497492465, -86.59521706759925 39.158306403234405, -86.5958251584422 39.159592103299055, -86.59630430051786 39.16093121569196, -86.59664987942612 39.16231084402875, -86.59685856705322 39.16371770173435, -86.59692835362318 39.16513824, -86.59685856705322 39.166558778265646, -86.59664987942612 39.16796563597124, -86.59630430051786 39.169345264308035, -86.5958251584422 39.17068437670094, -86.59521706759925 39.17197007676559, -86.59448588423626 39.17318998250753, -86.59363865004873 39.174332345567585, -86.59268352436501 39.17538616436502, -86.59162970556758 39.17634129004873, -86.59048734250753 39.177188524236264, -86.5892674367656 39.17791970759925, -86.58798173670094 39.17852779844219, -86.58664262430803 39.17900694051786, -86.58526299597125 39.17935251942613, -86.58385613826565 39.17956120705322, -86.5824356 39.179630993623185, -86.58101506173435 39.17956120705322, -86.57960820402874 39.17935251942613, -86.57822857569197 39.17900694051786, -86.57688946329905 39.17852779844219, -86.5756037632344 39.17791970759925, -86.57438385749246 39.177188524236264, -86.57324149443241 39.17634129004873, -86.57218767563498 39.17538616436502, -86.57123254995126 39.174332345567585, -86.57038531576373 39.17318998250753, -86.56965413240074 39.17197007676559, -86.5690460415578 39.17068437670094, -86.56856689948214 39.169345264308035, -86.56822132057387 39.16796563597124, -86.56801263294678 39.166558778265646, -86.56794284637681 39.16513824))",12,5
902388149,2015-02-05,Weekday,12:00:00,2-Car,No injury/unknown,IMPROPER PASSING,3RD & S LINCOLN,39.16464,-86.531024,"39.16464,-86.531024",43,Clear,1,POINT (-86.531024 39.16464),0.0,"POLYGON ((-86.51653124637681 39.16464, -86.51660103294678 39.16321946173435, -86.51680972057387 39.16181260402875, -86.51715529948214 39.16043297569196, -86.5176344415578 39.159093863299056, -86.51824253240075 39.15780816323441, -86.51897371576374 39.156588257492466, -86.51982094995127 39.15544589443241, -86.52077607563498 39.15439207563497, -86.52182989443241 39.153436949951264, -86.52297225749247 39.15258971576373, -86.5241921632344 39.151858532400745, -86.52547786329906 39.151250441557806, -86.52681697569197 39.15077129948214, -86.52819660402875 39.150425720573864, -86.52960346173435 39.15021703294678, -86.531024 39.15014724637681, -86.53244453826565 39.15021703294678, -86.53385139597125 39.150425720573864, -86.53523102430803 39.15077129948214, -86.53657013670094 39.151250441557806, -86.5378558367656 39.151858532400745, -86.53907574250753 39.15258971576373, -86.54021810556759 39.153436949951264, -86.54127192436502 39.15439207563497, -86.54222705004874 39.15544589443241, -86.54307428423627 39.156588257492466, -86.54380546759926 39.15780816323441, -86.5444135584422 39.159093863299056, -86.54489270051786 39.16043297569196, -86.54523827942613 39.16181260402875, -86.54544696705322 39.16321946173435, -86.54551675362319 39.16464, -86.54544696705322 39.16606053826565, -86.54523827942613 39.167467395971244, -86.54489270051786 39.168847024308036, -86.5444135584422 39.17018613670094, -86.54380546759926 39.17147183676559, -86.54307428423627 39.17269174250753, -86.54222705004874 39.173834105567586, -86.54127192436502 39.174887924365024, -86.54021810556759 39.175843050048734, -86.53907574250753 39.176690284236265, -86.5378558367656 39.17742146759925, -86.53657013670094 39.17802955844219, -86.53523102430803 39.17850870051786, -86.53385139597125 39.17885427942613, -86.53244453826565 39.17906296705322, -86.531024 39.179132753623186, -86.52960346173435 39.17906296705322, -86.52819660402875 39.17885427942613, -86.52681697569197 39.17850870051786, -86.52547786329906 39.17802955844219, -86.5241921632344 39.17742146759925, -86.52297225749247 39.176690284236265, -86.52182989443241 39.175843050048734, -86.52077607563498 39.174887924365024, -86.51982094995127 39.173834105567586, -86.51897371576374 39.17269174250753, -86.51824253240075 39.17147183676559, -86.5176344415578 39.17018613670094, -86.51715529948214 39.168847024308036, -86.51680972057387 39.167467395971244, -86.51660103294678 39.16606053826565, -86.51653124637681 39.16464))",12,3