Master Record Number,Date,Weekend?,Hour,Collision Type,Injury Type,Primary Factor,Reported_Location,Latitude,Longitude,Location,Number of Bars,Weather Condition,Severity,geometry,area_number,bar_location,Hour of Day,Visibility (mi)
902459502,2015-06-03,Weekday,08:00:00,2-Car,No injury/unknown,UNSAFE LANE MOVEMENT,10TH & SR46N,39.17189797,-86.5022422,"39.17189797,-86.5022422",5,Clear,1,POINT (-86.5022422 39.17189797),0.0,"POLYGON ((-86.48774944637681 39.17189797, -86.48781923294678 39.170477431734355, -86.48802792057387 39.16907057402876, -86.48837349948214 39.167690945691966, -86.4888526415578 39.16635183329906, -86.48946073240074 39.16506613323441, -86.49019191576373 39.16384622749247, -86.49103914995126 39.162703864432416, -86.49199427563498 39.16165004563498, -86.49304809443241 39.16069491995127, -86.49419045749246 39.15984768576374, -86.4954103632344 39.15911650240075, -86.49669606329905 39.15850841155781, -86.49803517569197 39.15802926948214, -86.49941480402875 39.15768369057387, -86.50082166173435 39.15747500294678, -86.5022422 39.157405216376816, -86.50366273826565 39.15747500294678, -86.50506959597125 39.15768369057387, -86.50644922430803 39.15802926948214, -86.50778833670094 39.15850841155781, -86.5090740367656 39.15911650240075, -86.51029394250753 39.15984768576374, -86.51143630556759 39.16069491995127, -86.51249012436502 39.16165004563498, -86.51344525004873 39.162703864432416, -86.51429248423626 39.16384622749247, -86.51502366759925 39.16506613323441, -86.5156317584422 39.16635183329906, -86.51611090051786 39.167690945691966, -86.51645647942613 39.16907057402876, -86.51666516705322 39.170477431734355, -86.51673495362319 39.17189797, -86.51666516705322 39.17331850826565, -86.51645647942613 39.17472536597125, -86.51611090051786 39.17610499430804, -86.5156317584422 39.177444106700946, -86.51502366759925 39.178729806765595, -86.51429248423626 39.179949712507536, -86.51344525004873 39.18109207556759, -86.51249012436502 39.18214589436503, -86.51143630556759 39.18310102004874, -86.51029394250753 39.18394825423627, -86.5090740367656 39.18467943759926, -86.50778833670094 39.185287528442196, -86.50644922430803 39.185766670517864, -86.50506959597125 39.18611224942614, -86.50366273826565 39.186320937053225, -86.5022422 39.18639072362319, -86.50082166173435 39.186320937053225, -86.49941480402875 39.18611224942614, -86.49803517569197 39.185766670517864, -86.49669606329905 39.185287528442196, -86.4954103632344 39.18467943759926, -86.49419045749246 39.18394825423627, -86.49304809443241 39.18310102004874, -86.49199427563498 39.18214589436503, -86.49103914995126 39.18109207556759, -86.49019191576373 39.179949712507536, -86.48946073240074 39.178729806765595, -86.4888526415578 39.177444106700946, -86.48837349948214 39.17610499430804, -86.48802792057387 39.17472536597125, -86.48781923294678 39.17331850826565, -86.48774944637681 39.17189797))",8,6
902527842,2015-09-06,Weekend,19:00:00,2-Car,No injury/unknown,FOLLOWING TOO CLOSELY,10TH & JORDAN,39.17156345,-86.51678644,"39.17156345,-86.51678644",24,Cloudy,1,POINT (-86.51678644 39.17156345),0.0,"POLYGON ((-86.50229368637682 39.17156345, -86.50236347294678 39.17014291173435, -86.50257216057388 39.168736054028756, -86.50291773948214 39.16735642569196, -86.5033968815578 39.16601731329906, -86.50400497240075 39.16473161323441, -86.50473615576374 39.16351170749247, -86.50558338995127 39.16236934443241, -86.50653851563499 39.161315525634976, -86.50759233443242 39.160360399951266, -86.50873469749247 39.159513165763734, -86.5099546032344 39.15878198240075, -86.51124030329906 39.15817389155781, -86.51257941569197 39.15769474948214, -86.51395904402875 39.157349170573866, -86.51536590173436 39.15714048294678, -86.51678644 39.15707069637681, -86.51820697826565 39.15714048294678, -86.51961383597126 39.157349170573866, -86.52099346430803 39.15769474948214, -86.52233257670095 39.15817389155781, -86.5236182767656 39.15878198240075, -86.52483818250754 39.159513165763734, -86.52598054556759 39.160360399951266, -86.52703436436502 39.161315525634976, -86.52798949004874 39.16236934443241, -86.52883672423627 39.16351170749247, -86.52956790759926 39.16473161323441, -86.5301759984422 39.16601731329906, -86.53065514051787 39.16735642569196, -86.53100071942613 39.168736054028756, -86.53120940705323 39.17014291173435, -86.53127919362319 39.17156345, -86.53120940705323 39.17298398826565, -86.53100071942613 39.174390845971246, -86.53065514051787 39.17577047430804, -86.5301759984422 39.177109586700944, -86.52956790759926 39.17839528676559, -86.52883672423627 39.17961519250753, -86.52798949004874 39.18075755556759, -86.52703436436502 39.181811374365026, -86.52598054556759 39.182766500048736, -86.52483818250754 39.18361373423627, -86.5236182767656 39.184344917599255, -86.52233257670095 39.18495300844219, -86.52099346430803 39.18543215051786, -86.51961383597126 39.185777729426135, -86.51820697826565 39.18598641705322, -86.51678644 39.18605620362319, -86.51536590173436 39.18598641705322, -86.51395904402875 39.185777729426135, -86.51257941569197 39.18543215051786, -86.51124030329906 39.18495300844219, -86.5099546032344 39.184344917599255, -86.50873469749247 39.18361373423627, -86.50759233443242 39.182766500048736, -86.50653851563499 39.181811374365026, -86.50558338995127 39.18075755556759, -86.50473615576374 39.17961519250753, -86.50400497240075 39.17839528676559, -86.5033968815578 39.177109586700944, -86.50291773948214 39.17577047430804, -86.50257216057388 39.174390845971246, -86.50236347294678 39.17298398826565, -86.50229368637682 39.17156345))",19,5
902513974,2015-09-04,Weekday,22:00:00,2-Car,No injury/unknown,FOLLOWING TOO CLOSELY,3RD & JORDAN,39.16424,-86.5164,"39.16424,-86.5164",19,Clear,1,POINT (-86.5164 39.16424),0.0,"POLYGON ((-86.50190724637682 39.16424, -86.50197703294678 39.16281946173435, -86.50218572057388 39.161412604028754, -86.50253129948214 39.16003297569196, -86.5030104415578 39.15869386329906, -86.50361853240075 39.15740816323441, -86.50434971576374 39.15618825749247, -86.50519694995127 39.15504589443241, -86.50615207563499 39.153992075634974, -86.50720589443242 39.153036949951264, -86.50834825749247 39.15218971576373, -86.5095681632344 39.151458532400746, -86.51085386329906 39.15085044155781, -86.51219297569197 39.15037129948214, -86.51357260402875 39.150025720573865, -86.51497946173436 39.14981703294678, -86.5164 39.14974724637681, -86.51782053826565 39.14981703294678, -86.51922739597126 39.150025720573865, -86.52060702430803 39.15037129948214, -86.52194613670095 39.15085044155781, -86.5232318367656 39.151458532400746, -86.52445174250754 39.15218971576373, -86.52559410556759 39.153036949951264, -86.52664792436502 39.153992075634974, -86.52760305004874 39.15504589443241, -86.52845028423627 39.15618825749247, -86.52918146759926 39.15740816323441, -86.5297895584422 39.15869386329906, -86.53026870051787 39.16003297569196, -86.53061427942613 39.161412604028754, -86.53082296705323 39.16281946173435, -86.53089275362319 39.16424, -86.53082296705323 39.16566053826565, -86.53061427942613 39.167067395971245, -86.53026870051787 39.16844702430804, -86.5297895584422 39.16978613670094, -86.52918146759926 39.17107183676559, -86.52845028423627 39.17229174250753, -86.52760305004874 39.17343410556759, -86.52664792436502 39.174487924365025, -86.52559410556759 39.175443050048735, -86.52445174250754 39.176290284236266, -86.5232318367656 39.17702146759925, -86.52194613670095 39.17762955844219, -86.52060702430803 39.17810870051786, -86.51922739597126 39.178454279426134, -86.51782053826565 39.17866296705322, -86.5164 39.17873275362319, -86.51497946173436 39.17866296705322, -86.51357260402875 39.178454279426134, -86.51219297569197 39.17810870051786, -86.51085386329906 39.17762955844219, -86.5095681632344 39.17702146759925, -86.50834825749247 39.176290284236266, -86.50720589443242 39.175443050048735, -86.50615207563499 39.174487924365025, -86.50519694995127 39.17343410556759, -86.50434971576374 39.17229174250753, -86.50361853240075 39.17107183676559, -86.5030104415578 39.16978613670094, -86.50253129948214 39.16844702430804, -86.50218572057388 39.167067395971245, -86.50197703294678 39.16566053826565, -86.50190724637682 39.16424))",22,6
902541198,2015-10-01,Weekend,12:00:00,2-Car,No injury/unknown,IMPROPER TURNING,15TH & NORTH WALNUT,39.176848,-86.533424,"39.176848,-86.533424",39,Clear,1,POINT (-86.533424 39.176848),0.0,"POLYGON ((-86.51893124637681 39.176848, -86.51900103294678 39.17542746173435, -86.51920972057387 39.174020604028755, -86.51955529948214 39.17264097569196, -86.5200344415578 39.17130186329906, -86.52064253240074 39.17001616323441, -86.52137371576373 39.16879625749247, -86.52222094995126 39.16765389443241, -86.52317607563498 39.166600075634975, -86.52422989443241 39.165644949951265, -86.52537225749246 39.16479771576373, -86.5265921632344 39.164066532400746, -86.52787786329905 39.16345844155781, -86.52921697569197 39.16297929948214, -86.53059660402874 39.162633720573865, -86.53200346173435 39.16242503294678, -86.533424 39.16235524637681, -86.53484453826565 39.16242503294678, -86.53625139597125 39.162633720573865, -86.53763102430803 39.16297929948214, -86.53897013670094 39.16345844155781, -86.5402558367656 39.164066532400746, -86.54147574250753 39.16479771576373, -86.54261810556758 39.165644949951265, -86.54367192436501 39.166600075634975, -86.54462705004873 39.16765389443241, -86.54547428423626 39.16879625749247, -86.54620546759925 39.17001616323441, -86.5468135584422 39.17130186329906, -86.54729270051786 39.17264097569196, -86.54763827942612 39.174020604028755, -86.54784696705322 39.17542746173435, -86.54791675362318 39.176848, -86.54784696705322 39.17826853826565, -86.54763827942612 39.179675395971245, -86.54729270051786 39.18105502430804, -86.5468135584422 39.18239413670094, -86.54620546759925 39.18367983676559, -86.54547428423626 39.18489974250753, -86.54462705004873 39.18604210556759, -86.54367192436501 39.187095924365025, -86.54261810556758 39.188051050048735, -86.54147574250753 39.18889828423627, -86.5402558367656 39.189629467599254, -86.53897013670094 39.19023755844219, -86.53763102430803 39.19071670051786, -86.53625139597125 39.191062279426134, -86.53484453826565 39.19127096705322, -86.533424 39.19134075362319, -86.53200346173435 39.19127096705322, -86.53059660402874 39.191062279426134, -86.52921697569197 39.19071670051786, -86.52787786329905 39.19023755844219, -86.5265921632344 39.189629467599254, -86.52537225749246 39.18889828423627, -86.52422989443241 39.188051050048735, -86.52317607563498 39.187095924365025, -86.52222094995126 39.18604210556759, -86.52137371576373 39.18489974250753, -86.52064253240074 39.18367983676559, -86.5200344415578 39.18239413670094, -86.51955529948214 39.18105502430804, -86.51920972057387 39.179675395971245, -86.51900103294678 39.17826853826565, -86.51893124637681 39.176848))",12,6
902487135,2015-07-02,Weekday,21:00:00,1-Car,No injury/unknown,ANIMAL/OBJECT IN ROADWAY,S ROCKPORT & W MAY,39.093344,-86.5868,"39.093344,-86.5868",0,Moderate rain at times,1,POINT (-86.5868 39.093344),0.0,,21,5
902434489,2015-04-07,Weekend,00:00:00,2-Car,No injury/unknown,FAILURE TO YIELD RIGHT OF WAY,10TH & WOODLAWN,39.171632,-86.523536,"39.171632,-86.523536",40,Patchy rain possible,1,POINT (-86.523536 39.171632),0.0,"POLYGON ((-86.5090432463768 39.171632, -86.50911303294677 39.170211461734354, -86.50932172057387 39.16880460402876, -86.50966729948213 39.167424975691965, -86.5101464415578 39.16608586329906, -86.51075453240074 39.16480016323441, -86.51148571576373 39.16358025749247, -86.51233294995126 39.162437894432415, -86.51328807563497 39.16138407563498, -86.5143418944324 39.16042894995127, -86.51548425749246 39.159581715763736, -86.5167041632344 39.15885053240075, -86.51798986329905 39.15824244155781, -86.51932897569196 39.15776329948214, -86.52070860402874 39.15741772057387, -86.52211546173434 39.15720903294678, -86.523536 39.157139246376815, -86.52495653826564 39.15720903294678, -86.52636339597125 39.15741772057387, -86.52774302430802 39.15776329948214, -86.52908213670094 39.15824244155781, -86.53036783676559 39.15885053240075, -86.53158774250753 39.159581715763736, -86.53273010556758 39.16042894995127, -86.53378392436501 39.16138407563498, -86.53473905004873 39.162437894432415, -86.53558628423626 39.16358025749247, -86.53631746759925 39.16480016323441, -86.53692555844219 39.16608586329906, -86.53740470051785 39.167424975691965, -86.53775027942612 39.16880460402876, -86.53795896705321 39.170211461734354, -86.53802875362318 39.171632, -86.53795896705321 39.17305253826565, -86.53775027942612 39.17445939597125, -86.53740470051785 39.17583902430804, -86.53692555844219 39.177178136700945, -86.53631746759925 39.178463836765594, -86.53558628423626 39.179683742507535, -86.53473905004873 39.18082610556759, -86.53378392436501 39.18187992436503, -86.53273010556758 39.18283505004874, -86.53158774250753 39.18368228423627, -86.53036783676559 39.184413467599256, -86.52908213670094 39.185021558442195, -86.52774302430802 39.18550070051786, -86.52636339597125 39.18584627942614, -86.52495653826564 39.186054967053224, -86.523536 39.18612475362319, -86.52211546173434 39.186054967053224, -86.52070860402874 39.18584627942614, -86.51932897569196 39.18550070051786, -86.51798986329905 39.185021558442195, -86.5167041632344 39.184413467599256, -86.51548425749246 39.18368228423627, -86.5143418944324 39.18283505004874, -86.51328807563497 39.18187992436503, -86.51233294995126 39.18082610556759, -86.51148571576373 39.179683742507535, -86.51075453240074 39.178463836765594, -86.5101464415578 39.177178136700945, -86.50966729948213 39.17583902430804, -86.50932172057387 39.17445939597125, -86.50911303294677 39.17305253826565, -86.5090432463768 39.171632))",0,6
902493910,2015-08-02,Weekday,13:00:00,2-Car,No injury/unknown,IMPROPER LANE USAGE,S COLLEGE & W 4TH,39.16558988,-86.53488971,"39.16558988,-86.53488971",42,Clear,1,POINT (-86.53488971 39.16558988),0.0,"POLYGON ((-86.52039695637681 39.16558988, -86.52046674294678 39.16416934173435, -86.52067543057387 39.162762484028754, -86.52102100948214 39.16138285569196, -86.5215001515578 39.160043743299056, -86.52210824240075 39.15875804323441, -86.52283942576373 39.157538137492466, -86.52368665995127 39.15639577443241, -86.52464178563498 39.155341955634974, -86.52569560443241 39.154386829951264, -86.52683796749247 39.15353959576373, -86.5280578732344 39.152808412400745, -86.52934357329906 39.15220032155781, -86.53068268569197 39.15172117948214, -86.53206231402875 39.151375600573864, -86.53346917173435 39.15116691294678, -86.53488971 39.15109712637681, -86.53631024826565 39.15116691294678, -86.53771710597125 39.151375600573864, -86.53909673430803 39.15172117948214, -86.54043584670094 39.15220032155781, -86.5417215467656 39.152808412400745, -86.54294145250753 39.15353959576373, -86.54408381556759 39.154386829951264, -86.54513763436502 39.155341955634974, -86.54609276004874 39.15639577443241, -86.54693999423627 39.157538137492466, -86.54767117759926 39.15875804323441, -86.5482792684422 39.160043743299056, -86.54875841051786 39.16138285569196, -86.54910398942613 39.162762484028754, -86.54931267705322 39.16416934173435, -86.54938246362319 39.16558988, -86.54931267705322 39.16701041826565, -86.54910398942613 39.168417275971244, -86.54875841051786 39.169796904308036, -86.5482792684422 39.17113601670094, -86.54767117759926 39.17242171676559, -86.54693999423627 39.17364162250753, -86.54609276004874 39.174783985567586, -86.54513763436502 39.175837804365024, -86.54408381556759 39.176792930048734, -86.54294145250753 39.177640164236266, -86.5417215467656 39.17837134759925, -86.54043584670094 39.17897943844219, -86.53909673430803 39.17945858051786, -86.53771710597125 39.17980415942613, -86.53631024826565 39.18001284705322, -86.53488971 39.180082633623186, -86.53346917173435 39.18001284705322, -86.53206231402875 39.17980415942613, -86.53068268569197 39.17945858051786, -86.52934357329906 39.17897943844219, -86.5280578732344 39.17837134759925, -86.52683796749247 39.177640164236266, -86.52569560443241 39.176792930048734, -86.52464178563498 39.175837804365024, -86.52368665995127 39.174783985567586, -86.52283942576373 39.17364162250753, -86.52210824240075 39.17242171676559, -86.5215001515578 39.17113601670094, -86.52102100948214 39.169796904308036, -86.52067543057387 39.168417275971244, -86.52046674294678 39.16701041826565, -86.52039695637681 39.16558988))",13,6
902587037,2015-12-01,Weekend,11:00:00,2-Car,No injury/unknown,FAILURE TO YIELD RIGHT OF WAY,E 5TH & S JEFFERSON,39.166848,-86.506992,"39.166848,-86.506992",6,Overcast,1,POINT (-86.506992 39.166848),0.0,"POLYGON ((-86.49249924637681 39.166848, -86.49256903294678 39.16542746173435, -86.49277772057387 39.16402060402876, -86.49312329948214 39.162640975691964, -86.4936024415578 39.16130186329906, -86.49421053240074 39.16001616323441, -86.49494171576373 39.15879625749247, -86.49578894995126 39.157653894432414, -86.49674407563498 39.15660007563498, -86.49779789443241 39.15564494995127, -86.49894025749246 39.154797715763735, -86.5001601632344 39.15406653240075, -86.50144586329905 39.15345844155781, -86.50278497569197 39.15297929948214, -86.50416460402874 39.15263372057387, -86.50557146173435 39.15242503294678, -86.506992 39.152355246376814, -86.50841253826565 39.15242503294678, -86.50981939597125 39.15263372057387, -86.51119902430803 39.15297929948214, -86.51253813670094 39.15345844155781, -86.5138238367656 39.15406653240075, -86.51504374250753 39.154797715763735, -86.51618610556758 39.15564494995127, -86.51723992436501 39.15660007563498, -86.51819505004873 39.157653894432414, -86.51904228423626 39.15879625749247, -86.51977346759925 39.16001616323441, -86.5203815584422 39.16130186329906, -86.52086070051786 39.162640975691964, -86.52120627942612 39.16402060402876, -86.52141496705322 39.16542746173435, -86.52148475362318 39.166848, -86.52141496705322 39.16826853826565, -86.52120627942612 39.16967539597125, -86.52086070051786 39.17105502430804, -86.5203815584422 39.172394136700945, -86.51977346759925 39.173679836765594, -86.51904228423626 39.174899742507534, -86.51819505004873 39.17604210556759, -86.51723992436501 39.17709592436503, -86.51618610556758 39.17805105004874, -86.51504374250753 39.17889828423627, -86.5138238367656 39.179629467599256, -86.51253813670094 39.180237558442194, -86.51119902430803 39.18071670051786, -86.50981939597125 39.181062279426136, -86.50841253826565 39.18127096705322, -86.506992 39.18134075362319, -86.50557146173435 39.18127096705322, -86.50416460402874 39.181062279426136, -86.50278497569197 39.18071670051786, -86.50144586329905 39.180237558442194, -86.5001601632344 39.179629467599256, -86.49894025749246 39.17889828423627, -86.49779789443241 39.17805105004874, -86.49674407563498 39.17709592436503, -86.49578894995126 39.17604210556759, -86.49494171576373 39.174899742507534, -86.49421053240074 39.173679836765594, -86.4936024415578 39.172394136700945, -86.49312329948214 39.17105502430804, -86.49277772057387 39.16967539597125, -86.49256903294678 39.16826853826565, -86.49249924637681 39.166848))",11,6
902521647,2015-09-03,Weekday,19:00:00,2-Car,Incapacitating,FAILURE TO YIELD RIGHT OF WAY,COLLEGE & E 3RD,39.16464,-86.534816,"39.16464,-86.534816",42,Clear,2,POINT (-86.534816 39.16464),0.0,"POLYGON ((-86.52032324637682 39.16464, -86.52039303294679 39.16321946173435, -86.52060172057388 39.16181260402875, -86.52094729948215 39.16043297569196, -86.52142644155781 39.159093863299056, -86.52203453240075 39.15780816323441, -86.52276571576374 39.156588257492466, -86.52361294995127 39.15544589443241, -86.52456807563499 39.15439207563497, -86.52562189443242 39.153436949951264, -86.52676425749247 39.15258971576373, -86.52798416323441 39.151858532400745, -86.52926986329906 39.151250441557806, -86.53060897569198 39.15077129948214, -86.53198860402875 39.150425720573864, -86.53339546173436 39.15021703294678, -86.534816 39.15014724637681, -86.53623653826565 39.15021703294678, -86.53764339597126 39.150425720573864, -86.53902302430804 39.15077129948214, -86.54036213670095 39.151250441557806, -86.5416478367656 39.151858532400745, -86.54286774250754 39.15258971576373, -86.5440101055676 39.153436949951264, -86.54506392436502 39.15439207563497, -86.54601905004874 39.15544589443241, -86.54686628423627 39.156588257492466, -86.54759746759926 39.15780816323441, -86.5482055584422 39.159093863299056, -86.54868470051787 39.16043297569196, -86.54903027942613 39.16181260402875, -86.54923896705323 39.16321946173435, -86.5493087536232 39.16464, -86.54923896705323 39.16606053826565, -86.54903027942613 39.167467395971244, -86.54868470051787 39.168847024308036, -86.5482055584422 39.17018613670094, -86.54759746759926 39.17147183676559, -86.54686628423627 39.17269174250753, -86.54601905004874 39.173834105567586, -86.54506392436502 39.174887924365024, -86.5440101055676 39.175843050048734, -86.54286774250754 39.176690284236265, -86.5416478367656 39.17742146759925, -86.54036213670095 39.17802955844219, -86.53902302430804 39.17850870051786, -86.53764339597126 39.17885427942613, -86.53623653826565 39.17906296705322, -86.534816 39.179132753623186, -86.53339546173436 39.17906296705322, -86.53198860402875 39.17885427942613, -86.53060897569198 39.17850870051786, -86.52926986329906 39.17802955844219, -86.52798416323441 39.17742146759925, -86.52676425749247 39.176690284236265, -86.52562189443242 39.175843050048734, -86.52456807563499 39.174887924365024, -86.52361294995127 39.173834105567586, -86.52276571576374 39.17269174250753, -86.52203453240075 39.17147183676559, -86.52142644155781 39.17018613670094, -86.52094729948215 39.168847024308036, -86.52060172057388 39.167467395971244, -86.52039303294679 39.16606053826565, -86.52032324637682 39.16464))",19,6
902449804,2015-05-06,Weekday,13:00:00,2-Car,Non-incapacitating,FAILURE TO YIELD RIGHT OF WAY,2ND & WALKER,39.16142978,-86.54614023,"39.16142978,-86.54614023",36,Clear,2,POINT (-86.54614023 39.16142978),0.0,"POLYGON ((-86.53164747637682 39.16142978, -86.53171726294678 39.16000924173435, -86.53192595057388 39.158602384028754, -86.53227152948214 39.15722275569196, -86.5327506715578 39.155883643299056, -86.53335876240075 39.15459794323441, -86.53408994576374 39.153378037492466, -86.53493717995127 39.15223567443241, -86.53589230563499 39.151181855634974, -86.53694612443242 39.150226729951264, -86.53808848749247 39.14937949576373, -86.5393083932344 39.148648312400745, -86.54059409329906 39.14804022155781, -86.54193320569198 39.14756107948214, -86.54331283402875 39.147215500573864, -86.54471969173436 39.14700681294678, -86.54614023 39.14693702637681, -86.54756076826565 39.14700681294678, -86.54896762597126 39.147215500573864, -86.55034725430804 39.14756107948214, -86.55168636670095 39.14804022155781, -86.5529720667656 39.148648312400745, -86.55419197250754 39.14937949576373, -86.5553343355676 39.150226729951264, -86.55638815436502 39.151181855634974, -86.55734328004874 39.15223567443241, -86.55819051423627 39.153378037492466, -86.55892169759926 39.15459794323441, -86.5595297884422 39.155883643299056, -86.56000893051787 39.15722275569196, -86.56035450942613 39.158602384028754, -86.56056319705323 39.16000924173435, -86.5606329836232 39.16142978, -86.56056319705323 39.16285031826565, -86.56035450942613 39.164257175971244, -86.56000893051787 39.165636804308036, -86.5595297884422 39.16697591670094, -86.55892169759926 39.16826161676559, -86.55819051423627 39.16948152250753, -86.55734328004874 39.170623885567586, -86.55638815436502 39.171677704365024, -86.5553343355676 39.172632830048734, -86.55419197250754 39.173480064236266, -86.5529720667656 39.17421124759925, -86.55168636670095 39.17481933844219, -86.55034725430804 39.17529848051786, -86.54896762597126 39.17564405942613, -86.54756076826565 39.17585274705322, -86.54614023 39.175922533623186, -86.54471969173436 39.17585274705322, -86.54331283402875 39.17564405942613, -86.54193320569198 39.17529848051786, -86.54059409329906 39.17481933844219, -86.5393083932344 39.17421124759925, -86.53808848749247 39.173480064236266, -86.53694612443242 39.172632830048734, -86.53589230563499 39.171677704365024, -86.53493717995127 39.170623885567586, -86.53408994576374 39.16948152250753, -86.53335876240075 39.16826161676559, -86.5327506715578 39.16697591670094, -86.53227152948214 39.165636804308036, -86.53192595057388 39.164257175971244, -86.53171726294678 39.16285031826565, -86.53164747637682 39.16142978))",13,6
902408599,2015-03-05,Weekday,20:00:00,2-Car,No injury/unknown,FOLLOWING TOO CLOSELY,10TH & JORDAN,39.171552,-86.515728,"39.171552,-86.515728",14,Overcast,1,POINT (-86.515728 39.171552),0.0,"POLYGON ((-86.50123524637681 39.171552, -86.50130503294677 39.17013146173435, -86.50151372057387 39.16872460402875, -86.50185929948213 39.16734497569196, -86.5023384415578 39.166005863299056, -86.50294653240074 39.164720163234406, -86.50367771576373 39.163500257492466, -86.50452494995126 39.16235789443241, -86.50548007563498 39.16130407563497, -86.50653389443241 39.16034894995126, -86.50767625749246 39.15950171576373, -86.5088961632344 39.158770532400744, -86.51018186329905 39.158162441557806, -86.51152097569197 39.15768329948214, -86.51290060402874 39.157337720573864, -86.51430746173435 39.15712903294678, -86.515728 39.15705924637681, -86.51714853826564 39.15712903294678, -86.51855539597125 39.157337720573864, -86.51993502430803 39.15768329948214, -86.52127413670094 39.158162441557806, -86.5225598367656 39.158770532400744, -86.52377974250753 39.15950171576373, -86.52492210556758 39.16034894995126, -86.52597592436501 39.16130407563497, -86.52693105004873 39.16235789443241, -86.52777828423626 39.163500257492466, -86.52850946759925 39.164720163234406, -86.5291175584422 39.166005863299056, -86.52959670051786 39.16734497569196, -86.52994227942612 39.16872460402875, -86.53015096705322 39.17013146173435, -86.53022075362318 39.171552, -86.53015096705322 39.17297253826565, -86.52994227942612 39.17437939597124, -86.52959670051786 39.175759024308036, -86.5291175584422 39.17709813670094, -86.52850946759925 39.17838383676559, -86.52777828423626 39.17960374250753, -86.52693105004873 39.180746105567586, -86.52597592436501 39.18179992436502, -86.52492210556758 39.18275505004873, -86.52377974250753 39.183602284236265, -86.5225598367656 39.18433346759925, -86.52127413670094 39.18494155844219, -86.51993502430803 39.18542070051786, -86.51855539597125 39.18576627942613, -86.51714853826564 39.18597496705322, -86.515728 39.186044753623186, -86.51430746173435 39.18597496705322, -86.51290060402874 39.18576627942613, -86.51152097569197 39.18542070051786, -86.51018186329905 39.18494155844219, -86.5088961632344 39.18433346759925, -86.50767625749246 39.183602284236265, -86.50653389443241 39.18275505004873, -86.50548007563498 39.18179992436502, -86.50452494995126 39.180746105567586, -86.50367771576373 39.17960374250753, -86.50294653240074 39.17838383676559, -86.5023384415578 39.17709813670094, -86.50185929948213 39.175759024308036, -86.50151372057387 39.17437939597124, -86.50130503294677 39.17297253826565, -86.50123524637681 39.171552))",20,1
902379946,2015-01-07,Weekend,10:00:00,1-Car,No injury/unknown,RAN OFF ROAD RIGHT,BRUMMETTS & SR45E,39.22039032,-86.41105651,"39.22039032,-86.41105651",0,Overcast,1,POINT (-86.41105651 39.22039032),0.0,,10,6