Master Record Number,Date,Weekend?,Hour,Collision Type,Injury Type,Primary Factor,Reported_Location,Latitude,Longitude,Location,Number of Bars,Weather Condition,Severity,geometry,area_number,bar_location,Hour of Day,Visibility (mi)
902507348,2015-08-05,Weekday,17:00:00,2-Car,No injury/unknown,FOLLOWING TOO CLOSELY,VERMILYA & WALNUT,39.148928,-86.53312,"39.148928,-86.53312",4,Clear,1,POINT (-86.53312 39.148928),0.0,"POLYGON ((-86.51862724637681 39.148928, -86.51869703294678 39.14750746173435, -86.51890572057387 39.14610060402875, -86.51925129948214 39.14472097569196, -86.5197304415578 39.143381863299055, -86.52033853240074 39.142096163234406, -86.52106971576373 39.140876257492465, -86.52191694995126 39.13973389443241, -86.52287207563498 39.13868007563497, -86.52392589443241 39.13772494995126, -86.52506825749246 39.13687771576373, -86.5262881632344 39.136146532400744, -86.52757386329905 39.135538441557806, -86.52891297569197 39.13505929948214, -86.53029260402874 39.13471372057386, -86.53169946173435 39.13450503294678, -86.53312 39.13443524637681, -86.53454053826565 39.13450503294678, -86.53594739597125 39.13471372057386, -86.53732702430803 39.13505929948214, -86.53866613670094 39.135538441557806, -86.5399518367656 39.136146532400744, -86.54117174250753 39.13687771576373, -86.54231410556758 39.13772494995126, -86.54336792436501 39.13868007563497, -86.54432305004873 39.13973389443241, -86.54517028423626 39.140876257492465, -86.54590146759925 39.142096163234406, -86.5465095584422 39.143381863299055, -86.54698870051786 39.14472097569196, -86.54733427942612 39.14610060402875, -86.54754296705322 39.14750746173435, -86.54761275362318 39.148928, -86.54754296705322 39.150348538265646, -86.54733427942612 39.15175539597124, -86.54698870051786 39.153135024308035, -86.5465095584422 39.15447413670094, -86.54590146759925 39.15575983676559, -86.54517028423626 39.15697974250753, -86.54432305004873 39.158122105567585, -86.54336792436501 39.15917592436502, -86.54231410556758 39.16013105004873, -86.54117174250753 39.160978284236265, -86.5399518367656 39.16170946759925, -86.53866613670094 39.16231755844219, -86.53732702430803 39.16279670051786, -86.53594739597125 39.16314227942613, -86.53454053826565 39.16335096705322, -86.53312 39.163420753623186, -86.53169946173435 39.16335096705322, -86.53029260402874 39.16314227942613, -86.52891297569197 39.16279670051786, -86.52757386329905 39.16231755844219, -86.5262881632344 39.16170946759925, -86.52506825749246 39.160978284236265, -86.52392589443241 39.16013105004873, -86.52287207563498 39.15917592436502, -86.52191694995126 39.158122105567585, -86.52106971576373 39.15697974250753, -86.52033853240074 39.15575983676559, -86.5197304415578 39.15447413670094, -86.51925129948214 39.153135024308035, -86.51890572057387 39.15175539597124, -86.51869703294678 39.150348538265646, -86.51862724637681 39.148928))",17,5
902379517,2015-01-06,Weekday,17:00:00,2-Car,No injury/unknown,OTHER (DRIVER) - EXPLAIN IN NARRATIVE,W 2ND,39.16153611,-86.53976784,"39.16153611,-86.53976784",43,Light freezing rain,1,POINT (-86.53976784 39.16153611),0.0,"POLYGON ((-86.52527508637681 39.16153611, -86.52534487294677 39.16011557173435, -86.52555356057387 39.158708714028755, -86.52589913948214 39.15732908569196, -86.5263782815578 39.15598997329906, -86.52698637240074 39.15470427323441, -86.52771755576373 39.15348436749247, -86.52856478995126 39.15234200443241, -86.52951991563498 39.151288185634975, -86.53057373443241 39.150333059951265, -86.53171609749246 39.14948582576373, -86.5329360032344 39.148754642400746, -86.53422170329905 39.14814655155781, -86.53556081569197 39.14766740948214, -86.53694044402874 39.147321830573865, -86.53834730173435 39.14711314294678, -86.53976784 39.14704335637681, -86.54118837826564 39.14711314294678, -86.54259523597125 39.147321830573865, -86.54397486430803 39.14766740948214, -86.54531397670094 39.14814655155781, -86.5465996767656 39.148754642400746, -86.54781958250753 39.14948582576373, -86.54896194556758 39.150333059951265, -86.55001576436501 39.151288185634975, -86.55097089004873 39.15234200443241, -86.55181812423626 39.15348436749247, -86.55254930759925 39.15470427323441, -86.5531573984422 39.15598997329906, -86.55363654051786 39.15732908569196, -86.55398211942612 39.158708714028755, -86.55419080705322 39.16011557173435, -86.55426059362318 39.16153611, -86.55419080705322 39.16295664826565, -86.55398211942612 39.164363505971245, -86.55363654051786 39.16574313430804, -86.5531573984422 39.16708224670094, -86.55254930759925 39.16836794676559, -86.55181812423626 39.16958785250753, -86.55097089004873 39.17073021556759, -86.55001576436501 39.171784034365025, -86.54896194556758 39.172739160048735, -86.54781958250753 39.17358639423627, -86.5465996767656 39.174317577599254, -86.54531397670094 39.17492566844219, -86.54397486430803 39.17540481051786, -86.54259523597125 39.175750389426135, -86.54118837826564 39.17595907705322, -86.53976784 39.17602886362319, -86.53834730173435 39.17595907705322, -86.53694044402874 39.175750389426135, -86.53556081569197 39.17540481051786, -86.53422170329905 39.17492566844219, -86.5329360032344 39.174317577599254, -86.53171609749246 39.17358639423627, -86.53057373443241 39.172739160048735, -86.52951991563498 39.171784034365025, -86.52856478995126 39.17073021556759, -86.52771755576373 39.16958785250753, -86.52698637240074 39.16836794676559, -86.5263782815578 39.16708224670094, -86.52589913948214 39.16574313430804, -86.52555356057387 39.164363505971245, -86.52534487294677 39.16295664826565, -86.52527508637681 39.16153611))",17,6
902425572,2015-04-03,Weekday,13:00:00,1-Car,No injury/unknown,SPEED TOO FAST FOR WEATHER CONDITIONS,PINE GROVE & SR446,39.11605361,-86.42871846,"39.11605361,-86.42871846",1,Heavy rain at times,1,POINT (-86.42871846 39.11605361),0.0,"POLYGON ((-86.41422570637681 39.11605361, -86.41429549294678 39.11463307173435, -86.41450418057387 39.11322621402876, -86.41484975948214 39.111846585691964, -86.4153289015578 39.11050747329906, -86.41593699240074 39.10922177323441, -86.41666817576373 39.10800186749247, -86.41751540995126 39.106859504432414, -86.41847053563498 39.10580568563498, -86.41952435443241 39.10485055995127, -86.42066671749247 39.104003325763735, -86.4218866232344 39.10327214240075, -86.42317232329906 39.10266405155781, -86.42451143569197 39.10218490948214, -86.42589106402875 39.10183933057387, -86.42729792173435 39.10163064294678, -86.42871846 39.101560856376814, -86.43013899826565 39.10163064294678, -86.43154585597125 39.10183933057387, -86.43292548430803 39.10218490948214, -86.43426459670094 39.10266405155781, -86.4355502967656 39.10327214240075, -86.43677020250753 39.104003325763735, -86.43791256556759 39.10485055995127, -86.43896638436502 39.10580568563498, -86.43992151004873 39.106859504432414, -86.44076874423627 39.10800186749247, -86.44149992759925 39.10922177323441, -86.4421080184422 39.11050747329906, -86.44258716051786 39.111846585691964, -86.44293273942613 39.11322621402876, -86.44314142705322 39.11463307173435, -86.44321121362319 39.11605361, -86.44314142705322 39.11747414826565, -86.44293273942613 39.11888100597125, -86.44258716051786 39.12026063430804, -86.4421080184422 39.121599746700944, -86.44149992759925 39.12288544676559, -86.44076874423627 39.124105352507534, -86.43992151004873 39.12524771556759, -86.43896638436502 39.12630153436503, -86.43791256556759 39.12725666004874, -86.43677020250753 39.12810389423627, -86.4355502967656 39.128835077599255, -86.43426459670094 39.129443168442194, -86.43292548430803 39.12992231051786, -86.43154585597125 39.130267889426136, -86.43013899826565 39.13047657705322, -86.42871846 39.13054636362319, -86.42729792173435 39.13047657705322, -86.42589106402875 39.130267889426136, -86.42451143569197 39.12992231051786, -86.42317232329906 39.129443168442194, -86.4218866232344 39.128835077599255, -86.42066671749247 39.12810389423627, -86.41952435443241 39.12725666004874, -86.41847053563498 39.12630153436503, -86.41751540995126 39.12524771556759, -86.41666817576373 39.124105352507534, -86.41593699240074 39.12288544676559, -86.4153289015578 39.121599746700944, -86.41484975948214 39.12026063430804, -86.41450418057387 39.11888100597125, -86.41429549294678 39.11747414826565, -86.41422570637681 39.11605361))",13,4
902527014,2015-09-03,Weekday,18:00:00,2-Car,No injury/unknown,UNSAFE BACKING,W FLATWOODS,39.25258733,-86.677083,"39.25258733,-86.677083",0,Clear,1,POINT (-86.677083 39.25258733),0.0,,18,6
902487616,2015-07-05,Weekday,14:00:00,2-Car,No injury/unknown,FOLLOWING TOO CLOSELY,CURRY & DOYLE,39.158352,-86.582752,"39.158352,-86.582752",4,Partly cloudy,1,POINT (-86.582752 39.158352),0.0,"POLYGON ((-86.56825924637681 39.158352, -86.56832903294678 39.15693146173435, -86.56853772057387 39.155524604028756, -86.56888329948214 39.15414497569196, -86.5693624415578 39.15280586329906, -86.56997053240075 39.15152016323441, -86.57070171576373 39.15030025749247, -86.57154894995126 39.14915789443241, -86.57250407563498 39.148104075634976, -86.57355789443241 39.147148949951266, -86.57470025749247 39.146301715763734, -86.5759201632344 39.14557053240075, -86.57720586329906 39.14496244155781, -86.57854497569197 39.14448329948214, -86.57992460402875 39.144137720573866, -86.58133146173435 39.14392903294678, -86.582752 39.14385924637681, -86.58417253826565 39.14392903294678, -86.58557939597125 39.144137720573866, -86.58695902430803 39.14448329948214, -86.58829813670094 39.14496244155781, -86.5895838367656 39.14557053240075, -86.59080374250753 39.146301715763734, -86.59194610556759 39.147148949951266, -86.59299992436502 39.148104075634976, -86.59395505004873 39.14915789443241, -86.59480228423627 39.15030025749247, -86.59553346759925 39.15152016323441, -86.5961415584422 39.15280586329906, -86.59662070051786 39.15414497569196, -86.59696627942613 39.155524604028756, -86.59717496705322 39.15693146173435, -86.59724475362319 39.158352, -86.59717496705322 39.15977253826565, -86.59696627942613 39.161179395971246, -86.59662070051786 39.16255902430804, -86.5961415584422 39.163898136700944, -86.59553346759925 39.16518383676559, -86.59480228423627 39.16640374250753, -86.59395505004873 39.16754610556759, -86.59299992436502 39.168599924365026, -86.59194610556759 39.169555050048736, -86.59080374250753 39.17040228423627, -86.5895838367656 39.171133467599255, -86.58829813670094 39.17174155844219, -86.58695902430803 39.17222070051786, -86.58557939597125 39.172566279426135, -86.58417253826565 39.17277496705322, -86.582752 39.17284475362319, -86.58133146173435 39.17277496705322, -86.57992460402875 39.172566279426135, -86.57854497569197 39.17222070051786, -86.57720586329906 39.17174155844219, -86.5759201632344 39.171133467599255, -86.57470025749247 39.17040228423627, -86.57355789443241 39.169555050048736, -86.57250407563498 39.168599924365026, -86.57154894995126 39.16754610556759, -86.57070171576373 39.16640374250753, -86.56997053240075 39.16518383676559, -86.5693624415578 39.163898136700944, -86.56888329948214 39.16255902430804, -86.56853772057387 39.161179395971246, -86.56832903294678 39.15977253826565, -86.56825924637681 39.158352))",14,6
902383838,2015-01-06,Weekday,15:00:00,3+ Cars,Non-incapacitating,FOLLOWING TOO CLOSELY,E EASTGATE & SR46S,39.17007363,-86.50130881,"39.17007363,-86.50130881",5,Light freezing rain,2,POINT (-86.50130881 39.17007363),0.0,"POLYGON ((-86.48681605637681 39.17007363, -86.48688584294678 39.16865309173435, -86.48709453057387 39.16724623402875, -86.48744010948214 39.16586660569196, -86.4879192515578 39.164527493299055, -86.48852734240074 39.163241793234405, -86.48925852576373 39.162021887492465, -86.49010575995126 39.16087952443241, -86.49106088563498 39.15982570563497, -86.49211470443241 39.15887057995126, -86.49325706749246 39.15802334576373, -86.4944769732344 39.15729216240074, -86.49576267329905 39.156684071557805, -86.49710178569197 39.156204929482136, -86.49848141402875 39.15585935057386, -86.49988827173435 39.155650662946776, -86.50130881 39.15558087637681, -86.50272934826565 39.155650662946776, -86.50413620597125 39.15585935057386, -86.50551583430803 39.156204929482136, -86.50685494670094 39.156684071557805, -86.5081406467656 39.15729216240074, -86.50936055250753 39.15802334576373, -86.51050291556759 39.15887057995126, -86.51155673436502 39.15982570563497, -86.51251186004873 39.16087952443241, -86.51335909423626 39.162021887492465, -86.51409027759925 39.163241793234405, -86.5146983684422 39.164527493299055, -86.51517751051786 39.16586660569196, -86.51552308942613 39.16724623402875, -86.51573177705322 39.16865309173435, -86.51580156362319 39.17007363, -86.51573177705322 39.171494168265646, -86.51552308942613 39.17290102597124, -86.51517751051786 39.174280654308035, -86.5146983684422 39.17561976670094, -86.51409027759925 39.17690546676559, -86.51335909423626 39.17812537250753, -86.51251186004873 39.179267735567585, -86.51155673436502 39.18032155436502, -86.51050291556759 39.18127668004873, -86.50936055250753 39.182123914236264, -86.5081406467656 39.18285509759925, -86.50685494670094 39.18346318844219, -86.50551583430803 39.18394233051786, -86.50413620597125 39.18428790942613, -86.50272934826565 39.18449659705322, -86.50130881 39.184566383623185, -86.49988827173435 39.18449659705322, -86.49848141402875 39.18428790942613, -86.49710178569197 39.18394233051786, -86.49576267329905 39.18346318844219, -86.4944769732344 39.18285509759925, -86.49325706749246 39.182123914236264, -86.49211470443241 39.18127668004873, -86.49106088563498 39.18032155436502, -86.49010575995126 39.179267735567585, -86.48925852576373 39.17812537250753, -86.48852734240074 39.17690546676559, -86.4879192515578 39.17561976670094, -86.48744010948214 39.174280654308035, -86.48709453057387 39.17290102597124, -86.48688584294678 39.171494168265646, -86.48681605637681 39.17007363))",15,6
902421968,2015-03-03,Weekday,20:00:00,2-Car,No injury/unknown,FOLLOWING TOO CLOSELY,S OLD STATE ROAD 37 & SR37S,39.085632,-86.542304,"39.085632,-86.542304",0,Cloudy,1,POINT (-86.542304 39.085632),0.0,,20,6
902421321,2015-03-02,Weekday,14:00:00,2-Car,No injury/unknown,FAILURE TO YIELD RIGHT OF WAY,2ND & SR46W,39.232064,-86.622176,"39.232064,-86.622176",1,Partly cloudy,1,POINT (-86.622176 39.232064),0.0,"POLYGON ((-86.60768324637681 39.232064, -86.60775303294677 39.23064346173435, -86.60796172057387 39.229236604028756, -86.60830729948214 39.227856975691964, -86.6087864415578 39.22651786329906, -86.60939453240074 39.22523216323441, -86.61012571576373 39.22401225749247, -86.61097294995126 39.222869894432414, -86.61192807563498 39.221816075634976, -86.61298189443241 39.220860949951266, -86.61412425749246 39.220013715763734, -86.6153441632344 39.21928253240075, -86.61662986329905 39.21867444155781, -86.61796897569197 39.21819529948214, -86.61934860402874 39.21784972057387, -86.62075546173435 39.21764103294678, -86.622176 39.217571246376814, -86.62359653826564 39.21764103294678, -86.62500339597125 39.21784972057387, -86.62638302430803 39.21819529948214, -86.62772213670094 39.21867444155781, -86.6290078367656 39.21928253240075, -86.63022774250753 39.220013715763734, -86.63137010556758 39.220860949951266, -86.63242392436501 39.221816075634976, -86.63337905004873 39.222869894432414, -86.63422628423626 39.22401225749247, -86.63495746759925 39.22523216323441, -86.6355655584422 39.22651786329906, -86.63604470051786 39.227856975691964, -86.63639027942612 39.229236604028756, -86.63659896705322 39.23064346173435, -86.63666875362318 39.232064, -86.63659896705322 39.23348453826565, -86.63639027942612 39.234891395971246, -86.63604470051786 39.23627102430804, -86.6355655584422 39.237610136700944, -86.63495746759925 39.23889583676559, -86.63422628423626 39.240115742507534, -86.63337905004873 39.24125810556759, -86.63242392436501 39.242311924365026, -86.63137010556758 39.243267050048736, -86.63022774250753 39.24411428423627, -86.6290078367656 39.244845467599255, -86.62772213670094 39.24545355844219, -86.62638302430803 39.24593270051786, -86.62500339597125 39.246278279426136, -86.62359653826564 39.24648696705322, -86.622176 39.24655675362319, -86.62075546173435 39.24648696705322, -86.61934860402874 39.246278279426136, -86.61796897569197 39.24593270051786, -86.61662986329905 39.24545355844219, -86.6153441632344 39.244845467599255, -86.61412425749246 39.24411428423627, -86.61298189443241 39.243267050048736, -86.61192807563498 39.242311924365026, -86.61097294995126 39.24125810556759, -86.61012571576373 39.240115742507534, -86.60939453240074 39.23889583676559, -86.6087864415578 39.237610136700944, -86.60830729948214 39.23627102430804, -86.60796172057387 39.234891395971246, -86.60775303294677 39.23348453826565, -86.60768324637681 39.232064))",14,6
902468175,2015-06-03,Weekday,07:00:00,1-Car,No injury/unknown,OTHER (DRIVER) - EXPLAIN IN NARRATIVE,N MORTON,39.16786971,-86.536,"39.16786971,-86.536",42,Clear,1,POINT (-86.536 39.16786971),0.0,"POLYGON ((-86.52150724637681 39.16786971, -86.52157703294678 39.16644917173435, -86.52178572057387 39.16504231402875, -86.52213129948214 39.16366268569196, -86.5226104415578 39.162323573299055, -86.52321853240075 39.161037873234406, -86.52394971576373 39.159817967492465, -86.52479694995127 39.15867560443241, -86.52575207563498 39.15762178563497, -86.52680589443241 39.15666665995126, -86.52794825749247 39.15581942576373, -86.5291681632344 39.155088242400744, -86.53045386329906 39.154480151557806, -86.53179297569197 39.15400100948214, -86.53317260402875 39.15365543057386, -86.53457946173435 39.15344674294678, -86.536 39.15337695637681, -86.53742053826565 39.15344674294678, -86.53882739597125 39.15365543057386, -86.54020702430803 39.15400100948214, -86.54154613670094 39.154480151557806, -86.5428318367656 39.155088242400744, -86.54405174250753 39.15581942576373, -86.54519410556759 39.15666665995126, -86.54624792436502 39.15762178563497, -86.54720305004874 39.15867560443241, -86.54805028423627 39.159817967492465, -86.54878146759926 39.161037873234406, -86.5493895584422 39.162323573299055, -86.54986870051786 39.16366268569196, -86.55021427942613 39.16504231402875, -86.55042296705322 39.16644917173435, -86.55049275362319 39.16786971, -86.55042296705322 39.169290248265646, -86.55021427942613 39.17069710597124, -86.54986870051786 39.172076734308035, -86.5493895584422 39.17341584670094, -86.54878146759926 39.17470154676559, -86.54805028423627 39.17592145250753, -86.54720305004874 39.177063815567585, -86.54624792436502 39.17811763436502, -86.54519410556759 39.17907276004873, -86.54405174250753 39.179919994236265, -86.5428318367656 39.18065117759925, -86.54154613670094 39.18125926844219, -86.54020702430803 39.18173841051786, -86.53882739597125 39.18208398942613, -86.53742053826565 39.18229267705322, -86.536 39.182362463623186, -86.53457946173435 39.18229267705322, -86.53317260402875 39.18208398942613, -86.53179297569197 39.18173841051786, -86.53045386329906 39.18125926844219, -86.5291681632344 39.18065117759925, -86.52794825749247 39.179919994236265, -86.52680589443241 39.17907276004873, -86.52575207563498 39.17811763436502, -86.52479694995127 39.177063815567585, -86.52394971576373 39.17592145250753, -86.52321853240075 39.17470154676559, -86.5226104415578 39.17341584670094, -86.52213129948214 39.172076734308035, -86.52178572057387 39.17069710597124, -86.52157703294678 39.169290248265646, -86.52150724637681 39.16786971))",7,6
902568510,2015-11-07,Weekend,16:00:00,2-Car,No injury/unknown,FAILURE TO YIELD RIGHT OF WAY,S CURRY & SR45W,39.142048,-86.582592,"39.142048,-86.582592",1,Cloudy,1,POINT (-86.582592 39.142048),0.0,"POLYGON ((-86.56809924637682 39.142048, -86.56816903294678 39.140627461734354, -86.56837772057388 39.13922060402876, -86.56872329948214 39.137840975691965, -86.5692024415578 39.13650186329906, -86.56981053240075 39.13521616323441, -86.57054171576374 39.13399625749247, -86.57138894995127 39.132853894432415, -86.57234407563499 39.13180007563498, -86.57339789443242 39.13084494995127, -86.57454025749247 39.129997715763736, -86.5757601632344 39.12926653240075, -86.57704586329906 39.12865844155781, -86.57838497569198 39.12817929948214, -86.57976460402875 39.12783372057387, -86.58117146173436 39.12762503294678, -86.582592 39.127555246376815, -86.58401253826565 39.12762503294678, -86.58541939597126 39.12783372057387, -86.58679902430804 39.12817929948214, -86.58813813670095 39.12865844155781, -86.5894238367656 39.12926653240075, -86.59064374250754 39.129997715763736, -86.59178610556759 39.13084494995127, -86.59283992436502 39.13180007563498, -86.59379505004874 39.132853894432415, -86.59464228423627 39.13399625749247, -86.59537346759926 39.13521616323441, -86.5959815584422 39.13650186329906, -86.59646070051787 39.137840975691965, -86.59680627942613 39.13922060402876, -86.59701496705323 39.140627461734354, -86.5970847536232 39.142048, -86.59701496705323 39.14346853826565, -86.59680627942613 39.14487539597125, -86.59646070051787 39.14625502430804, -86.5959815584422 39.147594136700945, -86.59537346759926 39.148879836765595, -86.59464228423627 39.150099742507535, -86.59379505004874 39.15124210556759, -86.59283992436502 39.15229592436503, -86.59178610556759 39.15325105004874, -86.59064374250754 39.15409828423627, -86.5894238367656 39.15482946759926, -86.58813813670095 39.155437558442195, -86.58679902430804 39.155916700517864, -86.58541939597126 39.15626227942614, -86.58401253826565 39.156470967053224, -86.582592 39.15654075362319, -86.58117146173436 39.156470967053224, -86.57976460402875 39.15626227942614, -86.57838497569198 39.155916700517864, -86.57704586329906 39.155437558442195, -86.5757601632344 39.15482946759926, -86.57454025749247 39.15409828423627, -86.57339789443242 39.15325105004874, -86.57234407563499 39.15229592436503, -86.57138894995127 39.15124210556759, -86.57054171576374 39.150099742507535, -86.56981053240075 39.148879836765595, -86.5692024415578 39.147594136700945, -86.56872329948214 39.14625502430804, -86.56837772057388 39.14487539597125, -86.56816903294678 39.14346853826565, -86.56809924637682 39.142048))",16,6
902390972,2015-02-02,Weekday,11:00:00,2-Car,No injury/unknown,,N RANGE,39.17975117,-86.49529366,"39.17975117,-86.49529366",1,Overcast,1,POINT (-86.49529366 39.17975117),0.0,"POLYGON ((-86.48080090637681 39.17975117, -86.48087069294678 39.178330631734354, -86.48107938057387 39.17692377402876, -86.48142495948214 39.175544145691966, -86.4819041015578 39.17420503329906, -86.48251219240075 39.17291933323441, -86.48324337576373 39.17169942749247, -86.48409060995127 39.170557064432415, -86.48504573563498 39.16950324563498, -86.48609955443241 39.16854811995127, -86.48724191749247 39.167700885763736, -86.4884618232344 39.16696970240075, -86.48974752329906 39.16636161155781, -86.49108663569197 39.16588246948214, -86.49246626402875 39.16553689057387, -86.49387312173435 39.16532820294678, -86.49529366 39.165258416376815, -86.49671419826565 39.16532820294678, -86.49812105597125 39.16553689057387, -86.49950068430803 39.16588246948214, -86.50083979670094 39.16636161155781, -86.5021254967656 39.16696970240075, -86.50334540250753 39.167700885763736, -86.50448776556759 39.16854811995127, -86.50554158436502 39.16950324563498, -86.50649671004874 39.170557064432415, -86.50734394423627 39.17169942749247, -86.50807512759926 39.17291933323441, -86.5086832184422 39.17420503329906, -86.50916236051786 39.175544145691966, -86.50950793942613 39.17692377402876, -86.50971662705322 39.178330631734354, -86.50978641362319 39.17975117, -86.50971662705322 39.18117170826565, -86.50950793942613 39.18257856597125, -86.50916236051786 39.18395819430804, -86.5086832184422 39.185297306700946, -86.50807512759926 39.186583006765595, -86.50734394423627 39.187802912507536, -86.50649671004874 39.18894527556759, -86.50554158436502 39.18999909436503, -86.50448776556759 39.19095422004874, -86.50334540250753 39.19180145423627, -86.5021254967656 39.19253263759926, -86.50083979670094 39.193140728442195, -86.49950068430803 39.193619870517864, -86.49812105597125 39.19396544942614, -86.49671419826565 39.194174137053224, -86.49529366 39.19424392362319, -86.49387312173435 39.194174137053224, -86.49246626402875 39.19396544942614, -86.49108663569197 39.193619870517864, -86.48974752329906 39.193140728442195, -86.4884618232344 39.19253263759926, -86.48724191749247 39.19180145423627, -86.48609955443241 39.19095422004874, -86.48504573563498 39.18999909436503, -86.48409060995127 39.18894527556759, -86.48324337576373 39.187802912507536, -86.48251219240075 39.186583006765595, -86.4819041015578 39.185297306700946, -86.48142495948214 39.18395819430804, -86.48107938057387 39.18257856597125, -86.48087069294678 39.18117170826565, -86.48080090637681 39.17975117))",11,6
902527147,2015-09-05,Weekday,19:00:00,3+ Cars,No injury/unknown,FOLLOWING TOO CLOSELY,EAST 10TH & NORTH WALNUT,39.171744,-86.53352,"39.171744,-86.53352",39,Clear,1,POINT (-86.53352 39.171744),0.0,"POLYGON ((-86.51902724637681 39.171744, -86.51909703294677 39.17032346173435, -86.51930572057387 39.16891660402875, -86.51965129948213 39.16753697569196, -86.5201304415578 39.166197863299054, -86.52073853240074 39.164912163234405, -86.52146971576373 39.163692257492464, -86.52231694995126 39.16254989443241, -86.52327207563498 39.16149607563497, -86.52432589443241 39.16054094995126, -86.52546825749246 39.15969371576373, -86.5266881632344 39.15896253240074, -86.52797386329905 39.158354441557805, -86.52931297569197 39.157875299482136, -86.53069260402874 39.15752972057386, -86.53209946173435 39.157321032946776, -86.53352 39.15725124637681, -86.53494053826564 39.157321032946776, -86.53634739597125 39.15752972057386, -86.53772702430803 39.157875299482136, -86.53906613670094 39.158354441557805, -86.5403518367656 39.15896253240074, -86.54157174250753 39.15969371576373, -86.54271410556758 39.16054094995126, -86.54376792436501 39.16149607563497, -86.54472305004873 39.16254989443241, -86.54557028423626 39.163692257492464, -86.54630146759925 39.164912163234405, -86.5469095584422 39.166197863299054, -86.54738870051786 39.16753697569196, -86.54773427942612 39.16891660402875, -86.54794296705322 39.17032346173435, -86.54801275362318 39.171744, -86.54794296705322 39.173164538265645, -86.54773427942612 39.17457139597124, -86.54738870051786 39.175951024308034, -86.5469095584422 39.17729013670094, -86.54630146759925 39.17857583676559, -86.54557028423626 39.17979574250753, -86.54472305004873 39.180938105567584, -86.54376792436501 39.18199192436502, -86.54271410556758 39.18294705004873, -86.54157174250753 39.183794284236264, -86.5403518367656 39.18452546759925, -86.53906613670094 39.18513355844219, -86.53772702430803 39.18561270051786, -86.53634739597125 39.18595827942613, -86.53494053826564 39.18616696705322, -86.53352 39.186236753623184, -86.53209946173435 39.18616696705322, -86.53069260402874 39.18595827942613, -86.52931297569197 39.18561270051786, -86.52797386329905 39.18513355844219, -86.5266881632344 39.18452546759925, -86.52546825749246 39.183794284236264, -86.52432589443241 39.18294705004873, -86.52327207563498 39.18199192436502, -86.52231694995126 39.180938105567584, -86.52146971576373 39.17979574250753, -86.52073853240074 39.17857583676559, -86.5201304415578 39.17729013670094, -86.51965129948213 39.175951024308034, -86.51930572057387 39.17457139597124, -86.51909703294677 39.173164538265645, -86.51902724637681 39.171744))",19,5
902455887,2015-06-03,Weekday,22:00:00,Moped/Motorcycle,Fatal,RAN OFF ROAD RIGHT,SR37S & STATE ROAD 45,39.25213398,-86.57504272,"39.25213398,-86.57504272",0,Clear,3,POINT (-86.57504272 39.25213398),0.0,,22,6
902496278,2015-08-06,Weekday,15:00:00,2-Car,No injury/unknown,UNSAFE BACKING,W BLOOMFIELD,39.15998862,-86.55307876,"39.15998862,-86.55307876",11,Moderate rain at times,1,POINT (-86.55307876 39.15998862),0.0,"POLYGON ((-86.53858600637682 39.15998862, -86.53865579294678 39.15856808173435, -86.53886448057388 39.157161224028755, -86.53921005948214 39.15578159569196, -86.5396892015578 39.15444248329906, -86.54029729240075 39.15315678323441, -86.54102847576374 39.15193687749247, -86.54187570995127 39.15079451443241, -86.54283083563499 39.149740695634975, -86.54388465443242 39.148785569951265, -86.54502701749247 39.14793833576373, -86.5462469232344 39.147207152400746, -86.54753262329906 39.14659906155781, -86.54887173569198 39.14611991948214, -86.55025136402875 39.145774340573865, -86.55165822173436 39.14556565294678, -86.55307876 39.14549586637681, -86.55449929826565 39.14556565294678, -86.55590615597126 39.145774340573865, -86.55728578430804 39.14611991948214, -86.55862489670095 39.14659906155781, -86.5599105967656 39.147207152400746, -86.56113050250754 39.14793833576373, -86.56227286556759 39.148785569951265, -86.56332668436502 39.149740695634975, -86.56428181004874 39.15079451443241, -86.56512904423627 39.15193687749247, -86.56586022759926 39.15315678323441, -86.5664683184422 39.15444248329906, -86.56694746051787 39.15578159569196, -86.56729303942613 39.157161224028755, -86.56750172705323 39.15856808173435, -86.5675715136232 39.15998862, -86.56750172705323 39.16140915826565, -86.56729303942613 39.162816015971245, -86.56694746051787 39.16419564430804, -86.5664683184422 39.16553475670094, -86.56586022759926 39.16682045676559, -86.56512904423627 39.16804036250753, -86.56428181004874 39.16918272556759, -86.56332668436502 39.170236544365025, -86.56227286556759 39.171191670048735, -86.56113050250754 39.17203890423627, -86.5599105967656 39.172770087599254, -86.55862489670095 39.17337817844219, -86.55728578430804 39.17385732051786, -86.55590615597126 39.174202899426135, -86.55449929826565 39.17441158705322, -86.55307876 39.17448137362319, -86.55165822173436 39.17441158705322, -86.55025136402875 39.174202899426135, -86.54887173569198 39.17385732051786, -86.54753262329906 39.17337817844219, -86.5462469232344 39.172770087599254, -86.54502701749247 39.17203890423627, -86.54388465443242 39.171191670048735, -86.54283083563499 39.170236544365025, -86.54187570995127 39.16918272556759, -86.54102847576374 39.16804036250753, -86.54029729240075 39.16682045676559, -86.5396892015578 39.16553475670094, -86.53921005948214 39.16419564430804, -86.53886448057388 39.162816015971245, -86.53865579294678 39.16140915826565, -86.53858600637682 39.15998862))",15,5
902518355,2015-08-02,Weekday,16:00:00,2-Car,No injury/unknown,FAILURE TO YIELD RIGHT OF WAY,E RHORER & S WALNUT STREET,39.12144,-86.526496,"39.12144,-86.526496",0,Clear,1,POINT (-86.526496 39.12144),0.0,,16,6