Master Record Number,Date,Weekend?,Hour,Collision Type,Injury Type,Primary Factor,Reported_Location,Latitude,Longitude,Location,Number of Bars,Weather Condition,Severity,geometry,area_number,bar_location,Hour of Day,Visibility (mi)
902388588,2015-02-04,Weekday,10:00:00,2-Car,No injury/unknown,OTHER (DRIVER) - EXPLAIN IN NARRATIVE,SOUTH WALNUT,39.14213562,-86.52915191,"39.14213562,-86.52915191",2,Clear,1,POINT (-86.52915191 39.14213562),0.0,"POLYGON ((-86.51465915637681 39.14213562, -86.51472894294677 39.14071508173435, -86.51493763057387 39.13930822402875, -86.51528320948213 39.13792859569196, -86.5157623515578 39.136589483299055, -86.51637044240074 39.135303783234406, -86.51710162576373 39.134083877492465, -86.51794885995126 39.13294151443241, -86.51890398563498 39.13188769563497, -86.51995780443241 39.13093256995126, -86.52110016749246 39.13008533576373, -86.5223200732344 39.129354152400744, -86.52360577329905 39.128746061557806, -86.52494488569197 39.12826691948214, -86.52632451402874 39.12792134057386, -86.52773137173435 39.12771265294678, -86.52915191 39.12764286637681, -86.53057244826564 39.12771265294678, -86.53197930597125 39.12792134057386, -86.53335893430803 39.12826691948214, -86.53469804670094 39.128746061557806, -86.5359837467656 39.129354152400744, -86.53720365250753 39.13008533576373, -86.53834601556758 39.13093256995126, -86.53939983436501 39.13188769563497, -86.54035496004873 39.13294151443241, -86.54120219423626 39.134083877492465, -86.54193337759925 39.135303783234406, -86.5425414684422 39.136589483299055, -86.54302061051786 39.13792859569196, -86.54336618942612 39.13930822402875, -86.54357487705322 39.14071508173435, -86.54364466362318 39.14213562, -86.54357487705322 39.143556158265646, -86.54336618942612 39.14496301597124, -86.54302061051786 39.146342644308035, -86.5425414684422 39.14768175670094, -86.54193337759925 39.14896745676559, -86.54120219423626 39.15018736250753, -86.54035496004873 39.151329725567585, -86.53939983436501 39.15238354436502, -86.53834601556758 39.15333867004873, -86.53720365250753 39.154185904236265, -86.5359837467656 39.15491708759925, -86.53469804670094 39.15552517844219, -86.53335893430803 39.15600432051786, -86.53197930597125 39.15634989942613, -86.53057244826564 39.15655858705322, -86.52915191 39.156628373623185, -86.52773137173435 39.15655858705322, -86.52632451402874 39.15634989942613, -86.52494488569197 39.15600432051786, -86.52360577329905 39.15552517844219, -86.5223200732344 39.15491708759925, -86.52110016749246 39.154185904236265, -86.51995780443241 39.15333867004873, -86.51890398563498 39.15238354436502, -86.51794885995126 39.151329725567585, -86.51710162576373 39.15018736250753, -86.51637044240074 39.14896745676559, -86.5157623515578 39.14768175670094, -86.51528320948213 39.146342644308035, -86.51493763057387 39.14496301597124, -86.51472894294677 39.143556158265646, -86.51465915637681 39.14213562))",10,6
902398607,2015-02-06,Weekday,08:00:00,2-Car,No injury/unknown,UNSAFE BACKING,SOUTH COPPER BEACH,39.15565833,-86.57005816,"39.15565833,-86.57005816",5,Clear,1,POINT (-86.57005816 39.15565833),0.0,"POLYGON ((-86.55556540637681 39.15565833, -86.55563519294678 39.15423779173435, -86.55584388057387 39.152830934028756, -86.55618945948214 39.151451305691964, -86.5566686015578 39.15011219329906, -86.55727669240075 39.14882649323441, -86.55800787576374 39.14760658749247, -86.55885510995127 39.146464224432414, -86.55981023563498 39.145410405634976, -86.56086405443241 39.144455279951266, -86.56200641749247 39.143608045763735, -86.5632263232344 39.14287686240075, -86.56451202329906 39.14226877155781, -86.56585113569197 39.14178962948214, -86.56723076402875 39.14144405057387, -86.56863762173435 39.14123536294678, -86.57005816 39.141165576376814, -86.57147869826565 39.14123536294678, -86.57288555597125 39.14144405057387, -86.57426518430803 39.14178962948214, -86.57560429670094 39.14226877155781, -86.5768899967656 39.14287686240075, -86.57810990250753 39.143608045763735, -86.57925226556759 39.144455279951266, -86.58030608436502 39.145410405634976, -86.58126121004874 39.146464224432414, -86.58210844423627 39.14760658749247, -86.58283962759926 39.14882649323441, -86.5834477184422 39.15011219329906, -86.58392686051786 39.151451305691964, -86.58427243942613 39.152830934028756, -86.58448112705322 39.15423779173435, -86.58455091362319 39.15565833, -86.58448112705322 39.15707886826565, -86.58427243942613 39.158485725971246, -86.58392686051786 39.15986535430804, -86.5834477184422 39.161204466700944, -86.58283962759926 39.16249016676559, -86.58210844423627 39.163710072507534, -86.58126121004874 39.16485243556759, -86.58030608436502 39.16590625436503, -86.57925226556759 39.166861380048736, -86.57810990250753 39.16770861423627, -86.5768899967656 39.168439797599255, -86.57560429670094 39.16904788844219, -86.57426518430803 39.16952703051786, -86.57288555597125 39.169872609426136, -86.57147869826565 39.17008129705322, -86.57005816 39.17015108362319, -86.56863762173435 39.17008129705322, -86.56723076402875 39.169872609426136, -86.56585113569197 39.16952703051786, -86.56451202329906 39.16904788844219, -86.5632263232344 39.168439797599255, -86.56200641749247 39.16770861423627, -86.56086405443241 39.166861380048736, -86.55981023563498 39.16590625436503, -86.55885510995127 39.16485243556759, -86.55800787576374 39.163710072507534, -86.55727669240075 39.16249016676559, -86.5566686015578 39.161204466700944, -86.55618945948214 39.15986535430804, -86.55584388057387 39.158485725971246, -86.55563519294678 39.15707886826565, -86.55556540637681 39.15565833))",8,6
902385987,2015-02-03,Weekday,09:00:00,2-Car,No injury/unknown,FOLLOWING TOO CLOSELY,KIMBLE & W 3RD,39.16464,-86.568,"39.16464,-86.568",5,Clear,1,POINT (-86.568 39.16464),0.0,"POLYGON ((-86.55350724637681 39.16464, -86.55357703294678 39.16321946173435, -86.55378572057387 39.16181260402875, -86.55413129948214 39.16043297569196, -86.5546104415578 39.159093863299056, -86.55521853240074 39.15780816323441, -86.55594971576373 39.156588257492466, -86.55679694995126 39.15544589443241, -86.55775207563498 39.15439207563497, -86.55880589443241 39.153436949951264, -86.55994825749247 39.15258971576373, -86.5611681632344 39.151858532400745, -86.56245386329906 39.151250441557806, -86.56379297569197 39.15077129948214, -86.56517260402875 39.150425720573864, -86.56657946173435 39.15021703294678, -86.568 39.15014724637681, -86.56942053826565 39.15021703294678, -86.57082739597125 39.150425720573864, -86.57220702430803 39.15077129948214, -86.57354613670094 39.151250441557806, -86.5748318367656 39.151858532400745, -86.57605174250753 39.15258971576373, -86.57719410556759 39.153436949951264, -86.57824792436502 39.15439207563497, -86.57920305004873 39.15544589443241, -86.58005028423626 39.156588257492466, -86.58078146759925 39.15780816323441, -86.5813895584422 39.159093863299056, -86.58186870051786 39.16043297569196, -86.58221427942613 39.16181260402875, -86.58242296705322 39.16321946173435, -86.58249275362319 39.16464, -86.58242296705322 39.16606053826565, -86.58221427942613 39.167467395971244, -86.58186870051786 39.168847024308036, -86.5813895584422 39.17018613670094, -86.58078146759925 39.17147183676559, -86.58005028423626 39.17269174250753, -86.57920305004873 39.173834105567586, -86.57824792436502 39.174887924365024, -86.57719410556759 39.175843050048734, -86.57605174250753 39.176690284236265, -86.5748318367656 39.17742146759925, -86.57354613670094 39.17802955844219, -86.57220702430803 39.17850870051786, -86.57082739597125 39.17885427942613, -86.56942053826565 39.17906296705322, -86.568 39.179132753623186, -86.56657946173435 39.17906296705322, -86.56517260402875 39.17885427942613, -86.56379297569197 39.17850870051786, -86.56245386329906 39.17802955844219, -86.5611681632344 39.17742146759925, -86.55994825749247 39.176690284236265, -86.55880589443241 39.175843050048734, -86.55775207563498 39.174887924365024, -86.55679694995126 39.173834105567586, -86.55594971576373 39.17269174250753, -86.55521853240074 39.17147183676559, -86.5546104415578 39.17018613670094, -86.55413129948214 39.168847024308036, -86.55378572057387 39.167467395971244, -86.55357703294678 39.16606053826565, -86.55350724637681 39.16464))",9,6
902465642,2015-06-06,Weekday,00:00:00,2-Car,Incapacitating,WRONG WAY ON ONE WAY,17TH & SR46E,39.18226243,-86.51045827,"39.18226243,-86.51045827",1,Clear,2,POINT (-86.51045827 39.18226243),0.0,"POLYGON ((-86.49596551637681 39.18226243, -86.49603530294678 39.18084189173435, -86.49624399057387 39.17943503402876, -86.49658956948214 39.178055405691964, -86.4970687115578 39.17671629329906, -86.49767680240075 39.17543059323441, -86.49840798576373 39.17421068749247, -86.49925521995127 39.173068324432414, -86.50021034563498 39.172014505634976, -86.50126416443241 39.17105937995127, -86.50240652749247 39.170212145763735, -86.5036264332344 39.16948096240075, -86.50491213329906 39.16887287155781, -86.50625124569197 39.16839372948214, -86.50763087402875 39.16804815057387, -86.50903773173435 39.16783946294678, -86.51045827 39.167769676376814, -86.51187880826565 39.16783946294678, -86.51328566597125 39.16804815057387, -86.51466529430803 39.16839372948214, -86.51600440670094 39.16887287155781, -86.5172901067656 39.16948096240075, -86.51851001250753 39.170212145763735, -86.51965237556759 39.17105937995127, -86.52070619436502 39.172014505634976, -86.52166132004874 39.173068324432414, -86.52250855423627 39.17421068749247, -86.52323973759925 39.17543059323441, -86.5238478284422 39.17671629329906, -86.52432697051786 39.178055405691964, -86.52467254942613 39.17943503402876, -86.52488123705322 39.18084189173435, -86.52495102362319 39.18226243, -86.52488123705322 39.18368296826565, -86.52467254942613 39.18508982597125, -86.52432697051786 39.18646945430804, -86.5238478284422 39.187808566700944, -86.52323973759925 39.18909426676559, -86.52250855423627 39.190314172507534, -86.52166132004874 39.19145653556759, -86.52070619436502 39.19251035436503, -86.51965237556759 39.19346548004874, -86.51851001250753 39.19431271423627, -86.5172901067656 39.195043897599255, -86.51600440670094 39.195651988442194, -86.51466529430803 39.19613113051786, -86.51328566597125 39.196476709426136, -86.51187880826565 39.19668539705322, -86.51045827 39.19675518362319, -86.50903773173435 39.19668539705322, -86.50763087402875 39.196476709426136, -86.50625124569197 39.19613113051786, -86.50491213329906 39.195651988442194, -86.5036264332344 39.195043897599255, -86.50240652749247 39.19431271423627, -86.50126416443241 39.19346548004874, -86.50021034563498 39.19251035436503, -86.49925521995127 39.19145653556759, -86.49840798576373 39.190314172507534, -86.49767680240075 39.18909426676559, -86.4970687115578 39.187808566700944, -86.49658956948214 39.18646945430804, -86.49624399057387 39.18508982597125, -86.49603530294678 39.18368296826565, -86.49596551637681 39.18226243))",0,6
902388259,2015-02-04,Weekday,21:00:00,1-Car,No injury/unknown,SPEED TOO FAST FOR WEATHER CONDITIONS,EAST ROGERS & SOUTH SMITH,39.13584,-86.480496,"39.13584,-86.480496",0,Clear,1,POINT (-86.480496 39.13584),0.0,,21,6
902393906,2015-02-05,Weekday,15:00:00,2-Car,No injury/unknown,DRIVER DISTRACTED - EXPLAIN IN NARRATIVE,SR37N & VERNAL,39.17617467,-86.56292242,"39.17617467,-86.56292242",3,Clear,1,POINT (-86.56292242 39.17617467),0.0,"POLYGON ((-86.54842966637682 39.17617467, -86.54849945294679 39.17475413173435, -86.54870814057388 39.17334727402876, -86.54905371948215 39.171967645691964, -86.54953286155781 39.17062853329906, -86.55014095240075 39.16934283323441, -86.55087213576374 39.16812292749247, -86.55171936995127 39.166980564432414, -86.55267449563499 39.16592674563498, -86.55372831443242 39.16497161995127, -86.55487067749247 39.164124385763735, -86.55609058323441 39.16339320240075, -86.55737628329906 39.16278511155781, -86.55871539569198 39.16230596948214, -86.56009502402875 39.16196039057387, -86.56150188173436 39.16175170294678, -86.56292242 39.161681916376814, -86.56434295826566 39.16175170294678, -86.56574981597126 39.16196039057387, -86.56712944430804 39.16230596948214, -86.56846855670095 39.16278511155781, -86.5697542567656 39.16339320240075, -86.57097416250754 39.164124385763735, -86.5721165255676 39.16497161995127, -86.57317034436502 39.16592674563498, -86.57412547004874 39.166980564432414, -86.57497270423627 39.16812292749247, -86.57570388759926 39.16934283323441, -86.5763119784422 39.17062853329906, -86.57679112051787 39.171967645691964, -86.57713669942613 39.17334727402876, -86.57734538705323 39.17475413173435, -86.5774151736232 39.17617467, -86.57734538705323 39.17759520826565, -86.57713669942613 39.17900206597125, -86.57679112051787 39.18038169430804, -86.5763119784422 39.181720806700945, -86.57570388759926 39.183006506765594, -86.57497270423627 39.184226412507535, -86.57412547004874 39.18536877556759, -86.57317034436502 39.18642259436503, -86.5721165255676 39.18737772004874, -86.57097416250754 39.18822495423627, -86.5697542567656 39.188956137599256, -86.56846855670095 39.189564228442194, -86.56712944430804 39.19004337051786, -86.56574981597126 39.190388949426136, -86.56434295826566 39.19059763705322, -86.56292242 39.19066742362319, -86.56150188173436 39.19059763705322, -86.56009502402875 39.190388949426136, -86.55871539569198 39.19004337051786, -86.55737628329906 39.189564228442194, -86.55609058323441 39.188956137599256, -86.55487067749247 39.18822495423627, -86.55372831443242 39.18737772004874, -86.55267449563499 39.18642259436503, -86.55171936995127 39.18536877556759, -86.55087213576374 39.184226412507535, -86.55014095240075 39.183006506765594, -86.54953286155781 39.181720806700945, -86.54905371948215 39.18038169430804, -86.54870814057388 39.17900206597125, -86.54849945294679 39.17759520826565, -86.54842966637682 39.17617467))",15,3
902404624,2015-02-04,Weekday,14:00:00,1-Car,No injury/unknown,OTHER (VEHICLE) - EXPLAIN IN NARRATIVE,S LEONARD SPRINGS,39.133808,-86.58258358,"39.133808,-86.58258358",1,Clear,1,POINT (-86.58258358 39.133808),0.0,"POLYGON ((-86.56809082637682 39.133808, -86.56816061294678 39.13238746173435, -86.56836930057388 39.13098060402876, -86.56871487948214 39.129600975691964, -86.5691940215578 39.12826186329906, -86.56980211240075 39.12697616323441, -86.57053329576374 39.12575625749247, -86.57138052995127 39.124613894432414, -86.57233565563499 39.12356007563498, -86.57338947443242 39.12260494995127, -86.57453183749247 39.121757715763735, -86.5757517432344 39.12102653240075, -86.57703744329906 39.12041844155781, -86.57837655569197 39.11993929948214, -86.57975618402875 39.11959372057387, -86.58116304173436 39.11938503294678, -86.58258358 39.119315246376814, -86.58400411826565 39.11938503294678, -86.58541097597126 39.11959372057387, -86.58679060430804 39.11993929948214, -86.58812971670095 39.12041844155781, -86.5894154167656 39.12102653240075, -86.59063532250754 39.121757715763735, -86.59177768556759 39.12260494995127, -86.59283150436502 39.12356007563498, -86.59378663004874 39.124613894432414, -86.59463386423627 39.12575625749247, -86.59536504759926 39.12697616323441, -86.5959731384422 39.12826186329906, -86.59645228051787 39.129600975691964, -86.59679785942613 39.13098060402876, -86.59700654705323 39.13238746173435, -86.59707633362319 39.133808, -86.59700654705323 39.13522853826565, -86.59679785942613 39.13663539597125, -86.59645228051787 39.13801502430804, -86.5959731384422 39.139354136700945, -86.59536504759926 39.140639836765594, -86.59463386423627 39.141859742507535, -86.59378663004874 39.14300210556759, -86.59283150436502 39.14405592436503, -86.59177768556759 39.14501105004874, -86.59063532250754 39.14585828423627, -86.5894154167656 39.146589467599256, -86.58812971670095 39.147197558442194, -86.58679060430804 39.14767670051786, -86.58541097597126 39.14802227942614, -86.58400411826565 39.14823096705322, -86.58258358 39.14830075362319, -86.58116304173436 39.14823096705322, -86.57975618402875 39.14802227942614, -86.57837655569197 39.14767670051786, -86.57703744329906 39.147197558442194, -86.5757517432344 39.146589467599256, -86.57453183749247 39.14585828423627, -86.57338947443242 39.14501105004874, -86.57233565563499 39.14405592436503, -86.57138052995127 39.14300210556759, -86.57053329576374 39.141859742507535, -86.56980211240075 39.140639836765594, -86.5691940215578 39.139354136700945, -86.56871487948214 39.13801502430804, -86.56836930057388 39.13663539597125, -86.56816061294678 39.13522853826565, -86.56809082637682 39.133808))",14,6
902434274,2015-04-06,Weekday,14:00:00,2-Car,No injury/unknown,FOLLOWING TOO CLOSELY,NORTH KINSER & WEST GOURLEY,39.185392,-86.537856,"39.185392,-86.537856",2,Clear,1,POINT (-86.537856 39.185392),0.0,"POLYGON ((-86.52336324637682 39.185392, -86.52343303294678 39.18397146173435, -86.52364172057388 39.182564604028755, -86.52398729948214 39.18118497569196, -86.5244664415578 39.17984586329906, -86.52507453240075 39.17856016323441, -86.52580571576374 39.17734025749247, -86.52665294995127 39.17619789443241, -86.52760807563499 39.175144075634975, -86.52866189443242 39.174188949951265, -86.52980425749247 39.17334171576373, -86.5310241632344 39.172610532400746, -86.53230986329906 39.17200244155781, -86.53364897569197 39.17152329948214, -86.53502860402875 39.171177720573866, -86.53643546173436 39.17096903294678, -86.537856 39.17089924637681, -86.53927653826565 39.17096903294678, -86.54068339597126 39.171177720573866, -86.54206302430804 39.17152329948214, -86.54340213670095 39.17200244155781, -86.5446878367656 39.172610532400746, -86.54590774250754 39.17334171576373, -86.54705010556759 39.174188949951265, -86.54810392436502 39.175144075634975, -86.54905905004874 39.17619789443241, -86.54990628423627 39.17734025749247, -86.55063746759926 39.17856016323441, -86.5512455584422 39.17984586329906, -86.55172470051787 39.18118497569196, -86.55207027942613 39.182564604028755, -86.55227896705323 39.18397146173435, -86.55234875362319 39.185392, -86.55227896705323 39.18681253826565, -86.55207027942613 39.188219395971245, -86.55172470051787 39.18959902430804, -86.5512455584422 39.19093813670094, -86.55063746759926 39.19222383676559, -86.54990628423627 39.19344374250753, -86.54905905004874 39.19458610556759, -86.54810392436502 39.195639924365025, -86.54705010556759 39.196595050048735, -86.54590774250754 39.19744228423627, -86.5446878367656 39.198173467599254, -86.54340213670095 39.19878155844219, -86.54206302430804 39.19926070051786, -86.54068339597126 39.199606279426135, -86.53927653826565 39.19981496705322, -86.537856 39.19988475362319, -86.53643546173436 39.19981496705322, -86.53502860402875 39.199606279426135, -86.53364897569197 39.19926070051786, -86.53230986329906 39.19878155844219, -86.5310241632344 39.198173467599254, -86.52980425749247 39.19744228423627, -86.52866189443242 39.196595050048735, -86.52760807563499 39.195639924365025, -86.52665294995127 39.19458610556759, -86.52580571576374 39.19344374250753, -86.52507453240075 39.19222383676559, -86.5244664415578 39.19093813670094, -86.52398729948214 39.18959902430804, -86.52364172057388 39.188219395971245, -86.52343303294678 39.18681253826565, -86.52336324637682 39.185392))",14,6
902551213,2015-11-01,Weekend,17:00:00,2-Car,No injury/unknown,FOLLOWING TOO CLOSELY,SOUTH PATTERSON & WEST 3RD,39.16344009,-86.55128002,"39.16344009,-86.55128002",24,Overcast,1,POINT (-86.55128002 39.16344009),0.0,"POLYGON ((-86.5367872663768 39.16344009, -86.53685705294677 39.16201955173435, -86.53706574057387 39.16061269402876, -86.53741131948213 39.159233065691964, -86.5378904615578 39.15789395329906, -86.53849855240074 39.15660825323441, -86.53922973576373 39.15538834749247, -86.54007696995126 39.154245984432414, -86.54103209563498 39.15319216563498, -86.5420859144324 39.15223703995127, -86.54322827749246 39.151389805763735, -86.5444481832344 39.15065862240075, -86.54573388329905 39.15005053155781, -86.54707299569196 39.14957138948214, -86.54845262402874 39.14922581057387, -86.54985948173434 39.14901712294678, -86.55128002 39.148947336376814, -86.55270055826564 39.14901712294678, -86.55410741597125 39.14922581057387, -86.55548704430802 39.14957138948214, -86.55682615670094 39.15005053155781, -86.55811185676559 39.15065862240075, -86.55933176250753 39.151389805763735, -86.56047412556758 39.15223703995127, -86.56152794436501 39.15319216563498, -86.56248307004873 39.154245984432414, -86.56333030423626 39.15538834749247, -86.56406148759925 39.15660825323441, -86.56466957844219 39.15789395329906, -86.56514872051785 39.159233065691964, -86.56549429942612 39.16061269402876, -86.56570298705321 39.16201955173435, -86.56577277362318 39.16344009, -86.56570298705321 39.16486062826565, -86.56549429942612 39.16626748597125, -86.56514872051785 39.16764711430804, -86.56466957844219 39.168986226700945, -86.56406148759925 39.170271926765594, -86.56333030423626 39.171491832507535, -86.56248307004873 39.17263419556759, -86.56152794436501 39.17368801436503, -86.56047412556758 39.17464314004874, -86.55933176250753 39.17549037423627, -86.55811185676559 39.176221557599256, -86.55682615670094 39.176829648442194, -86.55548704430802 39.17730879051786, -86.55410741597125 39.177654369426136, -86.55270055826564 39.17786305705322, -86.55128002 39.17793284362319, -86.54985948173434 39.17786305705322, -86.54845262402874 39.177654369426136, -86.54707299569196 39.17730879051786, -86.54573388329905 39.176829648442194, -86.5444481832344 39.176221557599256, -86.54322827749246 39.17549037423627, -86.5420859144324 39.17464314004874, -86.54103209563498 39.17368801436503, -86.54007696995126 39.17263419556759, -86.53922973576373 39.171491832507535, -86.53849855240074 39.170271926765594, -86.5378904615578 39.168986226700945, -86.53741131948213 39.16764711430804, -86.53706574057387 39.16626748597125, -86.53685705294677 39.16486062826565, -86.5367872663768 39.16344009))",17,5
902439802,2015-05-03,Weekday,09:00:00,2-Car,Incapacitating,FOLLOWING TOO CLOSELY,SR37S & SR45W,39.187344,-86.5552,"39.187344,-86.5552",1,Clear,2,POINT (-86.5552 39.187344),0.0,"POLYGON ((-86.54070724637681 39.187344, -86.54077703294678 39.185923461734355, -86.54098572057387 39.18451660402876, -86.54133129948214 39.183136975691966, -86.5418104415578 39.18179786329906, -86.54241853240075 39.18051216323441, -86.54314971576373 39.17929225749247, -86.54399694995126 39.178149894432416, -86.54495207563498 39.17709607563498, -86.54600589443241 39.17614094995127, -86.54714825749247 39.175293715763736, -86.5483681632344 39.17456253240075, -86.54965386329906 39.17395444155781, -86.55099297569197 39.17347529948214, -86.55237260402875 39.17312972057387, -86.55377946173435 39.17292103294678, -86.5552 39.172851246376815, -86.55662053826565 39.17292103294678, -86.55802739597125 39.17312972057387, -86.55940702430803 39.17347529948214, -86.56074613670094 39.17395444155781, -86.5620318367656 39.17456253240075, -86.56325174250753 39.175293715763736, -86.56439410556759 39.17614094995127, -86.56544792436502 39.17709607563498, -86.56640305004873 39.178149894432416, -86.56725028423627 39.17929225749247, -86.56798146759925 39.18051216323441, -86.5685895584422 39.18179786329906, -86.56906870051786 39.183136975691966, -86.56941427942613 39.18451660402876, -86.56962296705322 39.185923461734355, -86.56969275362319 39.187344, -86.56962296705322 39.18876453826565, -86.56941427942613 39.19017139597125, -86.56906870051786 39.19155102430804, -86.5685895584422 39.192890136700946, -86.56798146759925 39.194175836765595, -86.56725028423627 39.195395742507536, -86.56640305004873 39.19653810556759, -86.56544792436502 39.19759192436503, -86.56439410556759 39.19854705004874, -86.56325174250753 39.19939428423627, -86.5620318367656 39.20012546759926, -86.56074613670094 39.200733558442195, -86.55940702430803 39.201212700517864, -86.55802739597125 39.20155827942614, -86.55662053826565 39.201766967053224, -86.5552 39.20183675362319, -86.55377946173435 39.201766967053224, -86.55237260402875 39.20155827942614, -86.55099297569197 39.201212700517864, -86.54965386329906 39.200733558442195, -86.5483681632344 39.20012546759926, -86.54714825749247 39.19939428423627, -86.54600589443241 39.19854705004874, -86.54495207563498 39.19759192436503, -86.54399694995126 39.19653810556759, -86.54314971576373 39.195395742507536, -86.54241853240075 39.194175836765595, -86.5418104415578 39.192890136700946, -86.54133129948214 39.19155102430804, -86.54098572057387 39.19017139597125, -86.54077703294678 39.18876453826565, -86.54070724637681 39.187344))",9,6
902556321,2015-11-07,Weekend,14:00:00,2-Car,No injury/unknown,FOLLOWING TOO CLOSELY,KINSER & SR45,39.186772,-86.54317373,"39.186772,-86.54317373",2,Cloudy,1,POINT (-86.54317373 39.186772),0.0,"POLYGON ((-86.52868097637682 39.186772, -86.52875076294679 39.18535146173435, -86.52895945057388 39.18394460402875, -86.52930502948215 39.18256497569196, -86.52978417155781 39.181225863299055, -86.53039226240075 39.179940163234406, -86.53112344576374 39.178720257492465, -86.53197067995127 39.17757789443241, -86.53292580563499 39.17652407563497, -86.53397962443242 39.17556894995126, -86.53512198749247 39.17472171576373, -86.53634189323441 39.173990532400744, -86.53762759329906 39.173382441557806, -86.53896670569198 39.17290329948214, -86.54034633402875 39.17255772057386, -86.54175319173436 39.17234903294678, -86.54317373 39.17227924637681, -86.54459426826566 39.17234903294678, -86.54600112597126 39.17255772057386, -86.54738075430804 39.17290329948214, -86.54871986670095 39.173382441557806, -86.5500055667656 39.173990532400744, -86.55122547250754 39.17472171576373, -86.5523678355676 39.17556894995126, -86.55342165436502 39.17652407563497, -86.55437678004874 39.17757789443241, -86.55522401423627 39.178720257492465, -86.55595519759926 39.179940163234406, -86.5565632884422 39.181225863299055, -86.55704243051787 39.18256497569196, -86.55738800942613 39.18394460402875, -86.55759669705323 39.18535146173435, -86.5576664836232 39.186772, -86.55759669705323 39.188192538265646, -86.55738800942613 39.18959939597124, -86.55704243051787 39.190979024308035, -86.5565632884422 39.19231813670094, -86.55595519759926 39.19360383676559, -86.55522401423627 39.19482374250753, -86.55437678004874 39.195966105567585, -86.55342165436502 39.19701992436502, -86.5523678355676 39.19797505004873, -86.55122547250754 39.198822284236265, -86.5500055667656 39.19955346759925, -86.54871986670095 39.20016155844219, -86.54738075430804 39.20064070051786, -86.54600112597126 39.20098627942613, -86.54459426826566 39.20119496705322, -86.54317373 39.201264753623185, -86.54175319173436 39.20119496705322, -86.54034633402875 39.20098627942613, -86.53896670569198 39.20064070051786, -86.53762759329906 39.20016155844219, -86.53634189323441 39.19955346759925, -86.53512198749247 39.198822284236265, -86.53397962443242 39.19797505004873, -86.53292580563499 39.19701992436502, -86.53197067995127 39.195966105567585, -86.53112344576374 39.19482374250753, -86.53039226240075 39.19360383676559, -86.52978417155781 39.19231813670094, -86.52930502948215 39.190979024308035, -86.52895945057388 39.18959939597124, -86.52875076294679 39.188192538265646, -86.52868097637682 39.186772))",14,6
902514043,2015-08-03,Weekday,09:00:00,2-Car,No injury/unknown,OVERCORRECTING/OVERSTEERING,ADAMS,39.164544,-86.552192,"39.164544,-86.552192",19,Clear,1,POINT (-86.552192 39.164544),0.0,"POLYGON ((-86.53769924637682 39.164544, -86.53776903294678 39.16312346173435, -86.53797772057388 39.161716604028754, -86.53832329948214 39.16033697569196, -86.5388024415578 39.15899786329906, -86.53941053240075 39.15771216323441, -86.54014171576374 39.15649225749247, -86.54098894995127 39.15534989443241, -86.54194407563499 39.154296075634974, -86.54299789443242 39.153340949951264, -86.54414025749247 39.15249371576373, -86.5453601632344 39.151762532400745, -86.54664586329906 39.15115444155781, -86.54798497569197 39.15067529948214, -86.54936460402875 39.150329720573865, -86.55077146173436 39.15012103294678, -86.552192 39.15005124637681, -86.55361253826565 39.15012103294678, -86.55501939597126 39.150329720573865, -86.55639902430804 39.15067529948214, -86.55773813670095 39.15115444155781, -86.5590238367656 39.151762532400745, -86.56024374250754 39.15249371576373, -86.56138610556759 39.153340949951264, -86.56243992436502 39.154296075634974, -86.56339505004874 39.15534989443241, -86.56424228423627 39.15649225749247, -86.56497346759926 39.15771216323441, -86.5655815584422 39.15899786329906, -86.56606070051787 39.16033697569196, -86.56640627942613 39.161716604028754, -86.56661496705323 39.16312346173435, -86.56668475362319 39.164544, -86.56661496705323 39.16596453826565, -86.56640627942613 39.167371395971244, -86.56606070051787 39.16875102430804, -86.5655815584422 39.17009013670094, -86.56497346759926 39.17137583676559, -86.56424228423627 39.17259574250753, -86.56339505004874 39.17373810556759, -86.56243992436502 39.174791924365024, -86.56138610556759 39.175747050048734, -86.56024374250754 39.176594284236266, -86.5590238367656 39.17732546759925, -86.55773813670095 39.17793355844219, -86.55639902430804 39.17841270051786, -86.55501939597126 39.178758279426134, -86.55361253826565 39.17896696705322, -86.552192 39.17903675362319, -86.55077146173436 39.17896696705322, -86.54936460402875 39.178758279426134, -86.54798497569197 39.17841270051786, -86.54664586329906 39.17793355844219, -86.5453601632344 39.17732546759925, -86.54414025749247 39.176594284236266, -86.54299789443242 39.175747050048734, -86.54194407563499 39.174791924365024, -86.54098894995127 39.17373810556759, -86.54014171576374 39.17259574250753, -86.53941053240075 39.17137583676559, -86.5388024415578 39.17009013670094, -86.53832329948214 39.16875102430804, -86.53797772057388 39.167371395971244, -86.53776903294678 39.16596453826565, -86.53769924637682 39.164544))",9,6