Master Record Number,Date,Weekend?,Hour,Collision Type,Injury Type,Primary Factor,Reported_Location,Latitude,Longitude,Location,Number of Bars,Weather Condition,Severity,geometry,area_number,bar_location,Hour of Day,Visibility (mi)
902532943,2015-10-01,Weekend,17:00:00,2-Car,No injury/unknown,DISREGARD SIGNAL/REG SIGN,N COLLEGE & W 11TH,39.173232,-86.534752,"39.173232,-86.534752",39,Clear,1,POINT (-86.534752 39.173232),0.0,"POLYGON ((-86.52025924637681 39.173232, -86.52032903294678 39.17181146173435, -86.52053772057387 39.170404604028754, -86.52088329948214 39.16902497569196, -86.5213624415578 39.167685863299056, -86.52197053240074 39.16640016323441, -86.52270171576373 39.165180257492466, -86.52354894995126 39.16403789443241, -86.52450407563498 39.162984075634974, -86.52555789443241 39.162028949951264, -86.52670025749246 39.16118171576373, -86.5279201632344 39.160450532400745, -86.52920586329905 39.15984244155781, -86.53054497569197 39.15936329948214, -86.53192460402875 39.159017720573864, -86.53333146173435 39.15880903294678, -86.534752 39.15873924637681, -86.53617253826565 39.15880903294678, -86.53757939597125 39.159017720573864, -86.53895902430803 39.15936329948214, -86.54029813670094 39.15984244155781, -86.5415838367656 39.160450532400745, -86.54280374250753 39.16118171576373, -86.54394610556758 39.162028949951264, -86.54499992436502 39.162984075634974, -86.54595505004873 39.16403789443241, -86.54680228423626 39.165180257492466, -86.54753346759925 39.16640016323441, -86.5481415584422 39.167685863299056, -86.54862070051786 39.16902497569196, -86.54896627942612 39.170404604028754, -86.54917496705322 39.17181146173435, -86.54924475362319 39.173232, -86.54917496705322 39.17465253826565, -86.54896627942612 39.176059395971244, -86.54862070051786 39.177439024308036, -86.5481415584422 39.17877813670094, -86.54753346759925 39.18006383676559, -86.54680228423626 39.18128374250753, -86.54595505004873 39.182426105567586, -86.54499992436502 39.183479924365024, -86.54394610556758 39.184435050048734, -86.54280374250753 39.185282284236266, -86.5415838367656 39.18601346759925, -86.54029813670094 39.18662155844219, -86.53895902430803 39.18710070051786, -86.53757939597125 39.18744627942613, -86.53617253826565 39.18765496705322, -86.534752 39.187724753623186, -86.53333146173435 39.18765496705322, -86.53192460402875 39.18744627942613, -86.53054497569197 39.18710070051786, -86.52920586329905 39.18662155844219, -86.5279201632344 39.18601346759925, -86.52670025749246 39.185282284236266, -86.52555789443241 39.184435050048734, -86.52450407563498 39.183479924365024, -86.52354894995126 39.182426105567586, -86.52270171576373 39.18128374250753, -86.52197053240074 39.18006383676559, -86.5213624415578 39.17877813670094, -86.52088329948214 39.177439024308036, -86.52053772057387 39.176059395971244, -86.52032903294678 39.17465253826565, -86.52025924637681 39.173232))",17,6
902561871,2015-11-06,Weekday,13:00:00,2-Car,No injury/unknown,UNSAFE LANE MOVEMENT,3RD & STATE 37,39.164752,-86.573104,"39.164752,-86.573104",5,Overcast,1,POINT (-86.573104 39.164752),0.0,"POLYGON ((-86.55861124637681 39.164752, -86.55868103294678 39.16333146173435, -86.55888972057387 39.161924604028755, -86.55923529948214 39.16054497569196, -86.5597144415578 39.15920586329906, -86.56032253240075 39.15792016323441, -86.56105371576373 39.15670025749247, -86.56190094995127 39.15555789443241, -86.56285607563498 39.154504075634975, -86.56390989443241 39.153548949951265, -86.56505225749247 39.15270171576373, -86.5662721632344 39.151970532400746, -86.56755786329906 39.15136244155781, -86.56889697569197 39.15088329948214, -86.57027660402875 39.150537720573865, -86.57168346173435 39.15032903294678, -86.573104 39.15025924637681, -86.57452453826565 39.15032903294678, -86.57593139597125 39.150537720573865, -86.57731102430803 39.15088329948214, -86.57865013670094 39.15136244155781, -86.5799358367656 39.151970532400746, -86.58115574250753 39.15270171576373, -86.58229810556759 39.153548949951265, -86.58335192436502 39.154504075634975, -86.58430705004874 39.15555789443241, -86.58515428423627 39.15670025749247, -86.58588546759925 39.15792016323441, -86.5864935584422 39.15920586329906, -86.58697270051786 39.16054497569196, -86.58731827942613 39.161924604028755, -86.58752696705322 39.16333146173435, -86.58759675362319 39.164752, -86.58752696705322 39.16617253826565, -86.58731827942613 39.167579395971245, -86.58697270051786 39.16895902430804, -86.5864935584422 39.17029813670094, -86.58588546759925 39.17158383676559, -86.58515428423627 39.17280374250753, -86.58430705004874 39.17394610556759, -86.58335192436502 39.174999924365025, -86.58229810556759 39.175955050048735, -86.58115574250753 39.17680228423627, -86.5799358367656 39.177533467599254, -86.57865013670094 39.17814155844219, -86.57731102430803 39.17862070051786, -86.57593139597125 39.178966279426135, -86.57452453826565 39.17917496705322, -86.573104 39.17924475362319, -86.57168346173435 39.17917496705322, -86.57027660402875 39.178966279426135, -86.56889697569197 39.17862070051786, -86.56755786329906 39.17814155844219, -86.5662721632344 39.177533467599254, -86.56505225749247 39.17680228423627, -86.56390989443241 39.175955050048735, -86.56285607563498 39.174999924365025, -86.56190094995127 39.17394610556759, -86.56105371576373 39.17280374250753, -86.56032253240075 39.17158383676559, -86.5597144415578 39.17029813670094, -86.55923529948214 39.16895902430804, -86.55888972057387 39.167579395971245, -86.55868103294678 39.16617253826565, -86.55861124637681 39.164752))",13,1
902567388,2015-11-06,Weekday,15:00:00,2-Car,No injury/unknown,FAILURE TO YIELD RIGHT OF WAY,MONROE & SR46W,39.186944,-86.5468,"39.186944,-86.5468",2,Overcast,1,POINT (-86.5468 39.186944),0.0,"POLYGON ((-86.53230724637682 39.186944, -86.53237703294678 39.18552346173435, -86.53258572057388 39.18411660402875, -86.53293129948214 39.18273697569196, -86.5334104415578 39.181397863299054, -86.53401853240075 39.180112163234405, -86.53474971576374 39.178892257492464, -86.53559694995127 39.17774989443241, -86.53655207563499 39.17669607563497, -86.53760589443242 39.17574094995126, -86.53874825749247 39.17489371576373, -86.5399681632344 39.17416253240074, -86.54125386329906 39.173554441557805, -86.54259297569197 39.173075299482136, -86.54397260402875 39.17272972057386, -86.54537946173436 39.172521032946776, -86.5468 39.17245124637681, -86.54822053826565 39.172521032946776, -86.54962739597126 39.17272972057386, -86.55100702430803 39.173075299482136, -86.55234613670095 39.173554441557805, -86.5536318367656 39.17416253240074, -86.55485174250754 39.17489371576373, -86.55599410556759 39.17574094995126, -86.55704792436502 39.17669607563497, -86.55800305004874 39.17774989443241, -86.55885028423627 39.178892257492464, -86.55958146759926 39.180112163234405, -86.5601895584422 39.181397863299054, -86.56066870051787 39.18273697569196, -86.56101427942613 39.18411660402875, -86.56122296705323 39.18552346173435, -86.56129275362319 39.186944, -86.56122296705323 39.188364538265645, -86.56101427942613 39.18977139597124, -86.56066870051787 39.191151024308034, -86.5601895584422 39.19249013670094, -86.55958146759926 39.19377583676559, -86.55885028423627 39.19499574250753, -86.55800305004874 39.196138105567584, -86.55704792436502 39.19719192436502, -86.55599410556759 39.19814705004873, -86.55485174250754 39.198994284236264, -86.5536318367656 39.19972546759925, -86.55234613670095 39.20033355844219, -86.55100702430803 39.20081270051786, -86.54962739597126 39.20115827942613, -86.54822053826565 39.20136696705322, -86.5468 39.201436753623184, -86.54537946173436 39.20136696705322, -86.54397260402875 39.20115827942613, -86.54259297569197 39.20081270051786, -86.54125386329906 39.20033355844219, -86.5399681632344 39.19972546759925, -86.53874825749247 39.198994284236264, -86.53760589443242 39.19814705004873, -86.53655207563499 39.19719192436502, -86.53559694995127 39.196138105567584, -86.53474971576374 39.19499574250753, -86.53401853240075 39.19377583676559, -86.5334104415578 39.19249013670094, -86.53293129948214 39.191151024308034, -86.53258572057388 39.18977139597124, -86.53237703294678 39.188364538265645, -86.53230724637682 39.186944))",15,1
902433111,2015-04-04,Weekday,07:00:00,2-Car,No injury/unknown,OTHER (DRIVER) - EXPLAIN IN NARRATIVE,E 3RD & SR4546E,39.164448,-86.471888,"39.164448,-86.471888",1,Cloudy,1,POINT (-86.471888 39.164448),0.0,"POLYGON ((-86.45739524637682 39.164448, -86.45746503294679 39.16302746173435, -86.45767372057388 39.161620604028755, -86.45801929948215 39.16024097569196, -86.45849844155781 39.15890186329906, -86.45910653240075 39.15761616323441, -86.45983771576374 39.15639625749247, -86.46068494995127 39.15525389443241, -86.46164007563499 39.154200075634975, -86.46269389443242 39.153244949951265, -86.46383625749247 39.15239771576373, -86.46505616323441 39.151666532400746, -86.46634186329906 39.15105844155781, -86.46768097569198 39.15057929948214, -86.46906060402875 39.150233720573866, -86.47046746173436 39.15002503294678, -86.471888 39.14995524637681, -86.47330853826566 39.15002503294678, -86.47471539597126 39.150233720573866, -86.47609502430804 39.15057929948214, -86.47743413670095 39.15105844155781, -86.4787198367656 39.151666532400746, -86.47993974250754 39.15239771576373, -86.4810821055676 39.153244949951265, -86.48213592436502 39.154200075634975, -86.48309105004874 39.15525389443241, -86.48393828423627 39.15639625749247, -86.48466946759926 39.15761616323441, -86.4852775584422 39.15890186329906, -86.48575670051787 39.16024097569196, -86.48610227942613 39.161620604028755, -86.48631096705323 39.16302746173435, -86.4863807536232 39.164448, -86.48631096705323 39.16586853826565, -86.48610227942613 39.167275395971245, -86.48575670051787 39.16865502430804, -86.4852775584422 39.16999413670094, -86.48466946759926 39.17127983676559, -86.48393828423627 39.17249974250753, -86.48309105004874 39.17364210556759, -86.48213592436502 39.174695924365025, -86.4810821055676 39.175651050048735, -86.47993974250754 39.17649828423627, -86.4787198367656 39.177229467599254, -86.47743413670095 39.17783755844219, -86.47609502430804 39.17831670051786, -86.47471539597126 39.178662279426135, -86.47330853826566 39.17887096705322, -86.471888 39.17894075362319, -86.47046746173436 39.17887096705322, -86.46906060402875 39.178662279426135, -86.46768097569198 39.17831670051786, -86.46634186329906 39.17783755844219, -86.46505616323441 39.177229467599254, -86.46383625749247 39.17649828423627, -86.46269389443242 39.175651050048735, -86.46164007563499 39.174695924365025, -86.46068494995127 39.17364210556759, -86.45983771576374 39.17249974250753, -86.45910653240075 39.17127983676559, -86.45849844155781 39.16999413670094, -86.45801929948215 39.16865502430804, -86.45767372057388 39.167275395971245, -86.45746503294679 39.16586853826565, -86.45739524637682 39.164448))",7,6
902536311,2015-10-07,Weekend,17:00:00,2-Car,No injury/unknown,FOLLOWING TOO CLOSELY,10TH,39.171648,-86.502096,"39.171648,-86.502096",5,Clear,1,POINT (-86.502096 39.171648),0.0,"POLYGON ((-86.4876032463768 39.171648, -86.48767303294677 39.17022746173435, -86.48788172057387 39.16882060402875, -86.48822729948213 39.16744097569196, -86.4887064415578 39.166101863299055, -86.48931453240074 39.164816163234406, -86.49004571576373 39.163596257492465, -86.49089294995126 39.16245389443241, -86.49184807563498 39.16140007563497, -86.4929018944324 39.16044494995126, -86.49404425749246 39.15959771576373, -86.4952641632344 39.158866532400744, -86.49654986329905 39.158258441557805, -86.49788897569196 39.15777929948214, -86.49926860402874 39.15743372057386, -86.50067546173435 39.157225032946776, -86.502096 39.15715524637681, -86.50351653826564 39.157225032946776, -86.50492339597125 39.15743372057386, -86.50630302430802 39.15777929948214, -86.50764213670094 39.158258441557805, -86.5089278367656 39.158866532400744, -86.51014774250753 39.15959771576373, -86.51129010556758 39.16044494995126, -86.51234392436501 39.16140007563497, -86.51329905004873 39.16245389443241, -86.51414628423626 39.163596257492465, -86.51487746759925 39.164816163234406, -86.5154855584422 39.166101863299055, -86.51596470051786 39.16744097569196, -86.51631027942612 39.16882060402875, -86.51651896705322 39.17022746173435, -86.51658875362318 39.171648, -86.51651896705322 39.173068538265646, -86.51631027942612 39.17447539597124, -86.51596470051786 39.175855024308035, -86.5154855584422 39.17719413670094, -86.51487746759925 39.17847983676559, -86.51414628423626 39.17969974250753, -86.51329905004873 39.180842105567585, -86.51234392436501 39.18189592436502, -86.51129010556758 39.18285105004873, -86.51014774250753 39.183698284236264, -86.5089278367656 39.18442946759925, -86.50764213670094 39.18503755844219, -86.50630302430802 39.18551670051786, -86.50492339597125 39.18586227942613, -86.50351653826564 39.18607096705322, -86.502096 39.186140753623185, -86.50067546173435 39.18607096705322, -86.49926860402874 39.18586227942613, -86.49788897569196 39.18551670051786, -86.49654986329905 39.18503755844219, -86.4952641632344 39.18442946759925, -86.49404425749246 39.183698284236264, -86.4929018944324 39.18285105004873, -86.49184807563498 39.18189592436502, -86.49089294995126 39.180842105567585, -86.49004571576373 39.17969974250753, -86.48931453240074 39.17847983676559, -86.4887064415578 39.17719413670094, -86.48822729948213 39.175855024308035, -86.48788172057387 39.17447539597124, -86.48767303294677 39.173068538265646, -86.4876032463768 39.171648))",17,6
902426561,2015-04-05,Weekday,14:00:00,1-Car,No injury/unknown,DRIVER DISTRACTED - EXPLAIN IN NARRATIVE,SOUTH COLLEGE MALL,39.16464,-86.534816,"39.16464,-86.534816",42,Clear,1,POINT (-86.534816 39.16464),0.0,"POLYGON ((-86.52032324637682 39.16464, -86.52039303294679 39.16321946173435, -86.52060172057388 39.16181260402875, -86.52094729948215 39.16043297569196, -86.52142644155781 39.159093863299056, -86.52203453240075 39.15780816323441, -86.52276571576374 39.156588257492466, -86.52361294995127 39.15544589443241, -86.52456807563499 39.15439207563497, -86.52562189443242 39.153436949951264, -86.52676425749247 39.15258971576373, -86.52798416323441 39.151858532400745, -86.52926986329906 39.151250441557806, -86.53060897569198 39.15077129948214, -86.53198860402875 39.150425720573864, -86.53339546173436 39.15021703294678, -86.534816 39.15014724637681, -86.53623653826565 39.15021703294678, -86.53764339597126 39.150425720573864, -86.53902302430804 39.15077129948214, -86.54036213670095 39.151250441557806, -86.5416478367656 39.151858532400745, -86.54286774250754 39.15258971576373, -86.5440101055676 39.153436949951264, -86.54506392436502 39.15439207563497, -86.54601905004874 39.15544589443241, -86.54686628423627 39.156588257492466, -86.54759746759926 39.15780816323441, -86.5482055584422 39.159093863299056, -86.54868470051787 39.16043297569196, -86.54903027942613 39.16181260402875, -86.54923896705323 39.16321946173435, -86.5493087536232 39.16464, -86.54923896705323 39.16606053826565, -86.54903027942613 39.167467395971244, -86.54868470051787 39.168847024308036, -86.5482055584422 39.17018613670094, -86.54759746759926 39.17147183676559, -86.54686628423627 39.17269174250753, -86.54601905004874 39.173834105567586, -86.54506392436502 39.174887924365024, -86.5440101055676 39.175843050048734, -86.54286774250754 39.176690284236265, -86.5416478367656 39.17742146759925, -86.54036213670095 39.17802955844219, -86.53902302430804 39.17850870051786, -86.53764339597126 39.17885427942613, -86.53623653826565 39.17906296705322, -86.534816 39.179132753623186, -86.53339546173436 39.17906296705322, -86.53198860402875 39.17885427942613, -86.53060897569198 39.17850870051786, -86.52926986329906 39.17802955844219, -86.52798416323441 39.17742146759925, -86.52676425749247 39.176690284236265, -86.52562189443242 39.175843050048734, -86.52456807563499 39.174887924365024, -86.52361294995127 39.173834105567586, -86.52276571576374 39.17269174250753, -86.52203453240075 39.17147183676559, -86.52142644155781 39.17018613670094, -86.52094729948215 39.168847024308036, -86.52060172057388 39.167467395971244, -86.52039303294679 39.16606053826565, -86.52032324637682 39.16464))",14,6
902508111,2015-08-06,Weekday,16:00:00,2-Car,No injury/unknown,FOLLOWING TOO CLOSELY,CURRY & W 3RD,39.16463971,-86.58292002,"39.16463971,-86.58292002",5,Moderate rain at times,1,POINT (-86.58292002 39.16463971),0.0,"POLYGON ((-86.56842726637682 39.16463971, -86.56849705294678 39.163219171734355, -86.56870574057388 39.16181231402876, -86.56905131948214 39.160432685691966, -86.5695304615578 39.15909357329906, -86.57013855240075 39.15780787323441, -86.57086973576374 39.15658796749247, -86.57171696995127 39.155445604432416, -86.57267209563499 39.15439178563498, -86.57372591443242 39.15343665995127, -86.57486827749247 39.152589425763736, -86.5760881832344 39.15185824240075, -86.57737388329906 39.15125015155781, -86.57871299569197 39.15077100948214, -86.58009262402875 39.15042543057387, -86.58149948173435 39.15021674294678, -86.58292002 39.150146956376815, -86.58434055826565 39.15021674294678, -86.58574741597126 39.15042543057387, -86.58712704430803 39.15077100948214, -86.58846615670095 39.15125015155781, -86.5897518567656 39.15185824240075, -86.59097176250754 39.152589425763736, -86.59211412556759 39.15343665995127, -86.59316794436502 39.15439178563498, -86.59412307004874 39.155445604432416, -86.59497030423627 39.15658796749247, -86.59570148759926 39.15780787323441, -86.5963095784422 39.15909357329906, -86.59678872051786 39.160432685691966, -86.59713429942613 39.16181231402876, -86.59734298705322 39.163219171734355, -86.59741277362319 39.16463971, -86.59734298705322 39.16606024826565, -86.59713429942613 39.16746710597125, -86.59678872051786 39.16884673430804, -86.5963095784422 39.170185846700946, -86.59570148759926 39.171471546765595, -86.59497030423627 39.172691452507536, -86.59412307004874 39.17383381556759, -86.59316794436502 39.17488763436503, -86.59211412556759 39.17584276004874, -86.59097176250754 39.17668999423627, -86.5897518567656 39.17742117759926, -86.58846615670095 39.178029268442195, -86.58712704430803 39.178508410517864, -86.58574741597126 39.17885398942614, -86.58434055826565 39.179062677053224, -86.58292002 39.17913246362319, -86.58149948173435 39.179062677053224, -86.58009262402875 39.17885398942614, -86.57871299569197 39.178508410517864, -86.57737388329906 39.178029268442195, -86.5760881832344 39.17742117759926, -86.57486827749247 39.17668999423627, -86.57372591443242 39.17584276004874, -86.57267209563499 39.17488763436503, -86.57171696995127 39.17383381556759, -86.57086973576374 39.172691452507536, -86.57013855240075 39.171471546765595, -86.5695304615578 39.170185846700946, -86.56905131948214 39.16884673430804, -86.56870574057388 39.16746710597125, -86.56849705294678 39.16606024826565, -86.56842726637682 39.16463971))",16,5
902447624,2015-05-03,Weekday,08:00:00,2-Car,No injury/unknown,DISREGARD SIGNAL/REG SIGN,SR37N & VERNAL,39.176544,-86.5624,"39.176544,-86.5624",3,Clear,1,POINT (-86.5624 39.176544),0.0,"POLYGON ((-86.54790724637681 39.176544, -86.54797703294678 39.17512346173435, -86.54818572057387 39.173716604028755, -86.54853129948214 39.17233697569196, -86.5490104415578 39.17099786329906, -86.54961853240074 39.16971216323441, -86.55034971576373 39.16849225749247, -86.55119694995126 39.16734989443241, -86.55215207563498 39.166296075634975, -86.55320589443241 39.165340949951265, -86.55434825749246 39.16449371576373, -86.5555681632344 39.163762532400746, -86.55685386329905 39.16315444155781, -86.55819297569197 39.16267529948214, -86.55957260402874 39.162329720573865, -86.56097946173435 39.16212103294678, -86.5624 39.16205124637681, -86.56382053826565 39.16212103294678, -86.56522739597125 39.162329720573865, -86.56660702430803 39.16267529948214, -86.56794613670094 39.16315444155781, -86.5692318367656 39.163762532400746, -86.57045174250753 39.16449371576373, -86.57159410556758 39.165340949951265, -86.57264792436501 39.166296075634975, -86.57360305004873 39.16734989443241, -86.57445028423626 39.16849225749247, -86.57518146759925 39.16971216323441, -86.5757895584422 39.17099786329906, -86.57626870051786 39.17233697569196, -86.57661427942612 39.173716604028755, -86.57682296705322 39.17512346173435, -86.57689275362318 39.176544, -86.57682296705322 39.17796453826565, -86.57661427942612 39.179371395971245, -86.57626870051786 39.18075102430804, -86.5757895584422 39.18209013670094, -86.57518146759925 39.18337583676559, -86.57445028423626 39.18459574250753, -86.57360305004873 39.18573810556759, -86.57264792436501 39.186791924365025, -86.57159410556758 39.187747050048735, -86.57045174250753 39.18859428423627, -86.5692318367656 39.189325467599254, -86.56794613670094 39.18993355844219, -86.56660702430803 39.19041270051786, -86.56522739597125 39.190758279426134, -86.56382053826565 39.19096696705322, -86.5624 39.19103675362319, -86.56097946173435 39.19096696705322, -86.55957260402874 39.190758279426134, -86.55819297569197 39.19041270051786, -86.55685386329905 39.18993355844219, -86.5555681632344 39.189325467599254, -86.55434825749246 39.18859428423627, -86.55320589443241 39.187747050048735, -86.55215207563498 39.186791924365025, -86.55119694995126 39.18573810556759, -86.55034971576373 39.18459574250753, -86.54961853240074 39.18337583676559, -86.5490104415578 39.18209013670094, -86.54853129948214 39.18075102430804, -86.54818572057387 39.179371395971245, -86.54797703294678 39.17796453826565, -86.54790724637681 39.176544))",8,6
902451071,2015-05-03,Weekday,09:00:00,1-Car,No injury/unknown,OTHER (ENVIRONMENTAL) - EXPLAIN IN NARR,N COLLEGE,39.168656,-86.534784,"39.168656,-86.534784",41,Clear,1,POINT (-86.534784 39.168656),0.0,"POLYGON ((-86.52029124637681 39.168656, -86.52036103294678 39.16723546173435, -86.52056972057387 39.16582860402875, -86.52091529948214 39.16444897569196, -86.5213944415578 39.163109863299056, -86.52200253240075 39.16182416323441, -86.52273371576374 39.160604257492466, -86.52358094995127 39.15946189443241, -86.52453607563498 39.15840807563497, -86.52558989443241 39.157452949951264, -86.52673225749247 39.15660571576373, -86.5279521632344 39.155874532400745, -86.52923786329906 39.155266441557806, -86.53057697569197 39.15478729948214, -86.53195660402875 39.154441720573864, -86.53336346173435 39.15423303294678, -86.534784 39.15416324637681, -86.53620453826565 39.15423303294678, -86.53761139597125 39.154441720573864, -86.53899102430803 39.15478729948214, -86.54033013670094 39.155266441557806, -86.5416158367656 39.155874532400745, -86.54283574250753 39.15660571576373, -86.54397810556759 39.157452949951264, -86.54503192436502 39.15840807563497, -86.54598705004874 39.15946189443241, -86.54683428423627 39.160604257492466, -86.54756546759926 39.16182416323441, -86.5481735584422 39.163109863299056, -86.54865270051786 39.16444897569196, -86.54899827942613 39.16582860402875, -86.54920696705322 39.16723546173435, -86.54927675362319 39.168656, -86.54920696705322 39.17007653826565, -86.54899827942613 39.171483395971244, -86.54865270051786 39.172863024308036, -86.5481735584422 39.17420213670094, -86.54756546759926 39.17548783676559, -86.54683428423627 39.17670774250753, -86.54598705004874 39.177850105567586, -86.54503192436502 39.178903924365024, -86.54397810556759 39.179859050048734, -86.54283574250753 39.180706284236265, -86.5416158367656 39.18143746759925, -86.54033013670094 39.18204555844219, -86.53899102430803 39.18252470051786, -86.53761139597125 39.18287027942613, -86.53620453826565 39.18307896705322, -86.534784 39.183148753623186, -86.53336346173435 39.18307896705322, -86.53195660402875 39.18287027942613, -86.53057697569197 39.18252470051786, -86.52923786329906 39.18204555844219, -86.5279521632344 39.18143746759925, -86.52673225749247 39.180706284236265, -86.52558989443241 39.179859050048734, -86.52453607563498 39.178903924365024, -86.52358094995127 39.177850105567586, -86.52273371576374 39.17670774250753, -86.52200253240075 39.17548783676559, -86.5213944415578 39.17420213670094, -86.52091529948214 39.172863024308036, -86.52056972057387 39.171483395971244, -86.52036103294678 39.17007653826565, -86.52029124637681 39.168656))",9,6
902515213,2015-09-06,Weekday,18:00:00,2-Car,Incapacitating,FAILURE TO YIELD RIGHT OF WAY,PATTERSON & W 3RD,39.16344009,-86.55130598,"39.16344009,-86.55130598",24,Cloudy,2,POINT (-86.55130598 39.16344009),0.0,"POLYGON ((-86.53681322637681 39.16344009, -86.53688301294677 39.16201955173435, -86.53709170057387 39.16061269402876, -86.53743727948213 39.159233065691964, -86.5379164215578 39.15789395329906, -86.53852451240074 39.15660825323441, -86.53925569576373 39.15538834749247, -86.54010292995126 39.154245984432414, -86.54105805563498 39.15319216563498, -86.54211187443241 39.15223703995127, -86.54325423749246 39.151389805763735, -86.5444741432344 39.15065862240075, -86.54575984329905 39.15005053155781, -86.54709895569196 39.14957138948214, -86.54847858402874 39.14922581057387, -86.54988544173435 39.14901712294678, -86.55130598 39.148947336376814, -86.55272651826564 39.14901712294678, -86.55413337597125 39.14922581057387, -86.55551300430803 39.14957138948214, -86.55685211670094 39.15005053155781, -86.5581378167656 39.15065862240075, -86.55935772250753 39.151389805763735, -86.56050008556758 39.15223703995127, -86.56155390436501 39.15319216563498, -86.56250903004873 39.154245984432414, -86.56335626423626 39.15538834749247, -86.56408744759925 39.15660825323441, -86.5646955384422 39.15789395329906, -86.56517468051786 39.159233065691964, -86.56552025942612 39.16061269402876, -86.56572894705322 39.16201955173435, -86.56579873362318 39.16344009, -86.56572894705322 39.16486062826565, -86.56552025942612 39.16626748597125, -86.56517468051786 39.16764711430804, -86.5646955384422 39.168986226700945, -86.56408744759925 39.170271926765594, -86.56335626423626 39.171491832507535, -86.56250903004873 39.17263419556759, -86.56155390436501 39.17368801436503, -86.56050008556758 39.17464314004874, -86.55935772250753 39.17549037423627, -86.5581378167656 39.176221557599256, -86.55685211670094 39.176829648442194, -86.55551300430803 39.17730879051786, -86.55413337597125 39.177654369426136, -86.55272651826564 39.17786305705322, -86.55130598 39.17793284362319, -86.54988544173435 39.17786305705322, -86.54847858402874 39.177654369426136, -86.54709895569196 39.17730879051786, -86.54575984329905 39.176829648442194, -86.5444741432344 39.176221557599256, -86.54325423749246 39.17549037423627, -86.54211187443241 39.17464314004874, -86.54105805563498 39.17368801436503, -86.54010292995126 39.17263419556759, -86.53925569576373 39.171491832507535, -86.53852451240074 39.170271926765594, -86.5379164215578 39.168986226700945, -86.53743727948213 39.16764711430804, -86.53709170057387 39.16626748597125, -86.53688301294677 39.16486062826565, -86.53681322637681 39.16344009))",18,5
902385272,2015-02-02,Weekday,09:00:00,2-Car,No injury/unknown,FAILURE TO YIELD RIGHT OF WAY,E COVENANTER & S CLARIZZ,39.15462032,-86.49176401,"39.15462032,-86.49176401",6,Overcast,1,POINT (-86.49176401 39.15462032),0.0,"POLYGON ((-86.47727125637681 39.15462032, -86.47734104294678 39.15319978173435, -86.47754973057387 39.151792924028754, -86.47789530948214 39.15041329569196, -86.4783744515578 39.14907418329906, -86.47898254240074 39.14778848323441, -86.47971372576373 39.14656857749247, -86.48056095995126 39.14542621443241, -86.48151608563498 39.144372395634974, -86.48256990443241 39.143417269951264, -86.48371226749246 39.14257003576373, -86.4849321732344 39.141838852400745, -86.48621787329905 39.14123076155781, -86.48755698569197 39.14075161948214, -86.48893661402874 39.140406040573865, -86.49034347173435 39.14019735294678, -86.49176401 39.14012756637681, -86.49318454826565 39.14019735294678, -86.49459140597125 39.140406040573865, -86.49597103430803 39.14075161948214, -86.49731014670094 39.14123076155781, -86.4985958467656 39.141838852400745, -86.49981575250753 39.14257003576373, -86.50095811556758 39.143417269951264, -86.50201193436502 39.144372395634974, -86.50296706004873 39.14542621443241, -86.50381429423626 39.14656857749247, -86.50454547759925 39.14778848323441, -86.5051535684422 39.14907418329906, -86.50563271051786 39.15041329569196, -86.50597828942612 39.151792924028754, -86.50618697705322 39.15319978173435, -86.50625676362318 39.15462032, -86.50618697705322 39.15604085826565, -86.50597828942612 39.157447715971244, -86.50563271051786 39.15882734430804, -86.5051535684422 39.16016645670094, -86.50454547759925 39.16145215676559, -86.50381429423626 39.16267206250753, -86.50296706004873 39.16381442556759, -86.50201193436502 39.164868244365024, -86.50095811556758 39.165823370048734, -86.49981575250753 39.166670604236266, -86.4985958467656 39.16740178759925, -86.49731014670094 39.16800987844219, -86.49597103430803 39.16848902051786, -86.49459140597125 39.168834599426134, -86.49318454826565 39.16904328705322, -86.49176401 39.16911307362319, -86.49034347173435 39.16904328705322, -86.48893661402874 39.168834599426134, -86.48755698569197 39.16848902051786, -86.48621787329905 39.16800987844219, -86.4849321732344 39.16740178759925, -86.48371226749246 39.166670604236266, -86.48256990443241 39.165823370048734, -86.48151608563498 39.164868244365024, -86.48056095995126 39.16381442556759, -86.47971372576373 39.16267206250753, -86.47898254240074 39.16145215676559, -86.4783744515578 39.16016645670094, -86.47789530948214 39.15882734430804, -86.47754973057387 39.157447715971244, -86.47734104294678 39.15604085826565, -86.47727125637681 39.15462032))",9,6