Master Record Number,Date,Weekend?,Hour,Collision Type,Injury Type,Primary Factor,Reported_Location,Latitude,Longitude,Location,Number of Bars,Weather Condition,Severity,geometry,area_number,bar_location,Hour of Day,Visibility (mi)
902430455,2015-04-06,Weekday,15:00:00,Pedestrian,No injury/unknown,FAILURE TO YIELD RIGHT OF WAY,ATWATER & FESS,39.16312024,-86.52590028,"39.16312024,-86.52590028",43,Clear,1,POINT (-86.52590028 39.16312024),0.0,"POLYGON ((-86.51140752637681 39.16312024, -86.51147731294678 39.16169970173435, -86.51168600057387 39.16029284402875, -86.51203157948214 39.15891321569196, -86.5125107215578 39.157574103299055, -86.51311881240075 39.156288403234406, -86.51384999576374 39.155068497492465, -86.51469722995127 39.15392613443241, -86.51565235563498 39.15287231563497, -86.51670617443241 39.15191718995126, -86.51784853749247 39.15106995576373, -86.5190684432344 39.150338772400744, -86.52035414329906 39.149730681557806, -86.52169325569197 39.14925153948214, -86.52307288402875 39.14890596057386, -86.52447974173435 39.14869727294678, -86.52590028 39.14862748637681, -86.52732081826565 39.14869727294678, -86.52872767597125 39.14890596057386, -86.53010730430803 39.14925153948214, -86.53144641670094 39.149730681557806, -86.5327321167656 39.150338772400744, -86.53395202250753 39.15106995576373, -86.53509438556759 39.15191718995126, -86.53614820436502 39.15287231563497, -86.53710333004874 39.15392613443241, -86.53795056423627 39.155068497492465, -86.53868174759926 39.156288403234406, -86.5392898384422 39.157574103299055, -86.53976898051786 39.15891321569196, -86.54011455942613 39.16029284402875, -86.54032324705322 39.16169970173435, -86.54039303362319 39.16312024, -86.54032324705322 39.164540778265646, -86.54011455942613 39.16594763597124, -86.53976898051786 39.167327264308035, -86.5392898384422 39.16866637670094, -86.53868174759926 39.16995207676559, -86.53795056423627 39.17117198250753, -86.53710333004874 39.172314345567585, -86.53614820436502 39.17336816436502, -86.53509438556759 39.17432329004873, -86.53395202250753 39.175170524236265, -86.5327321167656 39.17590170759925, -86.53144641670094 39.17650979844219, -86.53010730430803 39.17698894051786, -86.52872767597125 39.17733451942613, -86.52732081826565 39.17754320705322, -86.52590028 39.177612993623185, -86.52447974173435 39.17754320705322, -86.52307288402875 39.17733451942613, -86.52169325569197 39.17698894051786, -86.52035414329906 39.17650979844219, -86.5190684432344 39.17590170759925, -86.51784853749247 39.175170524236265, -86.51670617443241 39.17432329004873, -86.51565235563498 39.17336816436502, -86.51469722995127 39.172314345567585, -86.51384999576374 39.17117198250753, -86.51311881240075 39.16995207676559, -86.5125107215578 39.16866637670094, -86.51203157948214 39.167327264308035, -86.51168600057387 39.16594763597124, -86.51147731294678 39.164540778265646, -86.51140752637681 39.16312024))",15,6
902572944,2015-11-07,Weekend,14:00:00,1-Car,No injury/unknown,SPEED TOO FAST FOR WEATHER CONDITIONS,KETCHAM & POPCORN,39.00638637,-86.57203295,"39.00638637,-86.57203295",0,Overcast,1,POINT (-86.57203295 39.00638637),0.0,,14,6
902583603,2015-12-05,Weekday,15:00:00,2-Car,No injury/unknown,UNSAFE BACKING,S HENDERSON,39.13782881,-86.52677815,"39.13782881,-86.52677815",1,Clear,1,POINT (-86.52677815 39.13782881),0.0,"POLYGON ((-86.51228539637681 39.13782881, -86.51235518294678 39.13640827173435, -86.51256387057387 39.13500141402876, -86.51290944948214 39.133621785691965, -86.5133885915578 39.13228267329906, -86.51399668240074 39.13099697323441, -86.51472786576373 39.12977706749247, -86.51557509995126 39.128634704432415, -86.51653022563498 39.12758088563498, -86.51758404443241 39.12662575995127, -86.51872640749247 39.125778525763735, -86.5199463132344 39.12504734240075, -86.52123201329906 39.12443925155781, -86.52257112569197 39.12396010948214, -86.52395075402875 39.12361453057387, -86.52535761173435 39.12340584294678, -86.52677815 39.123336056376814, -86.52819868826565 39.12340584294678, -86.52960554597125 39.12361453057387, -86.53098517430803 39.12396010948214, -86.53232428670094 39.12443925155781, -86.5336099867656 39.12504734240075, -86.53482989250753 39.125778525763735, -86.53597225556759 39.12662575995127, -86.53702607436502 39.12758088563498, -86.53798120004873 39.128634704432415, -86.53882843423627 39.12977706749247, -86.53955961759925 39.13099697323441, -86.5401677084422 39.13228267329906, -86.54064685051786 39.133621785691965, -86.54099242942613 39.13500141402876, -86.54120111705322 39.13640827173435, -86.54127090362319 39.13782881, -86.54120111705322 39.13924934826565, -86.54099242942613 39.14065620597125, -86.54064685051786 39.14203583430804, -86.5401677084422 39.143374946700945, -86.53955961759925 39.144660646765594, -86.53882843423627 39.145880552507535, -86.53798120004873 39.14702291556759, -86.53702607436502 39.14807673436503, -86.53597225556759 39.14903186004874, -86.53482989250753 39.14987909423627, -86.5336099867656 39.150610277599256, -86.53232428670094 39.151218368442194, -86.53098517430803 39.15169751051786, -86.52960554597125 39.15204308942614, -86.52819868826565 39.15225177705322, -86.52677815 39.15232156362319, -86.52535761173435 39.15225177705322, -86.52395075402875 39.15204308942614, -86.52257112569197 39.15169751051786, -86.52123201329906 39.151218368442194, -86.5199463132344 39.150610277599256, -86.51872640749247 39.14987909423627, -86.51758404443241 39.14903186004874, -86.51653022563498 39.14807673436503, -86.51557509995126 39.14702291556759, -86.51472786576373 39.145880552507535, -86.51399668240074 39.144660646765594, -86.5133885915578 39.143374946700945, -86.51290944948214 39.14203583430804, -86.51256387057387 39.14065620597125, -86.51235518294678 39.13924934826565, -86.51228539637681 39.13782881))",15,6
902576311,2015-12-04,Weekday,12:00:00,2-Car,No injury/unknown,IMPROPER LANE USAGE,ATWATER & SWAIN,39.16308001,-86.51527002,"39.16308001,-86.51527002",13,Clear,1,POINT (-86.51527002 39.16308001),0.0,"POLYGON ((-86.50077726637682 39.16308001, -86.50084705294678 39.16165947173435, -86.50105574057388 39.16025261402876, -86.50140131948214 39.158872985691964, -86.5018804615578 39.15753387329906, -86.50248855240075 39.15624817323441, -86.50321973576374 39.15502826749247, -86.50406696995127 39.153885904432414, -86.50502209563498 39.15283208563498, -86.50607591443242 39.15187695995127, -86.50721827749247 39.151029725763735, -86.5084381832344 39.15029854240075, -86.50972388329906 39.14969045155781, -86.51106299569197 39.14921130948214, -86.51244262402875 39.14886573057387, -86.51384948173435 39.14865704294678, -86.51527002 39.148587256376814, -86.51669055826565 39.14865704294678, -86.51809741597125 39.14886573057387, -86.51947704430803 39.14921130948214, -86.52081615670095 39.14969045155781, -86.5221018567656 39.15029854240075, -86.52332176250754 39.151029725763735, -86.52446412556759 39.15187695995127, -86.52551794436502 39.15283208563498, -86.52647307004874 39.153885904432414, -86.52732030423627 39.15502826749247, -86.52805148759926 39.15624817323441, -86.5286595784422 39.15753387329906, -86.52913872051786 39.158872985691964, -86.52948429942613 39.16025261402876, -86.52969298705322 39.16165947173435, -86.52976277362319 39.16308001, -86.52969298705322 39.16450054826565, -86.52948429942613 39.16590740597125, -86.52913872051786 39.16728703430804, -86.5286595784422 39.168626146700944, -86.52805148759926 39.169911846765594, -86.52732030423627 39.171131752507534, -86.52647307004874 39.17227411556759, -86.52551794436502 39.17332793436503, -86.52446412556759 39.17428306004874, -86.52332176250754 39.17513029423627, -86.5221018567656 39.175861477599256, -86.52081615670095 39.176469568442194, -86.51947704430803 39.17694871051786, -86.51809741597125 39.177294289426136, -86.51669055826565 39.17750297705322, -86.51527002 39.17757276362319, -86.51384948173435 39.17750297705322, -86.51244262402875 39.177294289426136, -86.51106299569197 39.17694871051786, -86.50972388329906 39.176469568442194, -86.5084381832344 39.175861477599256, -86.50721827749247 39.17513029423627, -86.50607591443242 39.17428306004874, -86.50502209563498 39.17332793436503, -86.50406696995127 39.17227411556759, -86.50321973576374 39.171131752507534, -86.50248855240075 39.169911846765594, -86.5018804615578 39.168626146700944, -86.50140131948214 39.16728703430804, -86.50105574057388 39.16590740597125, -86.50084705294678 39.16450054826565, -86.50077726637682 39.16308001))",12,6
902523376,2015-09-05,Weekday,15:00:00,1-Car,No injury/unknown,OTHER (DRIVER) - EXPLAIN IN NARRATIVE,PARK SQUARE & WOODSIDE,39.15903026,-86.59177738,"39.15903026,-86.59177738",3,Clear,1,POINT (-86.59177738 39.15903026),0.0,"POLYGON ((-86.57728462637681 39.15903026, -86.57735441294678 39.15760972173435, -86.57756310057387 39.15620286402876, -86.57790867948214 39.154823235691964, -86.5783878215578 39.15348412329906, -86.57899591240074 39.15219842323441, -86.57972709576373 39.15097851749247, -86.58057432995126 39.149836154432414, -86.58152945563498 39.14878233563498, -86.58258327443241 39.14782720995127, -86.58372563749246 39.146979975763735, -86.5849455432344 39.14624879240075, -86.58623124329905 39.14564070155781, -86.58757035569197 39.14516155948214, -86.58894998402874 39.14481598057387, -86.59035684173435 39.14460729294678, -86.59177738 39.144537506376814, -86.59319791826564 39.14460729294678, -86.59460477597125 39.14481598057387, -86.59598440430803 39.14516155948214, -86.59732351670094 39.14564070155781, -86.5986092167656 39.14624879240075, -86.59982912250753 39.146979975763735, -86.60097148556758 39.14782720995127, -86.60202530436501 39.14878233563498, -86.60298043004873 39.149836154432414, -86.60382766423626 39.15097851749247, -86.60455884759925 39.15219842323441, -86.6051669384422 39.15348412329906, -86.60564608051786 39.154823235691964, -86.60599165942612 39.15620286402876, -86.60620034705322 39.15760972173435, -86.60627013362318 39.15903026, -86.60620034705322 39.16045079826565, -86.60599165942612 39.16185765597125, -86.60564608051786 39.16323728430804, -86.6051669384422 39.164576396700944, -86.60455884759925 39.16586209676559, -86.60382766423626 39.167082002507534, -86.60298043004873 39.16822436556759, -86.60202530436501 39.16927818436503, -86.60097148556758 39.17023331004874, -86.59982912250753 39.17108054423627, -86.5986092167656 39.171811727599255, -86.59732351670094 39.172419818442194, -86.59598440430803 39.17289896051786, -86.59460477597125 39.173244539426136, -86.59319791826564 39.17345322705322, -86.59177738 39.17352301362319, -86.59035684173435 39.17345322705322, -86.58894998402874 39.173244539426136, -86.58757035569197 39.17289896051786, -86.58623124329905 39.172419818442194, -86.5849455432344 39.171811727599255, -86.58372563749246 39.17108054423627, -86.58258327443241 39.17023331004874, -86.58152945563498 39.16927818436503, -86.58057432995126 39.16822436556759, -86.57972709576373 39.167082002507534, -86.57899591240074 39.16586209676559, -86.5783878215578 39.164576396700944, -86.57790867948214 39.16323728430804, -86.57756310057387 39.16185765597125, -86.57735441294678 39.16045079826565, -86.57728462637681 39.15903026))",15,5
902427164,2015-04-06,Weekday,05:00:00,1-Car,No injury/unknown,RAN OFF ROAD RIGHT,BETHEL & N OLD STATE ROAD 37,39.215344,-86.521392,"39.215344,-86.521392",0,Clear,1,POINT (-86.521392 39.215344),0.0,,5,6
902454374,2015-05-01,Weekend,13:00:00,2-Car,No injury/unknown,IMPROPER LANE USAGE,E 3RD & S KINGSTON,39.16424,-86.492944,"39.16424,-86.492944",6,Clear,1,POINT (-86.492944 39.16424),0.0,"POLYGON ((-86.4784512463768 39.16424, -86.47852103294677 39.16281946173435, -86.47872972057387 39.161412604028754, -86.47907529948213 39.16003297569196, -86.4795544415578 39.15869386329906, -86.48016253240074 39.15740816323441, -86.48089371576373 39.15618825749247, -86.48174094995126 39.15504589443241, -86.48269607563498 39.153992075634974, -86.4837498944324 39.153036949951264, -86.48489225749246 39.15218971576373, -86.4861121632344 39.151458532400746, -86.48739786329905 39.15085044155781, -86.48873697569196 39.15037129948214, -86.49011660402874 39.150025720573865, -86.49152346173435 39.14981703294678, -86.492944 39.14974724637681, -86.49436453826564 39.14981703294678, -86.49577139597125 39.150025720573865, -86.49715102430802 39.15037129948214, -86.49849013670094 39.15085044155781, -86.4997758367656 39.151458532400746, -86.50099574250753 39.15218971576373, -86.50213810556758 39.153036949951264, -86.50319192436501 39.153992075634974, -86.50414705004873 39.15504589443241, -86.50499428423626 39.15618825749247, -86.50572546759925 39.15740816323441, -86.5063335584422 39.15869386329906, -86.50681270051786 39.16003297569196, -86.50715827942612 39.161412604028754, -86.50736696705322 39.16281946173435, -86.50743675362318 39.16424, -86.50736696705322 39.16566053826565, -86.50715827942612 39.167067395971245, -86.50681270051786 39.16844702430804, -86.5063335584422 39.16978613670094, -86.50572546759925 39.17107183676559, -86.50499428423626 39.17229174250753, -86.50414705004873 39.17343410556759, -86.50319192436501 39.174487924365025, -86.50213810556758 39.175443050048735, -86.50099574250753 39.176290284236266, -86.4997758367656 39.17702146759925, -86.49849013670094 39.17762955844219, -86.49715102430802 39.17810870051786, -86.49577139597125 39.178454279426134, -86.49436453826564 39.17866296705322, -86.492944 39.17873275362319, -86.49152346173435 39.17866296705322, -86.49011660402874 39.178454279426134, -86.48873697569196 39.17810870051786, -86.48739786329905 39.17762955844219, -86.4861121632344 39.17702146759925, -86.48489225749246 39.176290284236266, -86.4837498944324 39.175443050048735, -86.48269607563498 39.174487924365025, -86.48174094995126 39.17343410556759, -86.48089371576373 39.17229174250753, -86.48016253240074 39.17107183676559, -86.4795544415578 39.16978613670094, -86.47907529948213 39.16844702430804, -86.47872972057387 39.167067395971245, -86.47852103294677 39.16566053826565, -86.4784512463768 39.16424))",13,6
902546487,2015-10-02,Weekday,19:00:00,2-Car,No injury/unknown,UNSAFE BACKING,EAST 3RD,39.0803238,-86.51676334,"39.0803238,-86.51676334",0,Clear,1,POINT (-86.51676334 39.0803238),0.0,,19,6
902590938,2015-12-04,Weekday,09:00:00,2-Car,No injury/unknown,VIEW OBSTRUCTED,CORY & THIRD,39.164544,-86.560096,"39.164544,-86.560096",4,Clear,1,POINT (-86.560096 39.164544),0.0,"POLYGON ((-86.54560324637681 39.164544, -86.54567303294678 39.16312346173435, -86.54588172057387 39.161716604028754, -86.54622729948214 39.16033697569196, -86.5467064415578 39.15899786329906, -86.54731453240075 39.15771216323441, -86.54804571576373 39.15649225749247, -86.54889294995127 39.15534989443241, -86.54984807563498 39.154296075634974, -86.55090189443241 39.153340949951264, -86.55204425749247 39.15249371576373, -86.5532641632344 39.151762532400745, -86.55454986329906 39.15115444155781, -86.55588897569197 39.15067529948214, -86.55726860402875 39.150329720573865, -86.55867546173435 39.15012103294678, -86.560096 39.15005124637681, -86.56151653826565 39.15012103294678, -86.56292339597125 39.150329720573865, -86.56430302430803 39.15067529948214, -86.56564213670094 39.15115444155781, -86.5669278367656 39.151762532400745, -86.56814774250753 39.15249371576373, -86.56929010556759 39.153340949951264, -86.57034392436502 39.154296075634974, -86.57129905004874 39.15534989443241, -86.57214628423627 39.15649225749247, -86.57287746759926 39.15771216323441, -86.5734855584422 39.15899786329906, -86.57396470051786 39.16033697569196, -86.57431027942613 39.161716604028754, -86.57451896705322 39.16312346173435, -86.57458875362319 39.164544, -86.57451896705322 39.16596453826565, -86.57431027942613 39.167371395971244, -86.57396470051786 39.16875102430804, -86.5734855584422 39.17009013670094, -86.57287746759926 39.17137583676559, -86.57214628423627 39.17259574250753, -86.57129905004874 39.17373810556759, -86.57034392436502 39.174791924365024, -86.56929010556759 39.175747050048734, -86.56814774250753 39.176594284236266, -86.5669278367656 39.17732546759925, -86.56564213670094 39.17793355844219, -86.56430302430803 39.17841270051786, -86.56292339597125 39.178758279426134, -86.56151653826565 39.17896696705322, -86.560096 39.17903675362319, -86.55867546173435 39.17896696705322, -86.55726860402875 39.178758279426134, -86.55588897569197 39.17841270051786, -86.55454986329906 39.17793355844219, -86.5532641632344 39.17732546759925, -86.55204425749247 39.176594284236266, -86.55090189443241 39.175747050048734, -86.54984807563498 39.174791924365024, -86.54889294995127 39.17373810556759, -86.54804571576373 39.17259574250753, -86.54731453240075 39.17137583676559, -86.5467064415578 39.17009013670094, -86.54622729948214 39.16875102430804, -86.54588172057387 39.167371395971244, -86.54567303294678 39.16596453826565, -86.54560324637681 39.164544))",9,6
902393699,2015-02-06,Weekday,11:00:00,2-Car,No injury/unknown,FAILURE TO YIELD RIGHT OF WAY,N MADISON & W 17TH,39.178992,-86.537792,"39.178992,-86.537792",33,Clear,1,POINT (-86.537792 39.178992),0.0,"POLYGON ((-86.52329924637681 39.178992, -86.52336903294677 39.17757146173435, -86.52357772057387 39.176164604028756, -86.52392329948214 39.17478497569196, -86.5244024415578 39.17344586329906, -86.52501053240074 39.17216016323441, -86.52574171576373 39.17094025749247, -86.52658894995126 39.16979789443241, -86.52754407563498 39.168744075634976, -86.52859789443241 39.167788949951266, -86.52974025749246 39.166941715763734, -86.5309601632344 39.16621053240075, -86.53224586329905 39.16560244155781, -86.53358497569197 39.16512329948214, -86.53496460402874 39.164777720573866, -86.53637146173435 39.16456903294678, -86.537792 39.16449924637681, -86.53921253826564 39.16456903294678, -86.54061939597125 39.164777720573866, -86.54199902430803 39.16512329948214, -86.54333813670094 39.16560244155781, -86.5446238367656 39.16621053240075, -86.54584374250753 39.166941715763734, -86.54698610556758 39.167788949951266, -86.54803992436501 39.168744075634976, -86.54899505004873 39.16979789443241, -86.54984228423626 39.17094025749247, -86.55057346759925 39.17216016323441, -86.5511815584422 39.17344586329906, -86.55166070051786 39.17478497569196, -86.55200627942612 39.176164604028756, -86.55221496705322 39.17757146173435, -86.55228475362318 39.178992, -86.55221496705322 39.18041253826565, -86.55200627942612 39.181819395971246, -86.55166070051786 39.18319902430804, -86.5511815584422 39.184538136700944, -86.55057346759925 39.18582383676559, -86.54984228423626 39.187043742507534, -86.54899505004873 39.18818610556759, -86.54803992436501 39.189239924365026, -86.54698610556758 39.190195050048736, -86.54584374250753 39.19104228423627, -86.5446238367656 39.191773467599255, -86.54333813670094 39.19238155844219, -86.54199902430803 39.19286070051786, -86.54061939597125 39.193206279426136, -86.53921253826564 39.19341496705322, -86.537792 39.19348475362319, -86.53637146173435 39.19341496705322, -86.53496460402874 39.193206279426136, -86.53358497569197 39.19286070051786, -86.53224586329905 39.19238155844219, -86.5309601632344 39.191773467599255, -86.52974025749246 39.19104228423627, -86.52859789443241 39.190195050048736, -86.52754407563498 39.189239924365026, -86.52658894995126 39.18818610556759, -86.52574171576373 39.187043742507534, -86.52501053240074 39.18582383676559, -86.5244024415578 39.184538136700944, -86.52392329948214 39.18319902430804, -86.52357772057387 39.181819395971246, -86.52336903294677 39.18041253826565, -86.52329924637681 39.178992))",11,6
902483948,2015-07-06,Weekday,08:00:00,3+ Cars,Non-incapacitating,DRIVER ILLNESS,KINSER & SR4546W,39.186544,-86.537888,"39.186544,-86.537888",2,Clear,2,POINT (-86.537888 39.186544),0.0,"POLYGON ((-86.52339524637681 39.186544, -86.52346503294677 39.18512346173435, -86.52367372057387 39.18371660402875, -86.52401929948213 39.18233697569196, -86.5244984415578 39.180997863299055, -86.52510653240074 39.179712163234406, -86.52583771576373 39.178492257492465, -86.52668494995126 39.17734989443241, -86.52764007563498 39.17629607563497, -86.52869389443241 39.17534094995126, -86.52983625749246 39.17449371576373, -86.5310561632344 39.173762532400744, -86.53234186329905 39.173154441557806, -86.53368097569196 39.17267529948214, -86.53506060402874 39.17232972057386, -86.53646746173435 39.17212103294678, -86.537888 39.17205124637681, -86.53930853826564 39.17212103294678, -86.54071539597125 39.17232972057386, -86.54209502430803 39.17267529948214, -86.54343413670094 39.173154441557806, -86.5447198367656 39.173762532400744, -86.54593974250753 39.17449371576373, -86.54708210556758 39.17534094995126, -86.54813592436501 39.17629607563497, -86.54909105004873 39.17734989443241, -86.54993828423626 39.178492257492465, -86.55066946759925 39.179712163234406, -86.5512775584422 39.180997863299055, -86.55175670051786 39.18233697569196, -86.55210227942612 39.18371660402875, -86.55231096705322 39.18512346173435, -86.55238075362318 39.186544, -86.55231096705322 39.187964538265646, -86.55210227942612 39.18937139597124, -86.55175670051786 39.190751024308035, -86.5512775584422 39.19209013670094, -86.55066946759925 39.19337583676559, -86.54993828423626 39.19459574250753, -86.54909105004873 39.195738105567585, -86.54813592436501 39.19679192436502, -86.54708210556758 39.19774705004873, -86.54593974250753 39.198594284236265, -86.5447198367656 39.19932546759925, -86.54343413670094 39.19993355844219, -86.54209502430803 39.20041270051786, -86.54071539597125 39.20075827942613, -86.53930853826564 39.20096696705322, -86.537888 39.201036753623185, -86.53646746173435 39.20096696705322, -86.53506060402874 39.20075827942613, -86.53368097569196 39.20041270051786, -86.53234186329905 39.19993355844219, -86.5310561632344 39.19932546759925, -86.52983625749246 39.198594284236265, -86.52869389443241 39.19774705004873, -86.52764007563498 39.19679192436502, -86.52668494995126 39.195738105567585, -86.52583771576373 39.19459574250753, -86.52510653240074 39.19337583676559, -86.5244984415578 39.19209013670094, -86.52401929948213 39.190751024308035, -86.52367372057387 39.18937139597124, -86.52346503294677 39.187964538265646, -86.52339524637681 39.186544))",8,6
902496854,2015-08-01,Weekend,03:00:00,1-Car,No injury/unknown,RAN OFF ROAD RIGHT,SMITH PIKE & WOODYARD,39.29645022,-86.58307661,"39.29645022,-86.58307661",0,Clear,1,POINT (-86.58307661 39.29645022),0.0,,3,6
902399319,2015-02-07,Weekend,09:00:00,2-Car,No injury/unknown,FAILURE TO YIELD RIGHT OF WAY,N KINSER,39.18182568,-86.53778021,"39.18182568,-86.53778021",9,Clear,1,POINT (-86.53778021 39.18182568),0.0,"POLYGON ((-86.5232874563768 39.18182568, -86.52335724294677 39.180405141734354, -86.52356593057387 39.17899828402876, -86.52391150948213 39.177618655691965, -86.5243906515578 39.17627954329906, -86.52499874240074 39.17499384323441, -86.52572992576373 39.17377393749247, -86.52657715995126 39.172631574432415, -86.52753228563498 39.17157775563498, -86.5285861044324 39.17062262995127, -86.52972846749246 39.169775395763736, -86.5309483732344 39.16904421240075, -86.53223407329905 39.16843612155781, -86.53357318569196 39.16795697948214, -86.53495281402874 39.16761140057387, -86.53635967173435 39.16740271294678, -86.53778021 39.167332926376815, -86.53920074826564 39.16740271294678, -86.54060760597125 39.16761140057387, -86.54198723430802 39.16795697948214, -86.54332634670094 39.16843612155781, -86.5446120467656 39.16904421240075, -86.54583195250753 39.169775395763736, -86.54697431556758 39.17062262995127, -86.54802813436501 39.17157775563498, -86.54898326004873 39.172631574432415, -86.54983049423626 39.17377393749247, -86.55056167759925 39.17499384323441, -86.5511697684422 39.17627954329906, -86.55164891051786 39.177618655691965, -86.55199448942612 39.17899828402876, -86.55220317705322 39.180405141734354, -86.55227296362318 39.18182568, -86.55220317705322 39.18324621826565, -86.55199448942612 39.18465307597125, -86.55164891051786 39.18603270430804, -86.5511697684422 39.187371816700946, -86.55056167759925 39.188657516765595, -86.54983049423626 39.189877422507536, -86.54898326004873 39.19101978556759, -86.54802813436501 39.19207360436503, -86.54697431556758 39.19302873004874, -86.54583195250753 39.19387596423627, -86.5446120467656 39.19460714759926, -86.54332634670094 39.195215238442195, -86.54198723430802 39.195694380517864, -86.54060760597125 39.19603995942614, -86.53920074826564 39.196248647053224, -86.53778021 39.19631843362319, -86.53635967173435 39.196248647053224, -86.53495281402874 39.19603995942614, -86.53357318569196 39.195694380517864, -86.53223407329905 39.195215238442195, -86.5309483732344 39.19460714759926, -86.52972846749246 39.19387596423627, -86.5285861044324 39.19302873004874, -86.52753228563498 39.19207360436503, -86.52657715995126 39.19101978556759, -86.52572992576373 39.189877422507536, -86.52499874240074 39.188657516765595, -86.5243906515578 39.187371816700946, -86.52391150948213 39.18603270430804, -86.52356593057387 39.18465307597125, -86.52335724294677 39.18324621826565, -86.5232874563768 39.18182568))",9,6
902495064,2015-08-03,Weekday,15:00:00,2-Car,Non-incapacitating,DISREGARD SIGNAL/REG SIGN,OLD 37 & W CHURCH,39.10725988,-86.53149001,"39.10725988,-86.53149001",0,Clear,2,POINT (-86.53149001 39.10725988),0.0,,15,6
902589156,2015-12-01,Weekend,09:00:00,1-Car,No injury/unknown,OVERCORRECTING/OVERSTEERING,PAYNETOWN & SR446S,39.25007815,-86.42302189,"39.25007815,-86.42302189",0,Overcast,1,POINT (-86.42302189 39.25007815),0.0,,9,6
902408403,2015-03-04,Weekday,17:00:00,Bus,No injury/unknown,FOLLOWING TOO CLOSELY,CURRY & GIFFORD,39.156896,-86.582704,"39.156896,-86.582704",4,Heavy rain at times,1,POINT (-86.582704 39.156896),0.0,"POLYGON ((-86.56821124637682 39.156896, -86.56828103294679 39.155475461734355, -86.56848972057388 39.15406860402876, -86.56883529948215 39.152688975691966, -86.56931444155781 39.15134986329906, -86.56992253240075 39.15006416323441, -86.57065371576374 39.14884425749247, -86.57150094995127 39.147701894432416, -86.57245607563499 39.14664807563498, -86.57350989443242 39.14569294995127, -86.57465225749247 39.144845715763736, -86.57587216323441 39.14411453240075, -86.57715786329906 39.14350644155781, -86.57849697569198 39.14302729948214, -86.57987660402875 39.14268172057387, -86.58128346173436 39.14247303294678, -86.582704 39.142403246376816, -86.58412453826566 39.14247303294678, -86.58553139597126 39.14268172057387, -86.58691102430804 39.14302729948214, -86.58825013670095 39.14350644155781, -86.5895358367656 39.14411453240075, -86.59075574250754 39.144845715763736, -86.5918981055676 39.14569294995127, -86.59295192436502 39.14664807563498, -86.59390705004874 39.147701894432416, -86.59475428423627 39.14884425749247, -86.59548546759926 39.15006416323441, -86.5960935584422 39.15134986329906, -86.59657270051787 39.152688975691966, -86.59691827942613 39.15406860402876, -86.59712696705323 39.155475461734355, -86.5971967536232 39.156896, -86.59712696705323 39.15831653826565, -86.59691827942613 39.15972339597125, -86.59657270051787 39.16110302430804, -86.5960935584422 39.162442136700946, -86.59548546759926 39.163727836765595, -86.59475428423627 39.164947742507536, -86.59390705004874 39.16609010556759, -86.59295192436502 39.16714392436503, -86.5918981055676 39.16809905004874, -86.59075574250754 39.16894628423627, -86.5895358367656 39.16967746759926, -86.58825013670095 39.170285558442195, -86.58691102430804 39.170764700517864, -86.58553139597126 39.17111027942614, -86.58412453826566 39.171318967053224, -86.582704 39.17138875362319, -86.58128346173436 39.171318967053224, -86.57987660402875 39.17111027942614, -86.57849697569198 39.170764700517864, -86.57715786329906 39.170285558442195, -86.57587216323441 39.16967746759926, -86.57465225749247 39.16894628423627, -86.57350989443242 39.16809905004874, -86.57245607563499 39.16714392436503, -86.57150094995127 39.16609010556759, -86.57065371576374 39.164947742507536, -86.56992253240075 39.163727836765595, -86.56931444155781 39.162442136700946, -86.56883529948215 39.16110302430804, -86.56848972057388 39.15972339597125, -86.56828103294679 39.15831653826565, -86.56821124637682 39.156896))",17,3
902423074,2015-04-05,Weekday,18:00:00,2-Car,No injury/unknown,FOLLOWING TOO CLOSELY,N HARTSTRAIT & W VERNAL,39.186752,-86.611504,"39.186752,-86.611504",0,Clear,1,POINT (-86.611504 39.186752),0.0,,18,6