Master Record Number,Date,Weekend?,Hour,Collision Type,Injury Type,Primary Factor,Reported_Location,Latitude,Longitude,Location,Number of Bars,Weather Condition,Severity,geometry,area_number,bar_location,Hour of Day,Visibility (mi)
902541798,2015-10-05,Weekday,12:00:00,2-Car,No injury/unknown,UNSAFE BACKING,S FESS,39.17058971,-86.52572931,"39.17058971,-86.52572931",40,Clear,1,POINT (-86.52572931 39.17058971),0.0,"POLYGON ((-86.51123655637682 39.17058971, -86.51130634294678 39.16916917173435, -86.51151503057388 39.16776231402876, -86.51186060948214 39.166382685691964, -86.5123397515578 39.16504357329906, -86.51294784240075 39.16375787323441, -86.51367902576374 39.16253796749247, -86.51452625995127 39.161395604432414, -86.51548138563498 39.16034178563498, -86.51653520443242 39.15938665995127, -86.51767756749247 39.158539425763735, -86.5188974732344 39.15780824240075, -86.52018317329906 39.15720015155781, -86.52152228569197 39.15672100948214, -86.52290191402875 39.15637543057387, -86.52430877173435 39.15616674294678, -86.52572931 39.156096956376814, -86.52714984826565 39.15616674294678, -86.52855670597125 39.15637543057387, -86.52993633430803 39.15672100948214, -86.53127544670095 39.15720015155781, -86.5325611467656 39.15780824240075, -86.53378105250754 39.158539425763735, -86.53492341556759 39.15938665995127, -86.53597723436502 39.16034178563498, -86.53693236004874 39.161395604432414, -86.53777959423627 39.16253796749247, -86.53851077759926 39.16375787323441, -86.5391188684422 39.16504357329906, -86.53959801051786 39.166382685691964, -86.53994358942613 39.16776231402876, -86.54015227705322 39.16916917173435, -86.54022206362319 39.17058971, -86.54015227705322 39.17201024826565, -86.53994358942613 39.17341710597125, -86.53959801051786 39.17479673430804, -86.5391188684422 39.176135846700944, -86.53851077759926 39.17742154676559, -86.53777959423627 39.178641452507534, -86.53693236004874 39.17978381556759, -86.53597723436502 39.18083763436503, -86.53492341556759 39.18179276004874, -86.53378105250754 39.18263999423627, -86.5325611467656 39.183371177599255, -86.53127544670095 39.183979268442194, -86.52993633430803 39.18445841051786, -86.52855670597125 39.184803989426136, -86.52714984826565 39.18501267705322, -86.52572931 39.18508246362319, -86.52430877173435 39.18501267705322, -86.52290191402875 39.184803989426136, -86.52152228569197 39.18445841051786, -86.52018317329906 39.183979268442194, -86.5188974732344 39.183371177599255, -86.51767756749247 39.18263999423627, -86.51653520443242 39.18179276004874, -86.51548138563498 39.18083763436503, -86.51452625995127 39.17978381556759, -86.51367902576374 39.178641452507534, -86.51294784240075 39.17742154676559, -86.5123397515578 39.176135846700944, -86.51186060948214 39.17479673430804, -86.51151503057388 39.17341710597125, -86.51130634294678 39.17201024826565, -86.51123655637682 39.17058971))",12,6
902440331,2015-05-06,Weekday,17:00:00,2-Car,No injury/unknown,OTHER (DRIVER) - EXPLAIN IN NARRATIVE,E 3RD,39.16423861,-86.49522852,"39.16423861,-86.49522852",6,Clear,1,POINT (-86.49522852 39.16423861),0.0,"POLYGON ((-86.48073576637681 39.16423861, -86.48080555294678 39.16281807173435, -86.48101424057387 39.16141121402875, -86.48135981948214 39.16003158569196, -86.4818389615578 39.158692473299055, -86.48244705240074 39.157406773234406, -86.48317823576373 39.156186867492465, -86.48402546995126 39.15504450443241, -86.48498059563498 39.15399068563497, -86.48603441443241 39.15303555995126, -86.48717677749246 39.15218832576373, -86.4883966832344 39.151457142400744, -86.48968238329905 39.150849051557806, -86.49102149569197 39.15036990948214, -86.49240112402875 39.15002433057386, -86.49380798173435 39.14981564294678, -86.49522852 39.14974585637681, -86.49664905826565 39.14981564294678, -86.49805591597125 39.15002433057386, -86.49943554430803 39.15036990948214, -86.50077465670094 39.150849051557806, -86.5020603567656 39.151457142400744, -86.50328026250753 39.15218832576373, -86.50442262556759 39.15303555995126, -86.50547644436502 39.15399068563497, -86.50643157004873 39.15504450443241, -86.50727880423626 39.156186867492465, -86.50800998759925 39.157406773234406, -86.5086180784422 39.158692473299055, -86.50909722051786 39.16003158569196, -86.50944279942613 39.16141121402875, -86.50965148705322 39.16281807173435, -86.50972127362319 39.16423861, -86.50965148705322 39.16565914826565, -86.50944279942613 39.16706600597124, -86.50909722051786 39.168445634308036, -86.5086180784422 39.16978474670094, -86.50800998759925 39.17107044676559, -86.50727880423626 39.17229035250753, -86.50643157004873 39.173432715567586, -86.50547644436502 39.17448653436502, -86.50442262556759 39.17544166004873, -86.50328026250753 39.176288894236265, -86.5020603567656 39.17702007759925, -86.50077465670094 39.17762816844219, -86.49943554430803 39.17810731051786, -86.49805591597125 39.17845288942613, -86.49664905826565 39.17866157705322, -86.49522852 39.178731363623186, -86.49380798173435 39.17866157705322, -86.49240112402875 39.17845288942613, -86.49102149569197 39.17810731051786, -86.48968238329905 39.17762816844219, -86.4883966832344 39.17702007759925, -86.48717677749246 39.176288894236265, -86.48603441443241 39.17544166004873, -86.48498059563498 39.17448653436502, -86.48402546995126 39.173432715567586, -86.48317823576373 39.17229035250753, -86.48244705240074 39.17107044676559, -86.4818389615578 39.16978474670094, -86.48135981948214 39.168445634308036, -86.48101424057387 39.16706600597124, -86.48080555294678 39.16565914826565, -86.48073576637681 39.16423861))",17,6
902526656,2015-09-04,Weekday,09:00:00,2-Car,No injury/unknown,BRAKE FAILURE OR DEFECTIVE,3RD & PATTERSON,39.16344009,-86.55127569,"39.16344009,-86.55127569",24,Clear,1,POINT (-86.55127569 39.16344009),0.0,"POLYGON ((-86.53678293637681 39.16344009, -86.53685272294678 39.16201955173435, -86.53706141057387 39.16061269402876, -86.53740698948214 39.159233065691964, -86.5378861315578 39.15789395329906, -86.53849422240074 39.15660825323441, -86.53922540576373 39.15538834749247, -86.54007263995126 39.154245984432414, -86.54102776563498 39.15319216563498, -86.54208158443241 39.15223703995127, -86.54322394749246 39.151389805763735, -86.5444438532344 39.15065862240075, -86.54572955329905 39.15005053155781, -86.54706866569197 39.14957138948214, -86.54844829402874 39.14922581057387, -86.54985515173435 39.14901712294678, -86.55127569 39.148947336376814, -86.55269622826565 39.14901712294678, -86.55410308597125 39.14922581057387, -86.55548271430803 39.14957138948214, -86.55682182670094 39.15005053155781, -86.5581075267656 39.15065862240075, -86.55932743250753 39.151389805763735, -86.56046979556758 39.15223703995127, -86.56152361436502 39.15319216563498, -86.56247874004873 39.154245984432414, -86.56332597423626 39.15538834749247, -86.56405715759925 39.15660825323441, -86.5646652484422 39.15789395329906, -86.56514439051786 39.159233065691964, -86.56548996942612 39.16061269402876, -86.56569865705322 39.16201955173435, -86.56576844362318 39.16344009, -86.56569865705322 39.16486062826565, -86.56548996942612 39.16626748597125, -86.56514439051786 39.16764711430804, -86.5646652484422 39.168986226700945, -86.56405715759925 39.170271926765594, -86.56332597423626 39.171491832507535, -86.56247874004873 39.17263419556759, -86.56152361436502 39.17368801436503, -86.56046979556758 39.17464314004874, -86.55932743250753 39.17549037423627, -86.5581075267656 39.176221557599256, -86.55682182670094 39.176829648442194, -86.55548271430803 39.17730879051786, -86.55410308597125 39.177654369426136, -86.55269622826565 39.17786305705322, -86.55127569 39.17793284362319, -86.54985515173435 39.17786305705322, -86.54844829402874 39.177654369426136, -86.54706866569197 39.17730879051786, -86.54572955329905 39.176829648442194, -86.5444438532344 39.176221557599256, -86.54322394749246 39.17549037423627, -86.54208158443241 39.17464314004874, -86.54102776563498 39.17368801436503, -86.54007263995126 39.17263419556759, -86.53922540576373 39.171491832507535, -86.53849422240074 39.170271926765594, -86.5378861315578 39.168986226700945, -86.53740698948214 39.16764711430804, -86.53706141057387 39.16626748597125, -86.53685272294678 39.16486062826565, -86.53678293637681 39.16344009))",9,6
902376844,2015-01-05,Weekday,07:00:00,1-Car,No injury/unknown,RAN OFF ROAD RIGHT,W BEECH & W WOODLAND,39.208544,-86.591504,"39.208544,-86.591504",0,Clear,1,POINT (-86.591504 39.208544),0.0,,7,6
902455905,2015-06-03,Weekday,16:00:00,2-Car,Incapacitating,FAILURE TO YIELD RIGHT OF WAY,S WEIMER & W BLOOMFIELD,39.15424012,-86.56434975,"39.15424012,-86.56434975",4,Clear,2,POINT (-86.56434975 39.15424012),0.0,"POLYGON ((-86.54985699637682 39.15424012, -86.54992678294678 39.15281958173435, -86.55013547057388 39.15141272402875, -86.55048104948214 39.15003309569196, -86.5509601915578 39.148693983299054, -86.55156828240075 39.147408283234405, -86.55229946576374 39.146188377492464, -86.55314669995127 39.14504601443241, -86.55410182563499 39.14399219563497, -86.55515564443242 39.14303706995126, -86.55629800749247 39.14218983576373, -86.5575179132344 39.14145865240074, -86.55880361329906 39.140850561557805, -86.56014272569197 39.140371419482136, -86.56152235402875 39.14002584057386, -86.56292921173436 39.139817152946776, -86.56434975 39.13974736637681, -86.56577028826565 39.139817152946776, -86.56717714597126 39.14002584057386, -86.56855677430804 39.140371419482136, -86.56989588670095 39.140850561557805, -86.5711815867656 39.14145865240074, -86.57240149250754 39.14218983576373, -86.57354385556759 39.14303706995126, -86.57459767436502 39.14399219563497, -86.57555280004874 39.14504601443241, -86.57640003423627 39.146188377492464, -86.57713121759926 39.147408283234405, -86.5777393084422 39.148693983299054, -86.57821845051787 39.15003309569196, -86.57856402942613 39.15141272402875, -86.57877271705323 39.15281958173435, -86.57884250362319 39.15424012, -86.57877271705323 39.155660658265646, -86.57856402942613 39.15706751597124, -86.57821845051787 39.158447144308035, -86.5777393084422 39.15978625670094, -86.57713121759926 39.16107195676559, -86.57640003423627 39.16229186250753, -86.57555280004874 39.163434225567585, -86.57459767436502 39.16448804436502, -86.57354385556759 39.16544317004873, -86.57240149250754 39.166290404236264, -86.5711815867656 39.16702158759925, -86.56989588670095 39.16762967844219, -86.56855677430804 39.16810882051786, -86.56717714597126 39.16845439942613, -86.56577028826565 39.16866308705322, -86.56434975 39.168732873623185, -86.56292921173436 39.16866308705322, -86.56152235402875 39.16845439942613, -86.56014272569197 39.16810882051786, -86.55880361329906 39.16762967844219, -86.5575179132344 39.16702158759925, -86.55629800749247 39.166290404236264, -86.55515564443242 39.16544317004873, -86.55410182563499 39.16448804436502, -86.55314669995127 39.163434225567585, -86.55229946576374 39.16229186250753, -86.55156828240075 39.16107195676559, -86.5509601915578 39.15978625670094, -86.55048104948214 39.158447144308035, -86.55013547057388 39.15706751597124, -86.54992678294678 39.155660658265646, -86.54985699637682 39.15424012))",16,6
902581022,2015-12-02,Weekday,16:00:00,2-Car,No injury/unknown,TIRE FAILURE OR DEFECTIVE,N SMITH & W NELSON,39.199072,-86.583152,"39.199072,-86.583152",0,Clear,1,POINT (-86.583152 39.199072),0.0,,16,6
902470642,2015-06-06,Weekday,15:00:00,2-Car,No injury/unknown,SPEED TOO FAST FOR WEATHER CONDITIONS,CATHCART & PIAZZA,39.14885022,-86.49986006,"39.14885022,-86.49986006",3,Clear,1,POINT (-86.49986006 39.14885022),0.0,"POLYGON ((-86.48536730637682 39.14885022, -86.48543709294678 39.14742968173435, -86.48564578057388 39.146022824028755, -86.48599135948214 39.14464319569196, -86.4864705015578 39.14330408329906, -86.48707859240075 39.14201838323441, -86.48780977576374 39.14079847749247, -86.48865700995127 39.13965611443241, -86.48961213563499 39.138602295634975, -86.49066595443242 39.137647169951265, -86.49180831749247 39.13679993576373, -86.4930282232344 39.136068752400746, -86.49431392329906 39.13546066155781, -86.49565303569197 39.13498151948214, -86.49703266402875 39.134635940573865, -86.49843952173435 39.13442725294678, -86.49986006 39.13435746637681, -86.50128059826565 39.13442725294678, -86.50268745597126 39.134635940573865, -86.50406708430803 39.13498151948214, -86.50540619670095 39.13546066155781, -86.5066918967656 39.136068752400746, -86.50791180250754 39.13679993576373, -86.50905416556759 39.137647169951265, -86.51010798436502 39.138602295634975, -86.51106311004874 39.13965611443241, -86.51191034423627 39.14079847749247, -86.51264152759926 39.14201838323441, -86.5132496184422 39.14330408329906, -86.51372876051786 39.14464319569196, -86.51407433942613 39.146022824028755, -86.51428302705322 39.14742968173435, -86.51435281362319 39.14885022, -86.51428302705322 39.15027075826565, -86.51407433942613 39.151677615971245, -86.51372876051786 39.15305724430804, -86.5132496184422 39.15439635670094, -86.51264152759926 39.15568205676559, -86.51191034423627 39.15690196250753, -86.51106311004874 39.15804432556759, -86.51010798436502 39.159098144365025, -86.50905416556759 39.160053270048735, -86.50791180250754 39.16090050423627, -86.5066918967656 39.161631687599254, -86.50540619670095 39.16223977844219, -86.50406708430803 39.16271892051786, -86.50268745597126 39.163064499426135, -86.50128059826565 39.16327318705322, -86.49986006 39.16334297362319, -86.49843952173435 39.16327318705322, -86.49703266402875 39.163064499426135, -86.49565303569197 39.16271892051786, -86.49431392329906 39.16223977844219, -86.4930282232344 39.161631687599254, -86.49180831749247 39.16090050423627, -86.49066595443242 39.160053270048735, -86.48961213563499 39.159098144365025, -86.48865700995127 39.15804432556759, -86.48780977576374 39.15690196250753, -86.48707859240075 39.15568205676559, -86.4864705015578 39.15439635670094, -86.48599135948214 39.15305724430804, -86.48564578057388 39.151677615971245, -86.48543709294678 39.15027075826565, -86.48536730637682 39.14885022))",15,6
902580156,2015-12-03,Weekday,07:00:00,2-Car,No injury/unknown,UNSAFE BACKING,W KIRKWOOD,39.16632462,-86.53919219,"39.16632462,-86.53919219",43,Clear,1,POINT (-86.53919219 39.16632462),0.0,"POLYGON ((-86.5246994363768 39.16632462, -86.52476922294677 39.16490408173435, -86.52497791057387 39.16349722402875, -86.52532348948213 39.16211759569196, -86.5258026315578 39.160778483299055, -86.52641072240074 39.159492783234406, -86.52714190576373 39.158272877492465, -86.52798913995126 39.15713051443241, -86.52894426563498 39.15607669563497, -86.5299980844324 39.15512156995126, -86.53114044749246 39.15427433576373, -86.5323603532344 39.153543152400744, -86.53364605329905 39.152935061557805, -86.53498516569196 39.152455919482136, -86.53636479402874 39.15211034057386, -86.53777165173435 39.151901652946776, -86.53919219 39.15183186637681, -86.54061272826564 39.151901652946776, -86.54201958597125 39.15211034057386, -86.54339921430802 39.152455919482136, -86.54473832670094 39.152935061557805, -86.5460240267656 39.153543152400744, -86.54724393250753 39.15427433576373, -86.54838629556758 39.15512156995126, -86.54944011436501 39.15607669563497, -86.55039524004873 39.15713051443241, -86.55124247423626 39.158272877492465, -86.55197365759925 39.159492783234406, -86.5525817484422 39.160778483299055, -86.55306089051786 39.16211759569196, -86.55340646942612 39.16349722402875, -86.55361515705322 39.16490408173435, -86.55368494362318 39.16632462, -86.55361515705322 39.167745158265646, -86.55340646942612 39.16915201597124, -86.55306089051786 39.170531644308035, -86.5525817484422 39.17187075670094, -86.55197365759925 39.17315645676559, -86.55124247423626 39.17437636250753, -86.55039524004873 39.175518725567585, -86.54944011436501 39.17657254436502, -86.54838629556758 39.17752767004873, -86.54724393250753 39.178374904236264, -86.5460240267656 39.17910608759925, -86.54473832670094 39.17971417844219, -86.54339921430802 39.18019332051786, -86.54201958597125 39.18053889942613, -86.54061272826564 39.18074758705322, -86.53919219 39.180817373623185, -86.53777165173435 39.18074758705322, -86.53636479402874 39.18053889942613, -86.53498516569196 39.18019332051786, -86.53364605329905 39.17971417844219, -86.5323603532344 39.17910608759925, -86.53114044749246 39.178374904236264, -86.5299980844324 39.17752767004873, -86.52894426563498 39.17657254436502, -86.52798913995126 39.175518725567585, -86.52714190576373 39.17437636250753, -86.52641072240074 39.17315645676559, -86.5258026315578 39.17187075670094, -86.52532348948213 39.170531644308035, -86.52497791057387 39.16915201597124, -86.52476922294677 39.167745158265646, -86.5246994363768 39.16632462))",7,5
902395807,2015-02-02,Weekday,14:00:00,1-Car,No injury/unknown,RAN OFF ROAD RIGHT,VILLAGE & W MIDDLE,39.159168,-86.583888,"39.159168,-86.583888",5,Overcast,1,POINT (-86.583888 39.159168),0.0,"POLYGON ((-86.56939524637681 39.159168, -86.56946503294678 39.15774746173435, -86.56967372057387 39.156340604028756, -86.57001929948214 39.154960975691964, -86.5704984415578 39.15362186329906, -86.57110653240075 39.15233616323441, -86.57183771576373 39.15111625749247, -86.57268494995127 39.149973894432414, -86.57364007563498 39.148920075634976, -86.57469389443241 39.147964949951266, -86.57583625749247 39.147117715763734, -86.5770561632344 39.14638653240075, -86.57834186329906 39.14577844155781, -86.57968097569197 39.14529929948214, -86.58106060402875 39.14495372057387, -86.58246746173435 39.14474503294678, -86.583888 39.14467524637681, -86.58530853826565 39.14474503294678, -86.58671539597125 39.14495372057387, -86.58809502430803 39.14529929948214, -86.58943413670094 39.14577844155781, -86.5907198367656 39.14638653240075, -86.59193974250753 39.147117715763734, -86.59308210556759 39.147964949951266, -86.59413592436502 39.148920075634976, -86.59509105004874 39.149973894432414, -86.59593828423627 39.15111625749247, -86.59666946759926 39.15233616323441, -86.5972775584422 39.15362186329906, -86.59775670051786 39.154960975691964, -86.59810227942613 39.156340604028756, -86.59831096705322 39.15774746173435, -86.59838075362319 39.159168, -86.59831096705322 39.16058853826565, -86.59810227942613 39.161995395971246, -86.59775670051786 39.16337502430804, -86.5972775584422 39.164714136700944, -86.59666946759926 39.16599983676559, -86.59593828423627 39.167219742507534, -86.59509105004874 39.16836210556759, -86.59413592436502 39.169415924365026, -86.59308210556759 39.170371050048736, -86.59193974250753 39.17121828423627, -86.5907198367656 39.171949467599255, -86.58943413670094 39.17255755844219, -86.58809502430803 39.17303670051786, -86.58671539597125 39.173382279426136, -86.58530853826565 39.17359096705322, -86.583888 39.17366075362319, -86.58246746173435 39.17359096705322, -86.58106060402875 39.173382279426136, -86.57968097569197 39.17303670051786, -86.57834186329906 39.17255755844219, -86.5770561632344 39.171949467599255, -86.57583625749247 39.17121828423627, -86.57469389443241 39.170371050048736, -86.57364007563498 39.169415924365026, -86.57268494995127 39.16836210556759, -86.57183771576373 39.167219742507534, -86.57110653240075 39.16599983676559, -86.5704984415578 39.164714136700944, -86.57001929948214 39.16337502430804, -86.56967372057387 39.161995395971246, -86.56946503294678 39.16058853826565, -86.56939524637681 39.159168))",14,6
902426498,2015-04-05,Weekday,18:00:00,2-Car,Non-incapacitating,FAILURE TO YIELD RIGHT OF WAY,E COVENANTER & S COLLEGE MALL,39.155152,-86.497888,"39.155152,-86.497888",5,Clear,2,POINT (-86.497888 39.155152),0.0,"POLYGON ((-86.48339524637682 39.155152, -86.48346503294678 39.15373146173435, -86.48367372057388 39.152324604028756, -86.48401929948214 39.150944975691964, -86.4844984415578 39.14960586329906, -86.48510653240075 39.14832016323441, -86.48583771576374 39.14710025749247, -86.48668494995127 39.145957894432414, -86.48764007563499 39.144904075634976, -86.48869389443242 39.143948949951266, -86.48983625749247 39.143101715763734, -86.4910561632344 39.14237053240075, -86.49234186329906 39.14176244155781, -86.49368097569197 39.14128329948214, -86.49506060402875 39.140937720573866, -86.49646746173435 39.14072903294678, -86.497888 39.14065924637681, -86.49930853826565 39.14072903294678, -86.50071539597126 39.140937720573866, -86.50209502430803 39.14128329948214, -86.50343413670095 39.14176244155781, -86.5047198367656 39.14237053240075, -86.50593974250754 39.143101715763734, -86.50708210556759 39.143948949951266, -86.50813592436502 39.144904075634976, -86.50909105004874 39.145957894432414, -86.50993828423627 39.14710025749247, -86.51066946759926 39.14832016323441, -86.5112775584422 39.14960586329906, -86.51175670051786 39.150944975691964, -86.51210227942613 39.152324604028756, -86.51231096705322 39.15373146173435, -86.51238075362319 39.155152, -86.51231096705322 39.15657253826565, -86.51210227942613 39.157979395971246, -86.51175670051786 39.15935902430804, -86.5112775584422 39.160698136700944, -86.51066946759926 39.16198383676559, -86.50993828423627 39.163203742507534, -86.50909105004874 39.16434610556759, -86.50813592436502 39.165399924365026, -86.50708210556759 39.166355050048736, -86.50593974250754 39.16720228423627, -86.5047198367656 39.167933467599255, -86.50343413670095 39.16854155844219, -86.50209502430803 39.16902070051786, -86.50071539597126 39.169366279426136, -86.49930853826565 39.16957496705322, -86.497888 39.16964475362319, -86.49646746173435 39.16957496705322, -86.49506060402875 39.169366279426136, -86.49368097569197 39.16902070051786, -86.49234186329906 39.16854155844219, -86.4910561632344 39.167933467599255, -86.48983625749247 39.16720228423627, -86.48869389443242 39.166355050048736, -86.48764007563499 39.165399924365026, -86.48668494995127 39.16434610556759, -86.48583771576374 39.163203742507534, -86.48510653240075 39.16198383676559, -86.4844984415578 39.160698136700944, -86.48401929948214 39.15935902430804, -86.48367372057388 39.157979395971246, -86.48346503294678 39.15657253826565, -86.48339524637682 39.155152))",18,6
902469598,2015-06-05,Weekday,08:00:00,1-Car,Non-incapacitating,SPEED TOO FAST FOR WEATHER CONDITIONS,DUNN & SR37N,39.18363953,-86.52836915,"39.18363953,-86.52836915",3,Partly cloudy,2,POINT (-86.52836915 39.18363953),0.0,"POLYGON ((-86.51387639637682 39.18363953, -86.51394618294678 39.18221899173435, -86.51415487057388 39.180812134028756, -86.51450044948214 39.17943250569196, -86.5149795915578 39.17809339329906, -86.51558768240075 39.17680769323441, -86.51631886576374 39.17558778749247, -86.51716609995127 39.17444542443241, -86.51812122563499 39.173391605634976, -86.51917504443242 39.172436479951266, -86.52031740749247 39.171589245763734, -86.5215373132344 39.17085806240075, -86.52282301329906 39.17024997155781, -86.52416212569197 39.16977082948214, -86.52554175402875 39.169425250573866, -86.52694861173435 39.16921656294678, -86.52836915 39.16914677637681, -86.52978968826565 39.16921656294678, -86.53119654597126 39.169425250573866, -86.53257617430803 39.16977082948214, -86.53391528670095 39.17024997155781, -86.5352009867656 39.17085806240075, -86.53642089250754 39.171589245763734, -86.53756325556759 39.172436479951266, -86.53861707436502 39.173391605634976, -86.53957220004874 39.17444542443241, -86.54041943423627 39.17558778749247, -86.54115061759926 39.17680769323441, -86.5417587084422 39.17809339329906, -86.54223785051786 39.17943250569196, -86.54258342942613 39.180812134028756, -86.54279211705322 39.18221899173435, -86.54286190362319 39.18363953, -86.54279211705322 39.18506006826565, -86.54258342942613 39.186466925971246, -86.54223785051786 39.18784655430804, -86.5417587084422 39.18918566670094, -86.54115061759926 39.19047136676559, -86.54041943423627 39.19169127250753, -86.53957220004874 39.19283363556759, -86.53861707436502 39.193887454365026, -86.53756325556759 39.194842580048736, -86.53642089250754 39.19568981423627, -86.5352009867656 39.196420997599255, -86.53391528670095 39.19702908844219, -86.53257617430803 39.19750823051786, -86.53119654597126 39.197853809426135, -86.52978968826565 39.19806249705322, -86.52836915 39.19813228362319, -86.52694861173435 39.19806249705322, -86.52554175402875 39.197853809426135, -86.52416212569197 39.19750823051786, -86.52282301329906 39.19702908844219, -86.5215373132344 39.196420997599255, -86.52031740749247 39.19568981423627, -86.51917504443242 39.194842580048736, -86.51812122563499 39.193887454365026, -86.51716609995127 39.19283363556759, -86.51631886576374 39.19169127250753, -86.51558768240075 39.19047136676559, -86.5149795915578 39.18918566670094, -86.51450044948214 39.18784655430804, -86.51415487057388 39.186466925971246, -86.51394618294678 39.18506006826565, -86.51387639637682 39.18363953))",8,6
902452901,2015-05-05,Weekday,16:00:00,2-Car,Non-incapacitating,DISREGARD SIGNAL/REG SIGN,E 6TH & N WALNUT,39.167648,-86.533584,"39.167648,-86.533584",41,Clear,2,POINT (-86.533584 39.167648),0.0,"POLYGON ((-86.51909124637682 39.167648, -86.51916103294678 39.16622746173435, -86.51936972057388 39.164820604028755, -86.51971529948214 39.16344097569196, -86.5201944415578 39.16210186329906, -86.52080253240075 39.16081616323441, -86.52153371576374 39.15959625749247, -86.52238094995127 39.15845389443241, -86.52333607563499 39.157400075634975, -86.52438989443242 39.156444949951265, -86.52553225749247 39.15559771576373, -86.5267521632344 39.154866532400746, -86.52803786329906 39.15425844155781, -86.52937697569197 39.15377929948214, -86.53075660402875 39.153433720573865, -86.53216346173436 39.15322503294678, -86.533584 39.15315524637681, -86.53500453826565 39.15322503294678, -86.53641139597126 39.153433720573865, -86.53779102430804 39.15377929948214, -86.53913013670095 39.15425844155781, -86.5404158367656 39.154866532400746, -86.54163574250754 39.15559771576373, -86.54277810556759 39.156444949951265, -86.54383192436502 39.157400075634975, -86.54478705004874 39.15845389443241, -86.54563428423627 39.15959625749247, -86.54636546759926 39.16081616323441, -86.5469735584422 39.16210186329906, -86.54745270051787 39.16344097569196, -86.54779827942613 39.164820604028755, -86.54800696705323 39.16622746173435, -86.54807675362319 39.167648, -86.54800696705323 39.16906853826565, -86.54779827942613 39.170475395971245, -86.54745270051787 39.17185502430804, -86.5469735584422 39.17319413670094, -86.54636546759926 39.17447983676559, -86.54563428423627 39.17569974250753, -86.54478705004874 39.17684210556759, -86.54383192436502 39.177895924365025, -86.54277810556759 39.178851050048735, -86.54163574250754 39.17969828423627, -86.5404158367656 39.180429467599254, -86.53913013670095 39.18103755844219, -86.53779102430804 39.18151670051786, -86.53641139597126 39.181862279426134, -86.53500453826565 39.18207096705322, -86.533584 39.18214075362319, -86.53216346173436 39.18207096705322, -86.53075660402875 39.181862279426134, -86.52937697569197 39.18151670051786, -86.52803786329906 39.18103755844219, -86.5267521632344 39.180429467599254, -86.52553225749247 39.17969828423627, -86.52438989443242 39.178851050048735, -86.52333607563499 39.177895924365025, -86.52238094995127 39.17684210556759, -86.52153371576374 39.17569974250753, -86.52080253240075 39.17447983676559, -86.5201944415578 39.17319413670094, -86.51971529948214 39.17185502430804, -86.51936972057388 39.170475395971245, -86.51916103294678 39.16906853826565, -86.51909124637682 39.167648))",16,6
902504744,2015-08-07,Weekend,10:00:00,2-Car,No injury/unknown,UNSAFE LANE MOVEMENT,N WALNUT & W 9TH,39.170544,-86.533536,"39.170544,-86.533536",39,Clear,1,POINT (-86.533536 39.170544),0.0,"POLYGON ((-86.51904324637681 39.170544, -86.51911303294678 39.16912346173435, -86.51932172057387 39.167716604028755, -86.51966729948214 39.16633697569196, -86.5201464415578 39.16499786329906, -86.52075453240074 39.16371216323441, -86.52148571576373 39.16249225749247, -86.52233294995126 39.16134989443241, -86.52328807563498 39.160296075634974, -86.52434189443241 39.159340949951265, -86.52548425749247 39.15849371576373, -86.5267041632344 39.157762532400746, -86.52798986329906 39.15715444155781, -86.52932897569197 39.15667529948214, -86.53070860402875 39.156329720573865, -86.53211546173435 39.15612103294678, -86.533536 39.15605124637681, -86.53495653826565 39.15612103294678, -86.53636339597125 39.156329720573865, -86.53774302430803 39.15667529948214, -86.53908213670094 39.15715444155781, -86.5403678367656 39.157762532400746, -86.54158774250753 39.15849371576373, -86.54273010556759 39.159340949951265, -86.54378392436502 39.160296075634974, -86.54473905004873 39.16134989443241, -86.54558628423626 39.16249225749247, -86.54631746759925 39.16371216323441, -86.5469255584422 39.16499786329906, -86.54740470051786 39.16633697569196, -86.54775027942613 39.167716604028755, -86.54795896705322 39.16912346173435, -86.54802875362319 39.170544, -86.54795896705322 39.17196453826565, -86.54775027942613 39.173371395971245, -86.54740470051786 39.17475102430804, -86.5469255584422 39.17609013670094, -86.54631746759925 39.17737583676559, -86.54558628423626 39.17859574250753, -86.54473905004873 39.17973810556759, -86.54378392436502 39.180791924365025, -86.54273010556759 39.181747050048735, -86.54158774250753 39.182594284236266, -86.5403678367656 39.18332546759925, -86.53908213670094 39.18393355844219, -86.53774302430803 39.18441270051786, -86.53636339597125 39.184758279426134, -86.53495653826565 39.18496696705322, -86.533536 39.18503675362319, -86.53211546173435 39.18496696705322, -86.53070860402875 39.184758279426134, -86.52932897569197 39.18441270051786, -86.52798986329906 39.18393355844219, -86.5267041632344 39.18332546759925, -86.52548425749247 39.182594284236266, -86.52434189443241 39.181747050048735, -86.52328807563498 39.180791924365025, -86.52233294995126 39.17973810556759, -86.52148571576373 39.17859574250753, -86.52075453240074 39.17737583676559, -86.5201464415578 39.17609013670094, -86.51966729948214 39.17475102430804, -86.51932172057387 39.173371395971245, -86.51911303294678 39.17196453826565, -86.51904324637681 39.170544))",10,6