Master Record Number,Date,Weekend?,Hour,Collision Type,Injury Type,Primary Factor,Reported_Location,Latitude,Longitude,Location,Number of Bars,Weather Condition,Severity,geometry,area_number,bar_location,Hour of Day,Visibility (mi)
902426650,2015-04-06,Weekday,00:00:00,1-Car,No injury/unknown,UNSAFE LANE MOVEMENT,7TH & N WALNUT,39.16864,-86.533568,"39.16864,-86.533568",41,Clear,1,POINT (-86.533568 39.16864),0.0,"POLYGON ((-86.51907524637681 39.16864, -86.51914503294678 39.167219461734355, -86.51935372057387 39.16581260402876, -86.51969929948214 39.164432975691966, -86.5201784415578 39.16309386329906, -86.52078653240075 39.16180816323441, -86.52151771576374 39.16058825749247, -86.52236494995127 39.159445894432416, -86.52332007563498 39.15839207563498, -86.52437389443241 39.15743694995127, -86.52551625749247 39.15658971576374, -86.5267361632344 39.15585853240075, -86.52802186329906 39.15525044155781, -86.52936097569197 39.15477129948214, -86.53074060402875 39.15442572057387, -86.53214746173435 39.15421703294678, -86.533568 39.154147246376816, -86.53498853826565 39.15421703294678, -86.53639539597125 39.15442572057387, -86.53777502430803 39.15477129948214, -86.53911413670095 39.15525044155781, -86.5403998367656 39.15585853240075, -86.54161974250754 39.15658971576374, -86.54276210556759 39.15743694995127, -86.54381592436502 39.15839207563498, -86.54477105004874 39.159445894432416, -86.54561828423627 39.16058825749247, -86.54634946759926 39.16180816323441, -86.5469575584422 39.16309386329906, -86.54743670051786 39.164432975691966, -86.54778227942613 39.16581260402876, -86.54799096705322 39.167219461734355, -86.54806075362319 39.16864, -86.54799096705322 39.17006053826565, -86.54778227942613 39.17146739597125, -86.54743670051786 39.17284702430804, -86.5469575584422 39.174186136700946, -86.54634946759926 39.175471836765595, -86.54561828423627 39.176691742507536, -86.54477105004874 39.17783410556759, -86.54381592436502 39.17888792436503, -86.54276210556759 39.17984305004874, -86.54161974250754 39.18069028423627, -86.5403998367656 39.18142146759926, -86.53911413670095 39.182029558442196, -86.53777502430803 39.182508700517864, -86.53639539597125 39.18285427942614, -86.53498853826565 39.183062967053225, -86.533568 39.18313275362319, -86.53214746173435 39.183062967053225, -86.53074060402875 39.18285427942614, -86.52936097569197 39.182508700517864, -86.52802186329906 39.182029558442196, -86.5267361632344 39.18142146759926, -86.52551625749247 39.18069028423627, -86.52437389443241 39.17984305004874, -86.52332007563498 39.17888792436503, -86.52236494995127 39.17783410556759, -86.52151771576374 39.176691742507536, -86.52078653240075 39.175471836765595, -86.5201784415578 39.174186136700946, -86.51969929948214 39.17284702430804, -86.51935372057387 39.17146739597125, -86.51914503294678 39.17006053826565, -86.51907524637681 39.16864))",0,6
902430099,2015-04-05,Weekday,19:00:00,2-Car,Non-incapacitating,FAILURE TO YIELD RIGHT OF WAY,EAST 3RD & PARK RIDGE,39.16424,-86.476096,"39.16424,-86.476096",1,Clear,2,POINT (-86.476096 39.16424),0.0,"POLYGON ((-86.46160324637681 39.16424, -86.46167303294678 39.16281946173435, -86.46188172057387 39.161412604028754, -86.46222729948214 39.16003297569196, -86.4627064415578 39.15869386329906, -86.46331453240074 39.15740816323441, -86.46404571576373 39.15618825749247, -86.46489294995126 39.15504589443241, -86.46584807563498 39.153992075634974, -86.46690189443241 39.153036949951264, -86.46804425749247 39.15218971576373, -86.4692641632344 39.151458532400746, -86.47054986329906 39.15085044155781, -86.47188897569197 39.15037129948214, -86.47326860402875 39.150025720573865, -86.47467546173435 39.14981703294678, -86.476096 39.14974724637681, -86.47751653826565 39.14981703294678, -86.47892339597125 39.150025720573865, -86.48030302430803 39.15037129948214, -86.48164213670094 39.15085044155781, -86.4829278367656 39.151458532400746, -86.48414774250753 39.15218971576373, -86.48529010556759 39.153036949951264, -86.48634392436502 39.153992075634974, -86.48729905004873 39.15504589443241, -86.48814628423627 39.15618825749247, -86.48887746759925 39.15740816323441, -86.4894855584422 39.15869386329906, -86.48996470051786 39.16003297569196, -86.49031027942613 39.161412604028754, -86.49051896705322 39.16281946173435, -86.49058875362319 39.16424, -86.49051896705322 39.16566053826565, -86.49031027942613 39.167067395971245, -86.48996470051786 39.16844702430804, -86.4894855584422 39.16978613670094, -86.48887746759925 39.17107183676559, -86.48814628423627 39.17229174250753, -86.48729905004873 39.17343410556759, -86.48634392436502 39.174487924365025, -86.48529010556759 39.175443050048735, -86.48414774250753 39.176290284236266, -86.4829278367656 39.17702146759925, -86.48164213670094 39.17762955844219, -86.48030302430803 39.17810870051786, -86.47892339597125 39.178454279426134, -86.47751653826565 39.17866296705322, -86.476096 39.17873275362319, -86.47467546173435 39.17866296705322, -86.47326860402875 39.178454279426134, -86.47188897569197 39.17810870051786, -86.47054986329906 39.17762955844219, -86.4692641632344 39.17702146759925, -86.46804425749247 39.176290284236266, -86.46690189443241 39.175443050048735, -86.46584807563498 39.174487924365025, -86.46489294995126 39.17343410556759, -86.46404571576373 39.17229174250753, -86.46331453240074 39.17107183676559, -86.4627064415578 39.16978613670094, -86.46222729948214 39.16844702430804, -86.46188172057387 39.167067395971245, -86.46167303294678 39.16566053826565, -86.46160324637681 39.16424))",19,6
902528507,2015-09-01,Weekday,20:00:00,2-Car,No injury/unknown,FOLLOWING TOO CLOSELY,3RD & SWAIN,39.16425012,-86.51525996,"39.16425012,-86.51525996",12,Partly cloudy,1,POINT (-86.51525996 39.16425012),0.0,"POLYGON ((-86.5007672063768 39.16425012, -86.50083699294677 39.16282958173435, -86.50104568057387 39.16142272402875, -86.50139125948213 39.16004309569196, -86.5018704015578 39.158703983299056, -86.50247849240074 39.157418283234406, -86.50320967576373 39.156198377492466, -86.50405690995126 39.15505601443241, -86.50501203563498 39.15400219563497, -86.5060658544324 39.15304706995126, -86.50720821749246 39.15219983576373, -86.5084281232344 39.151468652400744, -86.50971382329905 39.150860561557806, -86.51105293569196 39.15038141948214, -86.51243256402874 39.150035840573864, -86.51383942173435 39.14982715294678, -86.51525996 39.14975736637681, -86.51668049826564 39.14982715294678, -86.51808735597125 39.150035840573864, -86.51946698430802 39.15038141948214, -86.52080609670094 39.150860561557806, -86.5220917967656 39.151468652400744, -86.52331170250753 39.15219983576373, -86.52445406556758 39.15304706995126, -86.52550788436501 39.15400219563497, -86.52646301004873 39.15505601443241, -86.52731024423626 39.156198377492466, -86.52804142759925 39.157418283234406, -86.5286495184422 39.158703983299056, -86.52912866051786 39.16004309569196, -86.52947423942612 39.16142272402875, -86.52968292705322 39.16282958173435, -86.52975271362318 39.16425012, -86.52968292705322 39.16567065826565, -86.52947423942612 39.16707751597124, -86.52912866051786 39.168457144308036, -86.5286495184422 39.16979625670094, -86.52804142759925 39.17108195676559, -86.52731024423626 39.17230186250753, -86.52646301004873 39.173444225567586, -86.52550788436501 39.17449804436502, -86.52445406556758 39.17545317004873, -86.52331170250753 39.176300404236265, -86.5220917967656 39.17703158759925, -86.52080609670094 39.17763967844219, -86.51946698430802 39.17811882051786, -86.51808735597125 39.17846439942613, -86.51668049826564 39.17867308705322, -86.51525996 39.178742873623186, -86.51383942173435 39.17867308705322, -86.51243256402874 39.17846439942613, -86.51105293569196 39.17811882051786, -86.50971382329905 39.17763967844219, -86.5084281232344 39.17703158759925, -86.50720821749246 39.176300404236265, -86.5060658544324 39.17545317004873, -86.50501203563498 39.17449804436502, -86.50405690995126 39.173444225567586, -86.50320967576373 39.17230186250753, -86.50247849240074 39.17108195676559, -86.5018704015578 39.16979625670094, -86.50139125948213 39.168457144308036, -86.50104568057387 39.16707751597124, -86.50083699294677 39.16567065826565, -86.5007672063768 39.16425012))",20,3
902545678,2015-10-01,Weekend,15:00:00,2-Car,No injury/unknown,FAILURE TO YIELD RIGHT OF WAY,FEE & SR4546W,39.186032,-86.51984,"39.186032,-86.51984",0,Clear,1,POINT (-86.51984 39.186032),0.0,,15,6
902584550,2015-12-05,Weekday,10:00:00,2-Car,No injury/unknown,OTHER (DRIVER) - EXPLAIN IN NARRATIVE,13TH & INDIANA,39.17558638,-86.52710592,"39.17558638,-86.52710592",40,Clear,1,POINT (-86.52710592 39.17558638),0.0,"POLYGON ((-86.51261316637681 39.17558638, -86.51268295294678 39.17416584173435, -86.51289164057387 39.172758984028754, -86.51323721948214 39.17137935569196, -86.5137163615578 39.170040243299056, -86.51432445240074 39.16875454323441, -86.51505563576373 39.167534637492466, -86.51590286995126 39.16639227443241, -86.51685799563498 39.16533845563497, -86.51791181443241 39.164383329951264, -86.51905417749246 39.16353609576373, -86.5202740832344 39.162804912400745, -86.52155978329905 39.16219682155781, -86.52289889569197 39.16171767948214, -86.52427852402874 39.161372100573864, -86.52568538173435 39.16116341294678, -86.52710592 39.16109362637681, -86.52852645826565 39.16116341294678, -86.52993331597125 39.161372100573864, -86.53131294430803 39.16171767948214, -86.53265205670094 39.16219682155781, -86.5339377567656 39.162804912400745, -86.53515766250753 39.16353609576373, -86.53630002556758 39.164383329951264, -86.53735384436501 39.16533845563497, -86.53830897004873 39.16639227443241, -86.53915620423626 39.167534637492466, -86.53988738759925 39.16875454323441, -86.5404954784422 39.170040243299056, -86.54097462051786 39.17137935569196, -86.54132019942612 39.172758984028754, -86.54152888705322 39.17416584173435, -86.54159867362318 39.17558638, -86.54152888705322 39.17700691826565, -86.54132019942612 39.178413775971244, -86.54097462051786 39.179793404308036, -86.5404954784422 39.18113251670094, -86.53988738759925 39.18241821676559, -86.53915620423626 39.18363812250753, -86.53830897004873 39.184780485567586, -86.53735384436501 39.185834304365024, -86.53630002556758 39.186789430048734, -86.53515766250753 39.187636664236265, -86.5339377567656 39.18836784759925, -86.53265205670094 39.18897593844219, -86.53131294430803 39.18945508051786, -86.52993331597125 39.18980065942613, -86.52852645826565 39.19000934705322, -86.52710592 39.190079133623186, -86.52568538173435 39.19000934705322, -86.52427852402874 39.18980065942613, -86.52289889569197 39.18945508051786, -86.52155978329905 39.18897593844219, -86.5202740832344 39.18836784759925, -86.51905417749246 39.187636664236265, -86.51791181443241 39.186789430048734, -86.51685799563498 39.185834304365024, -86.51590286995126 39.184780485567586, -86.51505563576373 39.18363812250753, -86.51432445240074 39.18241821676559, -86.5137163615578 39.18113251670094, -86.51323721948214 39.179793404308036, -86.51289164057387 39.178413775971244, -86.51268295294678 39.17700691826565, -86.51261316637681 39.17558638))",10,6
902478778,2015-07-07,Weekend,04:00:00,1-Car,No injury/unknown,RAN OFF ROAD RIGHT,SR45E,39.18636,-86.533048,"39.18636,-86.533048",2,Partly cloudy,1,POINT (-86.533048 39.18636),0.0,"POLYGON ((-86.5185552463768 39.18636, -86.51862503294677 39.18493946173435, -86.51883372057387 39.183532604028755, -86.51917929948213 39.18215297569196, -86.5196584415578 39.18081386329906, -86.52026653240074 39.17952816323441, -86.52099771576373 39.17830825749247, -86.52184494995126 39.17716589443241, -86.52280007563498 39.176112075634975, -86.5238538944324 39.175156949951266, -86.52499625749246 39.174309715763734, -86.5262161632344 39.17357853240075, -86.52750186329905 39.17297044155781, -86.52884097569196 39.17249129948214, -86.53022060402874 39.172145720573866, -86.53162746173435 39.17193703294678, -86.533048 39.17186724637681, -86.53446853826564 39.17193703294678, -86.53587539597125 39.172145720573866, -86.53725502430802 39.17249129948214, -86.53859413670094 39.17297044155781, -86.53987983676559 39.17357853240075, -86.54109974250753 39.174309715763734, -86.54224210556758 39.175156949951266, -86.54329592436501 39.176112075634975, -86.54425105004873 39.17716589443241, -86.54509828423626 39.17830825749247, -86.54582946759925 39.17952816323441, -86.5464375584422 39.18081386329906, -86.54691670051785 39.18215297569196, -86.54726227942612 39.183532604028755, -86.54747096705321 39.18493946173435, -86.54754075362318 39.18636, -86.54747096705321 39.18778053826565, -86.54726227942612 39.189187395971246, -86.54691670051785 39.19056702430804, -86.5464375584422 39.19190613670094, -86.54582946759925 39.19319183676559, -86.54509828423626 39.19441174250753, -86.54425105004873 39.19555410556759, -86.54329592436501 39.196607924365026, -86.54224210556758 39.197563050048736, -86.54109974250753 39.19841028423627, -86.53987983676559 39.199141467599254, -86.53859413670094 39.19974955844219, -86.53725502430802 39.20022870051786, -86.53587539597125 39.200574279426135, -86.53446853826564 39.20078296705322, -86.533048 39.20085275362319, -86.53162746173435 39.20078296705322, -86.53022060402874 39.200574279426135, -86.52884097569196 39.20022870051786, -86.52750186329905 39.19974955844219, -86.5262161632344 39.199141467599254, -86.52499625749246 39.19841028423627, -86.5238538944324 39.197563050048736, -86.52280007563498 39.196607924365026, -86.52184494995126 39.19555410556759, -86.52099771576373 39.19441174250753, -86.52026653240074 39.19319183676559, -86.5196584415578 39.19190613670094, -86.51917929948213 39.19056702430804, -86.51883372057387 39.189187395971246, -86.51862503294677 39.18778053826565, -86.5185552463768 39.18636))",4,6
902484844,2015-07-07,Weekend,23:00:00,1-Car,No injury/unknown,OTHER (ENVIRONMENTAL) - EXPLAIN IN NARR,SR446S,39.148464,-86.471256,"39.148464,-86.471256",0,Partly cloudy,1,POINT (-86.471256 39.148464),0.0,,23,6
902525033,2015-09-02,Weekday,08:00:00,2-Car,No injury/unknown,UNSAFE BACKING,E 7TH,39.168752,-86.5436,"39.168752,-86.5436",42,Clear,1,POINT (-86.5436 39.168752),0.0,"POLYGON ((-86.52910724637681 39.168752, -86.52917703294678 39.16733146173435, -86.52938572057387 39.16592460402875, -86.52973129948214 39.16454497569196, -86.5302104415578 39.163205863299055, -86.53081853240074 39.161920163234406, -86.53154971576373 39.160700257492465, -86.53239694995126 39.15955789443241, -86.53335207563498 39.15850407563497, -86.53440589443241 39.15754894995126, -86.53554825749247 39.15670171576373, -86.5367681632344 39.155970532400744, -86.53805386329906 39.155362441557806, -86.53939297569197 39.15488329948214, -86.54077260402875 39.15453772057386, -86.54217946173435 39.15432903294678, -86.5436 39.15425924637681, -86.54502053826565 39.15432903294678, -86.54642739597125 39.15453772057386, -86.54780702430803 39.15488329948214, -86.54914613670094 39.155362441557806, -86.5504318367656 39.155970532400744, -86.55165174250753 39.15670171576373, -86.55279410556759 39.15754894995126, -86.55384792436502 39.15850407563497, -86.55480305004873 39.15955789443241, -86.55565028423626 39.160700257492465, -86.55638146759925 39.161920163234406, -86.5569895584422 39.163205863299055, -86.55746870051786 39.16454497569196, -86.55781427942613 39.16592460402875, -86.55802296705322 39.16733146173435, -86.55809275362319 39.168752, -86.55802296705322 39.170172538265646, -86.55781427942613 39.17157939597124, -86.55746870051786 39.172959024308035, -86.5569895584422 39.17429813670094, -86.55638146759925 39.17558383676559, -86.55565028423626 39.17680374250753, -86.55480305004873 39.177946105567585, -86.55384792436502 39.17899992436502, -86.55279410556759 39.17995505004873, -86.55165174250753 39.180802284236265, -86.5504318367656 39.18153346759925, -86.54914613670094 39.18214155844219, -86.54780702430803 39.18262070051786, -86.54642739597125 39.18296627942613, -86.54502053826565 39.18317496705322, -86.5436 39.183244753623185, -86.54217946173435 39.18317496705322, -86.54077260402875 39.18296627942613, -86.53939297569197 39.18262070051786, -86.53805386329906 39.18214155844219, -86.5367681632344 39.18153346759925, -86.53554825749247 39.180802284236265, -86.53440589443241 39.17995505004873, -86.53335207563498 39.17899992436502, -86.53239694995126 39.177946105567585, -86.53154971576373 39.17680374250753, -86.53081853240074 39.17558383676559, -86.5302104415578 39.17429813670094, -86.52973129948214 39.172959024308035, -86.52938572057387 39.17157939597124, -86.52917703294678 39.170172538265646, -86.52910724637681 39.168752))",8,6
902420518,2015-03-07,Weekend,19:00:00,1-Car,No injury/unknown,OVERCORRECTING/OVERSTEERING,E 7TH & WOODLAWN,39.16864,-86.523392,"39.16864,-86.523392",42,Overcast,1,POINT (-86.523392 39.16864),0.0,"POLYGON ((-86.50889924637681 39.16864, -86.50896903294678 39.167219461734355, -86.50917772057387 39.16581260402876, -86.50952329948214 39.164432975691966, -86.5100024415578 39.16309386329906, -86.51061053240075 39.16180816323441, -86.51134171576373 39.16058825749247, -86.51218894995127 39.159445894432416, -86.51314407563498 39.15839207563498, -86.51419789443241 39.15743694995127, -86.51534025749247 39.15658971576374, -86.5165601632344 39.15585853240075, -86.51784586329906 39.15525044155781, -86.51918497569197 39.15477129948214, -86.52056460402875 39.15442572057387, -86.52197146173435 39.15421703294678, -86.523392 39.154147246376816, -86.52481253826565 39.15421703294678, -86.52621939597125 39.15442572057387, -86.52759902430803 39.15477129948214, -86.52893813670094 39.15525044155781, -86.5302238367656 39.15585853240075, -86.53144374250753 39.15658971576374, -86.53258610556759 39.15743694995127, -86.53363992436502 39.15839207563498, -86.53459505004874 39.159445894432416, -86.53544228423627 39.16058825749247, -86.53617346759926 39.16180816323441, -86.5367815584422 39.16309386329906, -86.53726070051786 39.164432975691966, -86.53760627942613 39.16581260402876, -86.53781496705322 39.167219461734355, -86.53788475362319 39.16864, -86.53781496705322 39.17006053826565, -86.53760627942613 39.17146739597125, -86.53726070051786 39.17284702430804, -86.5367815584422 39.174186136700946, -86.53617346759926 39.175471836765595, -86.53544228423627 39.176691742507536, -86.53459505004874 39.17783410556759, -86.53363992436502 39.17888792436503, -86.53258610556759 39.17984305004874, -86.53144374250753 39.18069028423627, -86.5302238367656 39.18142146759926, -86.52893813670094 39.182029558442196, -86.52759902430803 39.182508700517864, -86.52621939597125 39.18285427942614, -86.52481253826565 39.183062967053225, -86.523392 39.18313275362319, -86.52197146173435 39.183062967053225, -86.52056460402875 39.18285427942614, -86.51918497569197 39.182508700517864, -86.51784586329906 39.182029558442196, -86.5165601632344 39.18142146759926, -86.51534025749247 39.18069028423627, -86.51419789443241 39.17984305004874, -86.51314407563498 39.17888792436503, -86.51218894995127 39.17783410556759, -86.51134171576373 39.176691742507536, -86.51061053240075 39.175471836765595, -86.5100024415578 39.174186136700946, -86.50952329948214 39.17284702430804, -86.50917772057387 39.17146739597125, -86.50896903294678 39.17006053826565, -86.50889924637681 39.16864))",19,6
902571903,2015-11-04,Weekday,13:00:00,2-Car,No injury/unknown,DRIVER ASLEEP OR FATIGUED,4TH & SR46W,39.233344,-86.624,"39.233344,-86.624",1,Clear,1,POINT (-86.624 39.233344),0.0,"POLYGON ((-86.60950724637681 39.233344, -86.60957703294677 39.231923461734354, -86.60978572057387 39.23051660402876, -86.61013129948213 39.229136975691965, -86.6106104415578 39.22779786329906, -86.61121853240074 39.22651216323441, -86.61194971576373 39.22529225749247, -86.61279694995126 39.224149894432415, -86.61375207563498 39.22309607563498, -86.61480589443241 39.22214094995127, -86.61594825749246 39.221293715763736, -86.6171681632344 39.22056253240075, -86.61845386329905 39.21995444155781, -86.61979297569196 39.21947529948214, -86.62117260402874 39.21912972057387, -86.62257946173435 39.21892103294678, -86.624 39.218851246376815, -86.62542053826564 39.21892103294678, -86.62682739597125 39.21912972057387, -86.62820702430803 39.21947529948214, -86.62954613670094 39.21995444155781, -86.6308318367656 39.22056253240075, -86.63205174250753 39.221293715763736, -86.63319410556758 39.22214094995127, -86.63424792436501 39.22309607563498, -86.63520305004873 39.224149894432415, -86.63605028423626 39.22529225749247, -86.63678146759925 39.22651216323441, -86.6373895584422 39.22779786329906, -86.63786870051786 39.229136975691965, -86.63821427942612 39.23051660402876, -86.63842296705322 39.231923461734354, -86.63849275362318 39.233344, -86.63842296705322 39.23476453826565, -86.63821427942612 39.23617139597125, -86.63786870051786 39.23755102430804, -86.6373895584422 39.238890136700945, -86.63678146759925 39.240175836765594, -86.63605028423626 39.241395742507535, -86.63520305004873 39.24253810556759, -86.63424792436501 39.24359192436503, -86.63319410556758 39.24454705004874, -86.63205174250753 39.24539428423627, -86.6308318367656 39.246125467599256, -86.62954613670094 39.246733558442195, -86.62820702430803 39.24721270051786, -86.62682739597125 39.24755827942614, -86.62542053826564 39.247766967053224, -86.624 39.24783675362319, -86.62257946173435 39.247766967053224, -86.62117260402874 39.24755827942614, -86.61979297569196 39.24721270051786, -86.61845386329905 39.246733558442195, -86.6171681632344 39.246125467599256, -86.61594825749246 39.24539428423627, -86.61480589443241 39.24454705004874, -86.61375207563498 39.24359192436503, -86.61279694995126 39.24253810556759, -86.61194971576373 39.241395742507535, -86.61121853240074 39.240175836765594, -86.6106104415578 39.238890136700945, -86.61013129948213 39.23755102430804, -86.60978572057387 39.23617139597125, -86.60957703294677 39.23476453826565, -86.60950724637681 39.233344))",13,6
902410800,2015-03-02,Weekday,17:00:00,2-Car,No injury/unknown,IMPROPER TURNING,E ATWATER,39.16335678,-86.51499176,"39.16335678,-86.51499176",12,Partly cloudy,1,POINT (-86.51499176 39.16335678),0.0,"POLYGON ((-86.50049900637681 39.16335678, -86.50056879294678 39.16193624173435, -86.50077748057387 39.160529384028756, -86.50112305948214 39.15914975569196, -86.5016022015578 39.15781064329906, -86.50221029240075 39.15652494323441, -86.50294147576373 39.15530503749247, -86.50378870995127 39.15416267443241, -86.50474383563498 39.153108855634976, -86.50579765443241 39.152153729951266, -86.50694001749247 39.151306495763734, -86.5081599232344 39.15057531240075, -86.50944562329906 39.14996722155781, -86.51078473569197 39.14948807948214, -86.51216436402875 39.149142500573866, -86.51357122173435 39.14893381294678, -86.51499176 39.14886402637681, -86.51641229826565 39.14893381294678, -86.51781915597125 39.149142500573866, -86.51919878430803 39.14948807948214, -86.52053789670094 39.14996722155781, -86.5218235967656 39.15057531240075, -86.52304350250753 39.151306495763734, -86.52418586556759 39.152153729951266, -86.52523968436502 39.153108855634976, -86.52619481004874 39.15416267443241, -86.52704204423627 39.15530503749247, -86.52777322759925 39.15652494323441, -86.5283813184422 39.15781064329906, -86.52886046051786 39.15914975569196, -86.52920603942613 39.160529384028756, -86.52941472705322 39.16193624173435, -86.52948451362319 39.16335678, -86.52941472705322 39.16477731826565, -86.52920603942613 39.166184175971246, -86.52886046051786 39.16756380430804, -86.5283813184422 39.168902916700944, -86.52777322759925 39.17018861676559, -86.52704204423627 39.171408522507534, -86.52619481004874 39.17255088556759, -86.52523968436502 39.173604704365026, -86.52418586556759 39.174559830048736, -86.52304350250753 39.17540706423627, -86.5218235967656 39.176138247599255, -86.52053789670094 39.17674633844219, -86.51919878430803 39.17722548051786, -86.51781915597125 39.177571059426135, -86.51641229826565 39.17777974705322, -86.51499176 39.17784953362319, -86.51357122173435 39.17777974705322, -86.51216436402875 39.177571059426135, -86.51078473569197 39.17722548051786, -86.50944562329906 39.17674633844219, -86.5081599232344 39.176138247599255, -86.50694001749247 39.17540706423627, -86.50579765443241 39.174559830048736, -86.50474383563498 39.173604704365026, -86.50378870995127 39.17255088556759, -86.50294147576373 39.171408522507534, -86.50221029240075 39.17018861676559, -86.5016022015578 39.168902916700944, -86.50112305948214 39.16756380430804, -86.50077748057387 39.166184175971246, -86.50056879294678 39.16477731826565, -86.50049900637681 39.16335678))",17,6
902526140,2015-09-06,Weekday,11:00:00,1-Car,No injury/unknown,OVERCORRECTING/OVERSTEERING,ROBINSON & TUNNEL,39.24128637,-86.43599068,"39.24128637,-86.43599068",0,Cloudy,1,POINT (-86.43599068 39.24128637),0.0,,11,5
902530784,2015-09-04,Weekday,22:00:00,2-Car,No injury/unknown,UNSAFE BACKING,S WINSLOW,39.13781257,-86.52400286,"39.13781257,-86.52400286",1,Clear,1,POINT (-86.52400286 39.13781257),0.0,"POLYGON ((-86.50951010637681 39.13781257, -86.50957989294677 39.13639203173435, -86.50978858057387 39.134985174028756, -86.51013415948213 39.133605545691964, -86.5106133015578 39.13226643329906, -86.51122139240074 39.13098073323441, -86.51195257576373 39.12976082749247, -86.51279980995126 39.128618464432414, -86.51375493563498 39.127564645634976, -86.51480875443241 39.126609519951266, -86.51595111749246 39.125762285763734, -86.5171710232344 39.12503110240075, -86.51845672329905 39.12442301155781, -86.51979583569197 39.12394386948214, -86.52117546402874 39.12359829057387, -86.52258232173435 39.12338960294678, -86.52400286 39.123319816376814, -86.52542339826564 39.12338960294678, -86.52683025597125 39.12359829057387, -86.52820988430803 39.12394386948214, -86.52954899670094 39.12442301155781, -86.5308346967656 39.12503110240075, -86.53205460250753 39.125762285763734, -86.53319696556758 39.126609519951266, -86.53425078436501 39.127564645634976, -86.53520591004873 39.128618464432414, -86.53605314423626 39.12976082749247, -86.53678432759925 39.13098073323441, -86.5373924184422 39.13226643329906, -86.53787156051786 39.133605545691964, -86.53821713942612 39.134985174028756, -86.53842582705322 39.13639203173435, -86.53849561362318 39.13781257, -86.53842582705322 39.13923310826565, -86.53821713942612 39.140639965971246, -86.53787156051786 39.14201959430804, -86.5373924184422 39.143358706700944, -86.53678432759925 39.14464440676559, -86.53605314423626 39.145864312507534, -86.53520591004873 39.14700667556759, -86.53425078436501 39.148060494365026, -86.53319696556758 39.149015620048736, -86.53205460250753 39.14986285423627, -86.5308346967656 39.150594037599255, -86.52954899670094 39.15120212844219, -86.52820988430803 39.15168127051786, -86.52683025597125 39.152026849426136, -86.52542339826564 39.15223553705322, -86.52400286 39.15230532362319, -86.52258232173435 39.15223553705322, -86.52117546402874 39.152026849426136, -86.51979583569197 39.15168127051786, -86.51845672329905 39.15120212844219, -86.5171710232344 39.150594037599255, -86.51595111749246 39.14986285423627, -86.51480875443241 39.149015620048736, -86.51375493563498 39.148060494365026, -86.51279980995126 39.14700667556759, -86.51195257576373 39.145864312507534, -86.51122139240074 39.14464440676559, -86.5106133015578 39.143358706700944, -86.51013415948213 39.14201959430804, -86.50978858057387 39.140639965971246, -86.50957989294677 39.13923310826565, -86.50951010637681 39.13781257))",22,6
902485391,2015-07-02,Weekday,09:00:00,2-Car,No injury/unknown,UNSAFE BACKING,S LIBERTY,39.145264,-86.577616,"39.145264,-86.577616",1,Moderate rain at times,1,POINT (-86.577616 39.145264),0.0,"POLYGON ((-86.56312324637682 39.145264, -86.56319303294678 39.14384346173435, -86.56340172057388 39.14243660402875, -86.56374729948215 39.14105697569196, -86.5642264415578 39.139717863299055, -86.56483453240075 39.138432163234405, -86.56556571576374 39.137212257492465, -86.56641294995127 39.13606989443241, -86.56736807563499 39.13501607563497, -86.56842189443242 39.13406094995126, -86.56956425749247 39.13321371576373, -86.5707841632344 39.13248253240074, -86.57206986329906 39.131874441557805, -86.57340897569198 39.131395299482136, -86.57478860402875 39.13104972057386, -86.57619546173436 39.130841032946776, -86.577616 39.13077124637681, -86.57903653826565 39.130841032946776, -86.58044339597126 39.13104972057386, -86.58182302430804 39.131395299482136, -86.58316213670095 39.131874441557805, -86.5844478367656 39.13248253240074, -86.58566774250754 39.13321371576373, -86.5868101055676 39.13406094995126, -86.58786392436502 39.13501607563497, -86.58881905004874 39.13606989443241, -86.58966628423627 39.137212257492465, -86.59039746759926 39.138432163234405, -86.5910055584422 39.139717863299055, -86.59148470051787 39.14105697569196, -86.59183027942613 39.14243660402875, -86.59203896705323 39.14384346173435, -86.5921087536232 39.145264, -86.59203896705323 39.146684538265646, -86.59183027942613 39.14809139597124, -86.59148470051787 39.149471024308035, -86.5910055584422 39.15081013670094, -86.59039746759926 39.15209583676559, -86.58966628423627 39.15331574250753, -86.58881905004874 39.154458105567585, -86.58786392436502 39.15551192436502, -86.5868101055676 39.15646705004873, -86.58566774250754 39.157314284236264, -86.5844478367656 39.15804546759925, -86.58316213670095 39.15865355844219, -86.58182302430804 39.15913270051786, -86.58044339597126 39.15947827942613, -86.57903653826565 39.15968696705322, -86.577616 39.159756753623185, -86.57619546173436 39.15968696705322, -86.57478860402875 39.15947827942613, -86.57340897569198 39.15913270051786, -86.57206986329906 39.15865355844219, -86.5707841632344 39.15804546759925, -86.56956425749247 39.157314284236264, -86.56842189443242 39.15646705004873, -86.56736807563499 39.15551192436502, -86.56641294995127 39.154458105567585, -86.56556571576374 39.15331574250753, -86.56483453240075 39.15209583676559, -86.5642264415578 39.15081013670094, -86.56374729948215 39.149471024308035, -86.56340172057388 39.14809139597124, -86.56319303294678 39.146684538265646, -86.56312324637682 39.145264))",9,5