Master Record Number,Date,Weekend?,Hour,Collision Type,Injury Type,Primary Factor,Reported_Location,Latitude,Longitude,Location,Number of Bars,Weather Condition,Severity,geometry,area_number,bar_location,Hour of Day,Visibility (mi)
902550177,2015-10-07,Weekend,20:00:00,2-Car,No injury/unknown,FAILURE TO YIELD RIGHT OF WAY,S MADISON & W KIRKWOOD,39.166656,-86.537296,"39.166656,-86.537296",43,Clear,1,POINT (-86.537296 39.166656),0.0,"POLYGON ((-86.52280324637681 39.166656, -86.52287303294678 39.165235461734355, -86.52308172057387 39.16382860402876, -86.52342729948214 39.162448975691966, -86.5239064415578 39.16110986329906, -86.52451453240074 39.15982416323441, -86.52524571576373 39.15860425749247, -86.52609294995126 39.157461894432416, -86.52704807563498 39.15640807563498, -86.52810189443241 39.15545294995127, -86.52924425749246 39.154605715763736, -86.5304641632344 39.15387453240075, -86.53174986329905 39.15326644155781, -86.53308897569197 39.15278729948214, -86.53446860402875 39.15244172057387, -86.53587546173435 39.15223303294678, -86.537296 39.152163246376816, -86.53871653826565 39.15223303294678, -86.54012339597125 39.15244172057387, -86.54150302430803 39.15278729948214, -86.54284213670094 39.15326644155781, -86.5441278367656 39.15387453240075, -86.54534774250753 39.154605715763736, -86.54649010556759 39.15545294995127, -86.54754392436502 39.15640807563498, -86.54849905004873 39.157461894432416, -86.54934628423626 39.15860425749247, -86.55007746759925 39.15982416323441, -86.5506855584422 39.16110986329906, -86.55116470051786 39.162448975691966, -86.55151027942613 39.16382860402876, -86.55171896705322 39.165235461734355, -86.55178875362319 39.166656, -86.55171896705322 39.16807653826565, -86.55151027942613 39.16948339597125, -86.55116470051786 39.17086302430804, -86.5506855584422 39.172202136700946, -86.55007746759925 39.173487836765595, -86.54934628423626 39.174707742507536, -86.54849905004873 39.17585010556759, -86.54754392436502 39.17690392436503, -86.54649010556759 39.17785905004874, -86.54534774250753 39.17870628423627, -86.5441278367656 39.17943746759926, -86.54284213670094 39.180045558442195, -86.54150302430803 39.180524700517864, -86.54012339597125 39.18087027942614, -86.53871653826565 39.181078967053224, -86.537296 39.18114875362319, -86.53587546173435 39.181078967053224, -86.53446860402875 39.18087027942614, -86.53308897569197 39.180524700517864, -86.53174986329905 39.180045558442195, -86.5304641632344 39.17943746759926, -86.52924425749246 39.17870628423627, -86.52810189443241 39.17785905004874, -86.52704807563498 39.17690392436503, -86.52609294995126 39.17585010556759, -86.52524571576373 39.174707742507536, -86.52451453240074 39.173487836765595, -86.5239064415578 39.172202136700946, -86.52342729948214 39.17086302430804, -86.52308172057387 39.16948339597125, -86.52287303294678 39.16807653826565, -86.52280324637681 39.166656))",20,6
902404114,2015-02-06,Weekday,04:00:00,2-Car,No injury/unknown,OTHER (DRIVER) - EXPLAIN IN NARRATIVE,N KINSER,39.18584,-86.537872,"39.18584,-86.537872",2,Clear,1,POINT (-86.537872 39.18584),0.0,"POLYGON ((-86.5233792463768 39.18584, -86.52344903294677 39.18441946173435, -86.52365772057387 39.183012604028754, -86.52400329948213 39.18163297569196, -86.5244824415578 39.180293863299056, -86.52509053240074 39.17900816323441, -86.52582171576373 39.177788257492466, -86.52666894995126 39.17664589443241, -86.52762407563498 39.175592075634974, -86.5286778944324 39.174636949951264, -86.52982025749246 39.17378971576373, -86.5310401632344 39.173058532400745, -86.53232586329905 39.17245044155781, -86.53366497569196 39.17197129948214, -86.53504460402874 39.171625720573864, -86.53645146173434 39.17141703294678, -86.537872 39.17134724637681, -86.53929253826564 39.17141703294678, -86.54069939597125 39.171625720573864, -86.54207902430802 39.17197129948214, -86.54341813670094 39.17245044155781, -86.54470383676559 39.173058532400745, -86.54592374250753 39.17378971576373, -86.54706610556758 39.174636949951264, -86.54811992436501 39.175592075634974, -86.54907505004873 39.17664589443241, -86.54992228423626 39.177788257492466, -86.55065346759925 39.17900816323441, -86.55126155844219 39.180293863299056, -86.55174070051785 39.18163297569196, -86.55208627942612 39.183012604028754, -86.55229496705321 39.18441946173435, -86.55236475362318 39.18584, -86.55229496705321 39.18726053826565, -86.55208627942612 39.188667395971244, -86.55174070051785 39.190047024308036, -86.55126155844219 39.19138613670094, -86.55065346759925 39.19267183676559, -86.54992228423626 39.19389174250753, -86.54907505004873 39.195034105567586, -86.54811992436501 39.196087924365024, -86.54706610556758 39.197043050048734, -86.54592374250753 39.197890284236266, -86.54470383676559 39.19862146759925, -86.54341813670094 39.19922955844219, -86.54207902430802 39.19970870051786, -86.54069939597125 39.20005427942613, -86.53929253826564 39.20026296705322, -86.537872 39.20033275362319, -86.53645146173434 39.20026296705322, -86.53504460402874 39.20005427942613, -86.53366497569196 39.19970870051786, -86.53232586329905 39.19922955844219, -86.5310401632344 39.19862146759925, -86.52982025749246 39.197890284236266, -86.5286778944324 39.197043050048734, -86.52762407563498 39.196087924365024, -86.52666894995126 39.195034105567586, -86.52582171576373 39.19389174250753, -86.52509053240074 39.19267183676559, -86.5244824415578 39.19138613670094, -86.52400329948213 39.190047024308036, -86.52365772057387 39.188667395971244, -86.52344903294677 39.18726053826565, -86.5233792463768 39.18584))",4,6
902407772,2015-03-04,Weekday,10:00:00,2-Car,No injury/unknown,OTHER (VEHICLE) - EXPLAIN IN NARRATIVE,EAST 17TH,39.17906329,-86.5209221,"39.17906329,-86.5209221",32,Heavy rain at times,1,POINT (-86.5209221 39.17906329),0.0,"POLYGON ((-86.50642934637682 39.17906329, -86.50649913294679 39.17764275173435, -86.50670782057388 39.17623589402876, -86.50705339948215 39.174856265691965, -86.50753254155781 39.17351715329906, -86.50814063240075 39.17223145323441, -86.50887181576374 39.17101154749247, -86.50971904995127 39.169869184432414, -86.51067417563499 39.16881536563498, -86.51172799443242 39.16786023995127, -86.51287035749247 39.167013005763735, -86.51409026323441 39.16628182240075, -86.51537596329906 39.16567373155781, -86.51671507569198 39.16519458948214, -86.51809470402875 39.16484901057387, -86.51950156173436 39.16464032294678, -86.5209221 39.164570536376814, -86.52234263826566 39.16464032294678, -86.52374949597126 39.16484901057387, -86.52512912430804 39.16519458948214, -86.52646823670095 39.16567373155781, -86.5277539367656 39.16628182240075, -86.52897384250754 39.167013005763735, -86.5301162055676 39.16786023995127, -86.53117002436503 39.16881536563498, -86.53212515004874 39.169869184432414, -86.53297238423627 39.17101154749247, -86.53370356759926 39.17223145323441, -86.5343116584422 39.17351715329906, -86.53479080051787 39.174856265691965, -86.53513637942613 39.17623589402876, -86.53534506705323 39.17764275173435, -86.5354148536232 39.17906329, -86.53534506705323 39.18048382826565, -86.53513637942613 39.18189068597125, -86.53479080051787 39.18327031430804, -86.5343116584422 39.184609426700945, -86.53370356759926 39.185895126765594, -86.53297238423627 39.187115032507535, -86.53212515004874 39.18825739556759, -86.53117002436503 39.18931121436503, -86.5301162055676 39.19026634004874, -86.52897384250754 39.19111357423627, -86.5277539367656 39.191844757599256, -86.52646823670095 39.192452848442194, -86.52512912430804 39.19293199051786, -86.52374949597126 39.19327756942614, -86.52234263826566 39.19348625705322, -86.5209221 39.19355604362319, -86.51950156173436 39.19348625705322, -86.51809470402875 39.19327756942614, -86.51671507569198 39.19293199051786, -86.51537596329906 39.192452848442194, -86.51409026323441 39.191844757599256, -86.51287035749247 39.19111357423627, -86.51172799443242 39.19026634004874, -86.51067417563499 39.18931121436503, -86.50971904995127 39.18825739556759, -86.50887181576374 39.187115032507535, -86.50814063240075 39.185895126765594, -86.50753254155781 39.184609426700945, -86.50705339948215 39.18327031430804, -86.50670782057388 39.18189068597125, -86.50649913294679 39.18048382826565, -86.50642934637682 39.17906329))",10,3
902536665,2015-10-04,Weekday,20:00:00,1-Car,No injury/unknown,ANIMAL/OBJECT IN ROADWAY,E MONROE DAM & SR37,39.0146275,-86.537088,"39.0146275,-86.537088",0,Cloudy,1,POINT (-86.537088 39.0146275),0.0,,20,6
902567213,2015-11-04,Weekday,07:00:00,3+ Cars,No injury/unknown,RAN OFF ROAD RIGHT,MOFFETT,39.09947968,-86.51124579,"39.09947968,-86.51124579",0,Clear,1,POINT (-86.51124579 39.09947968),0.0,,7,6
902541577,2015-10-01,Weekend,12:00:00,1-Car,Non-incapacitating,RAN OFF ROAD RIGHT,GENTRY & SR446S,39.16089693,-86.47150404,"39.16089693,-86.47150404",1,Clear,2,POINT (-86.47150404 39.16089693),0.0,"POLYGON ((-86.45701128637681 39.16089693, -86.45708107294678 39.15947639173435, -86.45728976057387 39.158069534028755, -86.45763533948214 39.15668990569196, -86.4581144815578 39.15535079329906, -86.45872257240075 39.15406509323441, -86.45945375576373 39.15284518749247, -86.46030098995126 39.15170282443241, -86.46125611563498 39.150649005634975, -86.46230993443241 39.149693879951265, -86.46345229749247 39.14884664576373, -86.4646722032344 39.148115462400746, -86.46595790329906 39.14750737155781, -86.46729701569197 39.14702822948214, -86.46867664402875 39.146682650573865, -86.47008350173435 39.14647396294678, -86.47150404 39.14640417637681, -86.47292457826565 39.14647396294678, -86.47433143597125 39.146682650573865, -86.47571106430803 39.14702822948214, -86.47705017670094 39.14750737155781, -86.4783358767656 39.148115462400746, -86.47955578250753 39.14884664576373, -86.48069814556759 39.149693879951265, -86.48175196436502 39.150649005634975, -86.48270709004873 39.15170282443241, -86.48355432423627 39.15284518749247, -86.48428550759925 39.15406509323441, -86.4848935984422 39.15535079329906, -86.48537274051786 39.15668990569196, -86.48571831942613 39.158069534028755, -86.48592700705322 39.15947639173435, -86.48599679362319 39.16089693, -86.48592700705322 39.16231746826565, -86.48571831942613 39.163724325971245, -86.48537274051786 39.16510395430804, -86.4848935984422 39.16644306670094, -86.48428550759925 39.16772876676559, -86.48355432423627 39.16894867250753, -86.48270709004873 39.17009103556759, -86.48175196436502 39.171144854365025, -86.48069814556759 39.172099980048735, -86.47955578250753 39.17294721423627, -86.4783358767656 39.173678397599254, -86.47705017670094 39.17428648844219, -86.47571106430803 39.17476563051786, -86.47433143597125 39.175111209426134, -86.47292457826565 39.17531989705322, -86.47150404 39.17538968362319, -86.47008350173435 39.17531989705322, -86.46867664402875 39.175111209426134, -86.46729701569197 39.17476563051786, -86.46595790329906 39.17428648844219, -86.4646722032344 39.173678397599254, -86.46345229749247 39.17294721423627, -86.46230993443241 39.172099980048735, -86.46125611563498 39.171144854365025, -86.46030098995126 39.17009103556759, -86.45945375576373 39.16894867250753, -86.45872257240075 39.16772876676559, -86.4581144815578 39.16644306670094, -86.45763533948214 39.16510395430804, -86.45728976057387 39.163724325971245, -86.45708107294678 39.16231746826565, -86.45701128637681 39.16089693))",12,6
902572429,2015-11-06,Weekday,18:00:00,2-Car,Non-incapacitating,FOLLOWING TOO CLOSELY,17TH & MAPLE,39.17903718,-86.54174313,"39.17903718,-86.54174313",33,Overcast,2,POINT (-86.54174313 39.17903718),0.0,"POLYGON ((-86.52725037637681 39.17903718, -86.52732016294678 39.17761664173435, -86.52752885057387 39.17620978402876, -86.52787442948214 39.174830155691964, -86.5283535715578 39.17349104329906, -86.52896166240075 39.17220534323441, -86.52969284576373 39.17098543749247, -86.53054007995127 39.169843074432414, -86.53149520563498 39.16878925563498, -86.53254902443241 39.16783412995127, -86.53369138749247 39.166986895763735, -86.5349112932344 39.16625571240075, -86.53619699329906 39.16564762155781, -86.53753610569197 39.16516847948214, -86.53891573402875 39.16482290057387, -86.54032259173435 39.16461421294678, -86.54174313 39.164544426376814, -86.54316366826565 39.16461421294678, -86.54457052597125 39.16482290057387, -86.54595015430803 39.16516847948214, -86.54728926670094 39.16564762155781, -86.5485749667656 39.16625571240075, -86.54979487250753 39.166986895763735, -86.55093723556759 39.16783412995127, -86.55199105436502 39.16878925563498, -86.55294618004874 39.169843074432414, -86.55379341423627 39.17098543749247, -86.55452459759925 39.17220534323441, -86.5551326884422 39.17349104329906, -86.55561183051786 39.174830155691964, -86.55595740942613 39.17620978402876, -86.55616609705322 39.17761664173435, -86.55623588362319 39.17903718, -86.55616609705322 39.18045771826565, -86.55595740942613 39.18186457597125, -86.55561183051786 39.18324420430804, -86.5551326884422 39.184583316700945, -86.55452459759925 39.185869016765594, -86.55379341423627 39.187088922507535, -86.55294618004874 39.18823128556759, -86.55199105436502 39.18928510436503, -86.55093723556759 39.19024023004874, -86.54979487250753 39.19108746423627, -86.5485749667656 39.191818647599256, -86.54728926670094 39.192426738442194, -86.54595015430803 39.19290588051786, -86.54457052597125 39.193251459426136, -86.54316366826565 39.19346014705322, -86.54174313 39.19352993362319, -86.54032259173435 39.19346014705322, -86.53891573402875 39.193251459426136, -86.53753610569197 39.19290588051786, -86.53619699329906 39.192426738442194, -86.5349112932344 39.191818647599256, -86.53369138749247 39.19108746423627, -86.53254902443241 39.19024023004874, -86.53149520563498 39.18928510436503, -86.53054007995127 39.18823128556759, -86.52969284576373 39.187088922507535, -86.52896166240075 39.185869016765594, -86.5283535715578 39.184583316700945, -86.52787442948214 39.18324420430804, -86.52752885057387 39.18186457597125, -86.52732016294678 39.18045771826565, -86.52725037637681 39.17903718))",18,1
902549851,2015-10-07,Weekend,04:00:00,1-Car,No injury/unknown,HOLES/RUTS IN SURFACE,DAISY,39.22788754,-86.60496175,"39.22788754,-86.60496175",0,Clear,1,POINT (-86.60496175 39.22788754),0.0,,4,6
902385962,2015-02-02,Weekday,11:00:00,2-Car,Incapacitating,FAILURE TO YIELD RIGHT OF WAY,ATWATER & HAWTHORNE,39.16309007,-86.52020998,"39.16309007,-86.52020998",40,Overcast,2,POINT (-86.52020998 39.16309007),0.0,"POLYGON ((-86.50571722637682 39.16309007, -86.50578701294678 39.161669531734354, -86.50599570057388 39.16026267402876, -86.50634127948214 39.158883045691965, -86.5068204215578 39.15754393329906, -86.50742851240075 39.15625823323441, -86.50815969576374 39.15503832749247, -86.50900692995127 39.153895964432415, -86.50996205563499 39.15284214563498, -86.51101587443242 39.15188701995127, -86.51215823749247 39.151039785763736, -86.5133781432344 39.15030860240075, -86.51466384329906 39.14970051155781, -86.51600295569197 39.14922136948214, -86.51738258402875 39.14887579057387, -86.51878944173436 39.14866710294678, -86.52020998 39.148597316376815, -86.52163051826565 39.14866710294678, -86.52303737597126 39.14887579057387, -86.52441700430803 39.14922136948214, -86.52575611670095 39.14970051155781, -86.5270418167656 39.15030860240075, -86.52826172250754 39.151039785763736, -86.52940408556759 39.15188701995127, -86.53045790436502 39.15284214563498, -86.53141303004874 39.153895964432415, -86.53226026423627 39.15503832749247, -86.53299144759926 39.15625823323441, -86.5335995384422 39.15754393329906, -86.53407868051787 39.158883045691965, -86.53442425942613 39.16026267402876, -86.53463294705323 39.161669531734354, -86.53470273362319 39.16309007, -86.53463294705323 39.16451060826565, -86.53442425942613 39.16591746597125, -86.53407868051787 39.16729709430804, -86.5335995384422 39.168636206700945, -86.53299144759926 39.169921906765595, -86.53226026423627 39.171141812507535, -86.53141303004874 39.17228417556759, -86.53045790436502 39.17333799436503, -86.52940408556759 39.17429312004874, -86.52826172250754 39.17514035423627, -86.5270418167656 39.17587153759926, -86.52575611670095 39.176479628442195, -86.52441700430803 39.176958770517864, -86.52303737597126 39.17730434942614, -86.52163051826565 39.177513037053224, -86.52020998 39.17758282362319, -86.51878944173436 39.177513037053224, -86.51738258402875 39.17730434942614, -86.51600295569197 39.176958770517864, -86.51466384329906 39.176479628442195, -86.5133781432344 39.17587153759926, -86.51215823749247 39.17514035423627, -86.51101587443242 39.17429312004874, -86.50996205563499 39.17333799436503, -86.50900692995127 39.17228417556759, -86.50815969576374 39.171141812507535, -86.50742851240075 39.169921906765595, -86.5068204215578 39.168636206700945, -86.50634127948214 39.16729709430804, -86.50599570057388 39.16591746597125, -86.50578701294678 39.16451060826565, -86.50571722637682 39.16309007))",11,6
902552193,2015-11-02,Weekday,16:00:00,3+ Cars,Incapacitating,DRIVER DISTRACTED - EXPLAIN IN NARRATIVE,CURRY & WOODLYN,39.145856,-86.582592,"39.145856,-86.582592",1,Clear,2,POINT (-86.582592 39.145856),0.0,"POLYGON ((-86.56809924637682 39.145856, -86.56816903294678 39.14443546173435, -86.56837772057388 39.14302860402876, -86.56872329948214 39.141648975691965, -86.5692024415578 39.14030986329906, -86.56981053240075 39.13902416323441, -86.57054171576374 39.13780425749247, -86.57138894995127 39.136661894432414, -86.57234407563499 39.13560807563498, -86.57339789443242 39.13465294995127, -86.57454025749247 39.133805715763735, -86.5757601632344 39.13307453240075, -86.57704586329906 39.13246644155781, -86.57838497569198 39.13198729948214, -86.57976460402875 39.13164172057387, -86.58117146173436 39.13143303294678, -86.582592 39.131363246376814, -86.58401253826565 39.13143303294678, -86.58541939597126 39.13164172057387, -86.58679902430804 39.13198729948214, -86.58813813670095 39.13246644155781, -86.5894238367656 39.13307453240075, -86.59064374250754 39.133805715763735, -86.59178610556759 39.13465294995127, -86.59283992436502 39.13560807563498, -86.59379505004874 39.136661894432414, -86.59464228423627 39.13780425749247, -86.59537346759926 39.13902416323441, -86.5959815584422 39.14030986329906, -86.59646070051787 39.141648975691965, -86.59680627942613 39.14302860402876, -86.59701496705323 39.14443546173435, -86.5970847536232 39.145856, -86.59701496705323 39.14727653826565, -86.59680627942613 39.14868339597125, -86.59646070051787 39.15006302430804, -86.5959815584422 39.151402136700945, -86.59537346759926 39.152687836765594, -86.59464228423627 39.153907742507535, -86.59379505004874 39.15505010556759, -86.59283992436502 39.15610392436503, -86.59178610556759 39.15705905004874, -86.59064374250754 39.15790628423627, -86.5894238367656 39.158637467599256, -86.58813813670095 39.159245558442194, -86.58679902430804 39.15972470051786, -86.58541939597126 39.16007027942614, -86.58401253826565 39.16027896705322, -86.582592 39.16034875362319, -86.58117146173436 39.16027896705322, -86.57976460402875 39.16007027942614, -86.57838497569198 39.15972470051786, -86.57704586329906 39.159245558442194, -86.5757601632344 39.158637467599256, -86.57454025749247 39.15790628423627, -86.57339789443242 39.15705905004874, -86.57234407563499 39.15610392436503, -86.57138894995127 39.15505010556759, -86.57054171576374 39.153907742507535, -86.56981053240075 39.152687836765594, -86.5692024415578 39.151402136700945, -86.56872329948214 39.15006302430804, -86.56837772057388 39.14868339597125, -86.56816903294678 39.14727653826565, -86.56809924637682 39.145856))",16,6
902533911,2015-09-04,Weekday,12:00:00,2-Car,No injury/unknown,OTHER (DRIVER) - EXPLAIN IN NARRATIVE,N GATES,39.16987228,-86.57498168,"39.16987228,-86.57498168",5,Clear,1,POINT (-86.57498168 39.16987228),0.0,"POLYGON ((-86.5604889263768 39.16987228, -86.56055871294677 39.16845174173435, -86.56076740057387 39.167044884028755, -86.56111297948213 39.16566525569196, -86.5615921215578 39.16432614329906, -86.56220021240074 39.16304044323441, -86.56293139576373 39.16182053749247, -86.56377862995126 39.16067817443241, -86.56473375563498 39.159624355634975, -86.5657875744324 39.158669229951265, -86.56692993749246 39.15782199576373, -86.5681498432344 39.157090812400746, -86.56943554329905 39.15648272155781, -86.57077465569196 39.15600357948214, -86.57215428402874 39.155658000573865, -86.57356114173434 39.15544931294678, -86.57498168 39.15537952637681, -86.57640221826564 39.15544931294678, -86.57780907597125 39.155658000573865, -86.57918870430802 39.15600357948214, -86.58052781670094 39.15648272155781, -86.58181351676559 39.157090812400746, -86.58303342250753 39.15782199576373, -86.58417578556758 39.158669229951265, -86.58522960436501 39.159624355634975, -86.58618473004873 39.16067817443241, -86.58703196423626 39.16182053749247, -86.58776314759925 39.16304044323441, -86.58837123844219 39.16432614329906, -86.58885038051785 39.16566525569196, -86.58919595942612 39.167044884028755, -86.58940464705321 39.16845174173435, -86.58947443362318 39.16987228, -86.58940464705321 39.17129281826565, -86.58919595942612 39.172699675971245, -86.58885038051785 39.17407930430804, -86.58837123844219 39.17541841670094, -86.58776314759925 39.17670411676559, -86.58703196423626 39.17792402250753, -86.58618473004873 39.17906638556759, -86.58522960436501 39.180120204365025, -86.58417578556758 39.181075330048735, -86.58303342250753 39.18192256423627, -86.58181351676559 39.182653747599254, -86.58052781670094 39.18326183844219, -86.57918870430802 39.18374098051786, -86.57780907597125 39.184086559426134, -86.57640221826564 39.18429524705322, -86.57498168 39.18436503362319, -86.57356114173434 39.18429524705322, -86.57215428402874 39.184086559426134, -86.57077465569196 39.18374098051786, -86.56943554329905 39.18326183844219, -86.5681498432344 39.182653747599254, -86.56692993749246 39.18192256423627, -86.5657875744324 39.181075330048735, -86.56473375563498 39.180120204365025, -86.56377862995126 39.17906638556759, -86.56293139576373 39.17792402250753, -86.56220021240074 39.17670411676559, -86.5615921215578 39.17541841670094, -86.56111297948213 39.17407930430804, -86.56076740057387 39.172699675971245, -86.56055871294677 39.17129281826565, -86.5604889263768 39.16987228))",12,6
902527078,2015-09-03,Weekday,16:00:00,2-Car,No injury/unknown,FOLLOWING TOO CLOSELY,BUNGER & SR45W,39.13015288,-86.60311867,"39.13015288,-86.60311867",0,Clear,1,POINT (-86.60311867 39.13015288),0.0,,16,6
902429921,2015-04-05,Weekday,09:00:00,2-Car,Incapacitating,FAILURE TO YIELD RIGHT OF WAY,E 3RD & MORNINGSIDE,39.16424,-86.473696,"39.16424,-86.473696",1,Clear,2,POINT (-86.473696 39.16424),0.0,"POLYGON ((-86.45920324637682 39.16424, -86.45927303294678 39.16281946173435, -86.45948172057388 39.161412604028754, -86.45982729948214 39.16003297569196, -86.4603064415578 39.15869386329906, -86.46091453240075 39.15740816323441, -86.46164571576374 39.15618825749247, -86.46249294995127 39.15504589443241, -86.46344807563499 39.153992075634974, -86.46450189443242 39.153036949951264, -86.46564425749247 39.15218971576373, -86.4668641632344 39.151458532400746, -86.46814986329906 39.15085044155781, -86.46948897569197 39.15037129948214, -86.47086860402875 39.150025720573865, -86.47227546173436 39.14981703294678, -86.473696 39.14974724637681, -86.47511653826565 39.14981703294678, -86.47652339597126 39.150025720573865, -86.47790302430803 39.15037129948214, -86.47924213670095 39.15085044155781, -86.4805278367656 39.151458532400746, -86.48174774250754 39.15218971576373, -86.48289010556759 39.153036949951264, -86.48394392436502 39.153992075634974, -86.48489905004874 39.15504589443241, -86.48574628423627 39.15618825749247, -86.48647746759926 39.15740816323441, -86.4870855584422 39.15869386329906, -86.48756470051786 39.16003297569196, -86.48791027942613 39.161412604028754, -86.48811896705323 39.16281946173435, -86.48818875362319 39.16424, -86.48811896705323 39.16566053826565, -86.48791027942613 39.167067395971245, -86.48756470051786 39.16844702430804, -86.4870855584422 39.16978613670094, -86.48647746759926 39.17107183676559, -86.48574628423627 39.17229174250753, -86.48489905004874 39.17343410556759, -86.48394392436502 39.174487924365025, -86.48289010556759 39.175443050048735, -86.48174774250754 39.176290284236266, -86.4805278367656 39.17702146759925, -86.47924213670095 39.17762955844219, -86.47790302430803 39.17810870051786, -86.47652339597126 39.178454279426134, -86.47511653826565 39.17866296705322, -86.473696 39.17873275362319, -86.47227546173436 39.17866296705322, -86.47086860402875 39.178454279426134, -86.46948897569197 39.17810870051786, -86.46814986329906 39.17762955844219, -86.4668641632344 39.17702146759925, -86.46564425749247 39.176290284236266, -86.46450189443242 39.175443050048735, -86.46344807563499 39.174487924365025, -86.46249294995127 39.17343410556759, -86.46164571576374 39.17229174250753, -86.46091453240075 39.17107183676559, -86.4603064415578 39.16978613670094, -86.45982729948214 39.16844702430804, -86.45948172057388 39.167067395971245, -86.45927303294678 39.16566053826565, -86.45920324637682 39.16424))",9,6
902411506,2015-03-07,Weekend,10:00:00,2-Car,No injury/unknown,FAILURE TO YIELD RIGHT OF WAY,37 & GORDON,39.73761023,-86.274728,"39.73761023,-86.274728",4,Overcast,1,POINT (-86.274728 39.73761023),1.0,"POLYGON ((-86.26023524637681 39.73761023, -86.26030503294677 39.73618969173435, -86.26051372057387 39.734782834028756, -86.26085929948214 39.733403205691964, -86.2613384415578 39.73206409329906, -86.26194653240074 39.73077839323441, -86.26267771576373 39.72955848749247, -86.26352494995126 39.728416124432414, -86.26448007563498 39.727362305634976, -86.26553389443241 39.726407179951266, -86.26667625749246 39.725559945763735, -86.2678961632344 39.72482876240075, -86.26918186329905 39.72422067155781, -86.27052097569197 39.72374152948214, -86.27190060402874 39.72339595057387, -86.27330746173435 39.72318726294678, -86.274728 39.723117476376814, -86.27614853826564 39.72318726294678, -86.27755539597125 39.72339595057387, -86.27893502430803 39.72374152948214, -86.28027413670094 39.72422067155781, -86.2815598367656 39.72482876240075, -86.28277974250753 39.725559945763735, -86.28392210556758 39.726407179951266, -86.28497592436501 39.727362305634976, -86.28593105004873 39.728416124432414, -86.28677828423626 39.72955848749247, -86.28750946759925 39.73077839323441, -86.2881175584422 39.73206409329906, -86.28859670051786 39.733403205691964, -86.28894227942612 39.734782834028756, -86.28915096705322 39.73618969173435, -86.28922075362318 39.73761023, -86.28915096705322 39.73903076826565, -86.28894227942612 39.740437625971246, -86.28859670051786 39.74181725430804, -86.2881175584422 39.743156366700944, -86.28750946759925 39.74444206676559, -86.28677828423626 39.745661972507534, -86.28593105004873 39.74680433556759, -86.28497592436501 39.74785815436503, -86.28392210556758 39.748813280048736, -86.28277974250753 39.74966051423627, -86.2815598367656 39.750391697599255, -86.28027413670094 39.75099978844219, -86.27893502430803 39.75147893051786, -86.27755539597125 39.751824509426136, -86.27614853826564 39.75203319705322, -86.274728 39.75210298362319, -86.27330746173435 39.75203319705322, -86.27190060402874 39.751824509426136, -86.27052097569197 39.75147893051786, -86.26918186329905 39.75099978844219, -86.2678961632344 39.750391697599255, -86.26667625749246 39.74966051423627, -86.26553389443241 39.748813280048736, -86.26448007563498 39.74785815436503, -86.26352494995126 39.74680433556759, -86.26267771576373 39.745661972507534, -86.26194653240074 39.74444206676559, -86.2613384415578 39.743156366700944, -86.26085929948214 39.74181725430804, -86.26051372057387 39.740437625971246, -86.26030503294677 39.73903076826565, -86.26023524637681 39.73761023))",10,6
902502090,2015-08-02,Weekday,22:00:00,3+ Cars,No injury/unknown,IMPROPER TURNING,EAST 3RD & SOUTH BALLANTINE,39.16427024,-86.51912972,"39.16427024,-86.51912972",36,Clear,1,POINT (-86.51912972 39.16427024),0.0,"POLYGON ((-86.50463696637681 39.16427024, -86.50470675294677 39.16284970173435, -86.50491544057387 39.161442844028755, -86.50526101948213 39.16006321569196, -86.5057401615578 39.15872410329906, -86.50634825240074 39.15743840323441, -86.50707943576373 39.15621849749247, -86.50792666995126 39.15507613443241, -86.50888179563498 39.154022315634975, -86.50993561443241 39.153067189951265, -86.51107797749246 39.152219955763734, -86.5122978832344 39.15148877240075, -86.51358358329905 39.15088068155781, -86.51492269569196 39.15040153948214, -86.51630232402874 39.150055960573866, -86.51770918173435 39.14984727294678, -86.51912972 39.14977748637681, -86.52055025826564 39.14984727294678, -86.52195711597125 39.150055960573866, -86.52333674430803 39.15040153948214, -86.52467585670094 39.15088068155781, -86.5259615567656 39.15148877240075, -86.52718146250753 39.152219955763734, -86.52832382556758 39.153067189951265, -86.52937764436501 39.154022315634975, -86.53033277004873 39.15507613443241, -86.53118000423626 39.15621849749247, -86.53191118759925 39.15743840323441, -86.5325192784422 39.15872410329906, -86.53299842051786 39.16006321569196, -86.53334399942612 39.161442844028755, -86.53355268705322 39.16284970173435, -86.53362247362318 39.16427024, -86.53355268705322 39.16569077826565, -86.53334399942612 39.167097635971245, -86.53299842051786 39.16847726430804, -86.5325192784422 39.16981637670094, -86.53191118759925 39.17110207676559, -86.53118000423626 39.17232198250753, -86.53033277004873 39.17346434556759, -86.52937764436501 39.174518164365026, -86.52832382556758 39.175473290048735, -86.52718146250753 39.17632052423627, -86.5259615567656 39.177051707599254, -86.52467585670094 39.17765979844219, -86.52333674430803 39.17813894051786, -86.52195711597125 39.178484519426135, -86.52055025826564 39.17869320705322, -86.51912972 39.17876299362319, -86.51770918173435 39.17869320705322, -86.51630232402874 39.178484519426135, -86.51492269569196 39.17813894051786, -86.51358358329905 39.17765979844219, -86.5122978832344 39.177051707599254, -86.51107797749246 39.17632052423627, -86.50993561443241 39.175473290048735, -86.50888179563498 39.174518164365026, -86.50792666995126 39.17346434556759, -86.50707943576373 39.17232198250753, -86.50634825240074 39.17110207676559, -86.5057401615578 39.16981637670094, -86.50526101948213 39.16847726430804, -86.50491544057387 39.167097635971245, -86.50470675294677 39.16569077826565, -86.50463696637681 39.16427024))",22,6