Master Record Number,Date,Weekend?,Hour,Collision Type,Injury Type,Primary Factor,Reported_Location,Latitude,Longitude,Location,Number of Bars,Weather Condition,Severity,geometry,area_number,bar_location,Hour of Day,Visibility (mi)
902524647,2015-09-02,Weekday,07:00:00,2-Car,Incapacitating,FAILURE TO YIELD RIGHT OF WAY,GRIMES & WALNUT,39.15335029,-86.53371021,"39.15335029,-86.53371021",24,Clear,2,POINT (-86.53371021 39.15335029),0.0,"POLYGON ((-86.51921745637681 39.15335029, -86.51928724294677 39.15192975173435, -86.51949593057387 39.150522894028754, -86.51984150948213 39.14914326569196, -86.5203206515578 39.147804153299056, -86.52092874240074 39.14651845323441, -86.52165992576373 39.145298547492466, -86.52250715995126 39.14415618443241, -86.52346228563498 39.143102365634974, -86.52451610443241 39.142147239951264, -86.52565846749246 39.14130000576373, -86.5268783732344 39.140568822400745, -86.52816407329905 39.13996073155781, -86.52950318569196 39.13948158948214, -86.53088281402874 39.139136010573864, -86.53228967173435 39.13892732294678, -86.53371021 39.13885753637681, -86.53513074826564 39.13892732294678, -86.53653760597125 39.139136010573864, -86.53791723430803 39.13948158948214, -86.53925634670094 39.13996073155781, -86.5405420467656 39.140568822400745, -86.54176195250753 39.14130000576373, -86.54290431556758 39.142147239951264, -86.54395813436501 39.143102365634974, -86.54491326004873 39.14415618443241, -86.54576049423626 39.145298547492466, -86.54649167759925 39.14651845323441, -86.5470997684422 39.147804153299056, -86.54757891051786 39.14914326569196, -86.54792448942612 39.150522894028754, -86.54813317705322 39.15192975173435, -86.54820296362318 39.15335029, -86.54813317705322 39.15477082826565, -86.54792448942612 39.156177685971244, -86.54757891051786 39.157557314308036, -86.5470997684422 39.15889642670094, -86.54649167759925 39.16018212676559, -86.54576049423626 39.16140203250753, -86.54491326004873 39.162544395567586, -86.54395813436501 39.163598214365024, -86.54290431556758 39.164553340048734, -86.54176195250753 39.165400574236266, -86.5405420467656 39.16613175759925, -86.53925634670094 39.16673984844219, -86.53791723430803 39.16721899051786, -86.53653760597125 39.16756456942613, -86.53513074826564 39.16777325705322, -86.53371021 39.167843043623186, -86.53228967173435 39.16777325705322, -86.53088281402874 39.16756456942613, -86.52950318569196 39.16721899051786, -86.52816407329905 39.16673984844219, -86.5268783732344 39.16613175759925, -86.52565846749246 39.165400574236266, -86.52451610443241 39.164553340048734, -86.52346228563498 39.163598214365024, -86.52250715995126 39.162544395567586, -86.52165992576373 39.16140203250753, -86.52092874240074 39.16018212676559, -86.5203206515578 39.15889642670094, -86.51984150948213 39.157557314308036, -86.51949593057387 39.156177685971244, -86.51928724294677 39.15477082826565, -86.51921745637681 39.15335029))",7,6
902526142,2015-09-01,Weekend,08:00:00,2-Car,No injury/unknown,DRIVER DISTRACTED - EXPLAIN IN NARRATIVE,SR37S & THAT,39.115552,-86.564592,"39.115552,-86.564592",0,Partly cloudy,1,POINT (-86.564592 39.115552),0.0,,8,3
902474039,2015-07-05,Weekday,23:00:00,2-Car,No injury/unknown,UNSAFE BACKING,E 3RD & S MORNINGSIDE,39.16424,-86.473696,"39.16424,-86.473696",1,Partly cloudy,1,POINT (-86.473696 39.16424),0.0,"POLYGON ((-86.45920324637682 39.16424, -86.45927303294678 39.16281946173435, -86.45948172057388 39.161412604028754, -86.45982729948214 39.16003297569196, -86.4603064415578 39.15869386329906, -86.46091453240075 39.15740816323441, -86.46164571576374 39.15618825749247, -86.46249294995127 39.15504589443241, -86.46344807563499 39.153992075634974, -86.46450189443242 39.153036949951264, -86.46564425749247 39.15218971576373, -86.4668641632344 39.151458532400746, -86.46814986329906 39.15085044155781, -86.46948897569197 39.15037129948214, -86.47086860402875 39.150025720573865, -86.47227546173436 39.14981703294678, -86.473696 39.14974724637681, -86.47511653826565 39.14981703294678, -86.47652339597126 39.150025720573865, -86.47790302430803 39.15037129948214, -86.47924213670095 39.15085044155781, -86.4805278367656 39.151458532400746, -86.48174774250754 39.15218971576373, -86.48289010556759 39.153036949951264, -86.48394392436502 39.153992075634974, -86.48489905004874 39.15504589443241, -86.48574628423627 39.15618825749247, -86.48647746759926 39.15740816323441, -86.4870855584422 39.15869386329906, -86.48756470051786 39.16003297569196, -86.48791027942613 39.161412604028754, -86.48811896705323 39.16281946173435, -86.48818875362319 39.16424, -86.48811896705323 39.16566053826565, -86.48791027942613 39.167067395971245, -86.48756470051786 39.16844702430804, -86.4870855584422 39.16978613670094, -86.48647746759926 39.17107183676559, -86.48574628423627 39.17229174250753, -86.48489905004874 39.17343410556759, -86.48394392436502 39.174487924365025, -86.48289010556759 39.175443050048735, -86.48174774250754 39.176290284236266, -86.4805278367656 39.17702146759925, -86.47924213670095 39.17762955844219, -86.47790302430803 39.17810870051786, -86.47652339597126 39.178454279426134, -86.47511653826565 39.17866296705322, -86.473696 39.17873275362319, -86.47227546173436 39.17866296705322, -86.47086860402875 39.178454279426134, -86.46948897569197 39.17810870051786, -86.46814986329906 39.17762955844219, -86.4668641632344 39.17702146759925, -86.46564425749247 39.176290284236266, -86.46450189443242 39.175443050048735, -86.46344807563499 39.174487924365025, -86.46249294995127 39.17343410556759, -86.46164571576374 39.17229174250753, -86.46091453240075 39.17107183676559, -86.4603064415578 39.16978613670094, -86.45982729948214 39.16844702430804, -86.45948172057388 39.167067395971245, -86.45927303294678 39.16566053826565, -86.45920324637682 39.16424))",23,6
902524329,2015-09-01,Weekend,13:00:00,2-Car,No injury/unknown,FOLLOWING TOO CLOSELY,SR46W & UNION VALLEY,39.21253345,-86.58870047,"39.21253345,-86.58870047",0,Partly cloudy,1,POINT (-86.58870047 39.21253345),0.0,,13,3
902434162,2015-04-06,Weekday,11:00:00,2-Car,No injury/unknown,UNSAFE BACKING,N COLLEGE & W 6TH,39.167648,-86.534784,"39.167648,-86.534784",41,Clear,1,POINT (-86.534784 39.167648),0.0,"POLYGON ((-86.52029124637681 39.167648, -86.52036103294678 39.16622746173435, -86.52056972057387 39.164820604028755, -86.52091529948214 39.16344097569196, -86.5213944415578 39.16210186329906, -86.52200253240075 39.16081616323441, -86.52273371576374 39.15959625749247, -86.52358094995127 39.15845389443241, -86.52453607563498 39.157400075634975, -86.52558989443241 39.156444949951265, -86.52673225749247 39.15559771576373, -86.5279521632344 39.154866532400746, -86.52923786329906 39.15425844155781, -86.53057697569197 39.15377929948214, -86.53195660402875 39.153433720573865, -86.53336346173435 39.15322503294678, -86.534784 39.15315524637681, -86.53620453826565 39.15322503294678, -86.53761139597125 39.153433720573865, -86.53899102430803 39.15377929948214, -86.54033013670094 39.15425844155781, -86.5416158367656 39.154866532400746, -86.54283574250753 39.15559771576373, -86.54397810556759 39.156444949951265, -86.54503192436502 39.157400075634975, -86.54598705004874 39.15845389443241, -86.54683428423627 39.15959625749247, -86.54756546759926 39.16081616323441, -86.5481735584422 39.16210186329906, -86.54865270051786 39.16344097569196, -86.54899827942613 39.164820604028755, -86.54920696705322 39.16622746173435, -86.54927675362319 39.167648, -86.54920696705322 39.16906853826565, -86.54899827942613 39.170475395971245, -86.54865270051786 39.17185502430804, -86.5481735584422 39.17319413670094, -86.54756546759926 39.17447983676559, -86.54683428423627 39.17569974250753, -86.54598705004874 39.17684210556759, -86.54503192436502 39.177895924365025, -86.54397810556759 39.178851050048735, -86.54283574250753 39.17969828423627, -86.5416158367656 39.180429467599254, -86.54033013670094 39.18103755844219, -86.53899102430803 39.18151670051786, -86.53761139597125 39.181862279426134, -86.53620453826565 39.18207096705322, -86.534784 39.18214075362319, -86.53336346173435 39.18207096705322, -86.53195660402875 39.181862279426134, -86.53057697569197 39.18151670051786, -86.52923786329906 39.18103755844219, -86.5279521632344 39.180429467599254, -86.52673225749247 39.17969828423627, -86.52558989443241 39.178851050048735, -86.52453607563498 39.177895924365025, -86.52358094995127 39.17684210556759, -86.52273371576374 39.17569974250753, -86.52200253240075 39.17447983676559, -86.5213944415578 39.17319413670094, -86.52091529948214 39.17185502430804, -86.52056972057387 39.170475395971245, -86.52036103294678 39.16906853826565, -86.52029124637681 39.167648))",11,6
902388394,2015-02-04,Weekday,20:00:00,1-Car,No injury/unknown,RAN OFF ROAD RIGHT,SR37N & W BURMA,39.31173574,-86.51283861,"39.31173574,-86.51283861",0,Clear,1,POINT (-86.51283861 39.31173574),1.0,,20,6
902508036,2015-08-07,Weekend,08:00:00,2-Car,No injury/unknown,,E 4TH & S CLARK,39.165648,-86.5048,"39.165648,-86.5048",6,Clear,1,POINT (-86.5048 39.165648),0.0,"POLYGON ((-86.49030724637682 39.165648, -86.49037703294678 39.16422746173435, -86.49058572057388 39.16282060402875, -86.49093129948214 39.16144097569196, -86.4914104415578 39.160101863299055, -86.49201853240075 39.158816163234405, -86.49274971576374 39.157596257492465, -86.49359694995127 39.15645389443241, -86.49455207563499 39.15540007563497, -86.49560589443242 39.15444494995126, -86.49674825749247 39.15359771576373, -86.4979681632344 39.15286653240074, -86.49925386329906 39.152258441557805, -86.50059297569197 39.151779299482136, -86.50197260402875 39.15143372057386, -86.50337946173435 39.151225032946776, -86.5048 39.15115524637681, -86.50622053826565 39.151225032946776, -86.50762739597126 39.15143372057386, -86.50900702430803 39.151779299482136, -86.51034613670095 39.152258441557805, -86.5116318367656 39.15286653240074, -86.51285174250754 39.15359771576373, -86.51399410556759 39.15444494995126, -86.51504792436502 39.15540007563497, -86.51600305004874 39.15645389443241, -86.51685028423627 39.157596257492465, -86.51758146759926 39.158816163234405, -86.5181895584422 39.160101863299055, -86.51866870051786 39.16144097569196, -86.51901427942613 39.16282060402875, -86.51922296705322 39.16422746173435, -86.51929275362319 39.165648, -86.51922296705322 39.167068538265646, -86.51901427942613 39.16847539597124, -86.51866870051786 39.169855024308035, -86.5181895584422 39.17119413670094, -86.51758146759926 39.17247983676559, -86.51685028423627 39.17369974250753, -86.51600305004874 39.174842105567585, -86.51504792436502 39.17589592436502, -86.51399410556759 39.17685105004873, -86.51285174250754 39.177698284236264, -86.5116318367656 39.17842946759925, -86.51034613670095 39.17903755844219, -86.50900702430803 39.17951670051786, -86.50762739597126 39.17986227942613, -86.50622053826565 39.18007096705322, -86.5048 39.180140753623185, -86.50337946173435 39.18007096705322, -86.50197260402875 39.17986227942613, -86.50059297569197 39.17951670051786, -86.49925386329906 39.17903755844219, -86.4979681632344 39.17842946759925, -86.49674825749247 39.177698284236264, -86.49560589443242 39.17685105004873, -86.49455207563499 39.17589592436502, -86.49359694995127 39.174842105567585, -86.49274971576374 39.17369974250753, -86.49201853240075 39.17247983676559, -86.4914104415578 39.17119413670094, -86.49093129948214 39.169855024308035, -86.49058572057388 39.16847539597124, -86.49037703294678 39.167068538265646, -86.49030724637682 39.165648))",8,6
902445769,2015-05-06,Weekday,10:00:00,2-Car,No injury/unknown,IMPROPER TURNING,INDIANA & KIRKWOOD,39.16664,-86.52700185,"39.16664,-86.52700185",43,Clear,1,POINT (-86.52700185 39.16664),0.0,"POLYGON ((-86.51250909637682 39.16664, -86.51257888294678 39.16521946173435, -86.51278757057388 39.163812604028756, -86.51313314948214 39.162432975691964, -86.5136122915578 39.16109386329906, -86.51422038240075 39.15980816323441, -86.51495156576374 39.15858825749247, -86.51579879995127 39.15744589443241, -86.51675392563499 39.156392075634976, -86.51780774443242 39.155436949951266, -86.51895010749247 39.154589715763734, -86.5201700132344 39.15385853240075, -86.52145571329906 39.15325044155781, -86.52279482569197 39.15277129948214, -86.52417445402875 39.152425720573866, -86.52558131173436 39.15221703294678, -86.52700185 39.15214724637681, -86.52842238826565 39.15221703294678, -86.52982924597126 39.152425720573866, -86.53120887430804 39.15277129948214, -86.53254798670095 39.15325044155781, -86.5338336867656 39.15385853240075, -86.53505359250754 39.154589715763734, -86.53619595556759 39.155436949951266, -86.53724977436502 39.156392075634976, -86.53820490004874 39.15744589443241, -86.53905213423627 39.15858825749247, -86.53978331759926 39.15980816323441, -86.5403914084422 39.16109386329906, -86.54087055051787 39.162432975691964, -86.54121612942613 39.163812604028756, -86.54142481705323 39.16521946173435, -86.54149460362319 39.16664, -86.54142481705323 39.16806053826565, -86.54121612942613 39.169467395971246, -86.54087055051787 39.17084702430804, -86.5403914084422 39.172186136700944, -86.53978331759926 39.17347183676559, -86.53905213423627 39.174691742507534, -86.53820490004874 39.17583410556759, -86.53724977436502 39.176887924365026, -86.53619595556759 39.177843050048736, -86.53505359250754 39.17869028423627, -86.5338336867656 39.179421467599255, -86.53254798670095 39.18002955844219, -86.53120887430804 39.18050870051786, -86.52982924597126 39.180854279426136, -86.52842238826565 39.18106296705322, -86.52700185 39.18113275362319, -86.52558131173436 39.18106296705322, -86.52417445402875 39.180854279426136, -86.52279482569197 39.18050870051786, -86.52145571329906 39.18002955844219, -86.5201700132344 39.179421467599255, -86.51895010749247 39.17869028423627, -86.51780774443242 39.177843050048736, -86.51675392563499 39.176887924365026, -86.51579879995127 39.17583410556759, -86.51495156576374 39.174691742507534, -86.51422038240075 39.17347183676559, -86.5136122915578 39.172186136700944, -86.51313314948214 39.17084702430804, -86.51278757057388 39.169467395971246, -86.51257888294678 39.16806053826565, -86.51250909637682 39.16664))",10,6
902535359,2015-10-05,Weekday,17:00:00,Moped/Motorcycle,Non-incapacitating,ROADWAY SURFACE CONDITION,10TH & TAMARRON,39.17361975,-86.48213486,"39.17361975,-86.48213486",4,Clear,2,POINT (-86.48213486 39.17361975),0.0,"POLYGON ((-86.46764210637681 39.17361975, -86.46771189294678 39.17219921173435, -86.46792058057387 39.170792354028755, -86.46826615948214 39.16941272569196, -86.4687453015578 39.16807361329906, -86.46935339240075 39.16678791323441, -86.47008457576374 39.16556800749247, -86.47093180995127 39.16442564443241, -86.47188693563498 39.163371825634975, -86.47294075443241 39.162416699951265, -86.47408311749247 39.16156946576373, -86.4753030232344 39.160838282400746, -86.47658872329906 39.16023019155781, -86.47792783569197 39.15975104948214, -86.47930746402875 39.159405470573866, -86.48071432173435 39.15919678294678, -86.48213486 39.15912699637681, -86.48355539826565 39.15919678294678, -86.48496225597125 39.159405470573866, -86.48634188430803 39.15975104948214, -86.48768099670095 39.16023019155781, -86.4889666967656 39.160838282400746, -86.49018660250753 39.16156946576373, -86.49132896556759 39.162416699951265, -86.49238278436502 39.163371825634975, -86.49333791004874 39.16442564443241, -86.49418514423627 39.16556800749247, -86.49491632759926 39.16678791323441, -86.4955244184422 39.16807361329906, -86.49600356051786 39.16941272569196, -86.49634913942613 39.170792354028755, -86.49655782705322 39.17219921173435, -86.49662761362319 39.17361975, -86.49655782705322 39.17504028826565, -86.49634913942613 39.176447145971245, -86.49600356051786 39.17782677430804, -86.4955244184422 39.17916588670094, -86.49491632759926 39.18045158676559, -86.49418514423627 39.18167149250753, -86.49333791004874 39.18281385556759, -86.49238278436502 39.183867674365025, -86.49132896556759 39.184822800048735, -86.49018660250753 39.18567003423627, -86.4889666967656 39.186401217599254, -86.48768099670095 39.18700930844219, -86.48634188430803 39.18748845051786, -86.48496225597125 39.187834029426135, -86.48355539826565 39.18804271705322, -86.48213486 39.18811250362319, -86.48071432173435 39.18804271705322, -86.47930746402875 39.187834029426135, -86.47792783569197 39.18748845051786, -86.47658872329906 39.18700930844219, -86.4753030232344 39.186401217599254, -86.47408311749247 39.18567003423627, -86.47294075443241 39.184822800048735, -86.47188693563498 39.183867674365025, -86.47093180995127 39.18281385556759, -86.47008457576374 39.18167149250753, -86.46935339240075 39.18045158676559, -86.4687453015578 39.17916588670094, -86.46826615948214 39.17782677430804, -86.46792058057387 39.176447145971245, -86.46771189294678 39.17504028826565, -86.46764210637681 39.17361975))",17,6
902543173,2015-10-03,Weekday,13:00:00,1-Car,Incapacitating,OTHER (DRIVER) - EXPLAIN IN NARRATIVE,N KINSER PILE,39.206688,-86.547456,"39.206688,-86.547456",0,Heavy rain at times,2,POINT (-86.547456 39.206688),0.0,,13,4
902513847,2015-09-04,Weekday,17:00:00,2-Car,No injury/unknown,FOLLOWING TOO CLOSELY,HILLSIDE & WOODLAWN,39.15052995,-86.52261994,"39.15052995,-86.52261994",5,Clear,1,POINT (-86.52261994 39.15052995),0.0,"POLYGON ((-86.50812718637681 39.15052995, -86.50819697294678 39.14910941173435, -86.50840566057387 39.147702554028754, -86.50875123948214 39.14632292569196, -86.5092303815578 39.144983813299056, -86.50983847240074 39.14369811323441, -86.51056965576373 39.142478207492466, -86.51141688995126 39.14133584443241, -86.51237201563498 39.140282025634974, -86.51342583443241 39.139326899951264, -86.51456819749247 39.13847966576373, -86.5157881032344 39.137748482400745, -86.51707380329906 39.13714039155781, -86.51841291569197 39.13666124948214, -86.51979254402875 39.136315670573865, -86.52119940173435 39.13610698294678, -86.52261994 39.13603719637681, -86.52404047826565 39.13610698294678, -86.52544733597125 39.136315670573865, -86.52682696430803 39.13666124948214, -86.52816607670094 39.13714039155781, -86.5294517767656 39.137748482400745, -86.53067168250753 39.13847966576373, -86.53181404556759 39.139326899951264, -86.53286786436502 39.140282025634974, -86.53382299004873 39.14133584443241, -86.53467022423627 39.142478207492466, -86.53540140759925 39.14369811323441, -86.5360094984422 39.144983813299056, -86.53648864051786 39.14632292569196, -86.53683421942613 39.147702554028754, -86.53704290705322 39.14910941173435, -86.53711269362319 39.15052995, -86.53704290705322 39.15195048826565, -86.53683421942613 39.153357345971244, -86.53648864051786 39.15473697430804, -86.5360094984422 39.15607608670094, -86.53540140759925 39.15736178676559, -86.53467022423627 39.15858169250753, -86.53382299004873 39.15972405556759, -86.53286786436502 39.160777874365024, -86.53181404556759 39.161733000048734, -86.53067168250753 39.162580234236266, -86.5294517767656 39.16331141759925, -86.52816607670094 39.16391950844219, -86.52682696430803 39.16439865051786, -86.52544733597125 39.164744229426134, -86.52404047826565 39.16495291705322, -86.52261994 39.16502270362319, -86.52119940173435 39.16495291705322, -86.51979254402875 39.164744229426134, -86.51841291569197 39.16439865051786, -86.51707380329906 39.16391950844219, -86.5157881032344 39.16331141759925, -86.51456819749247 39.162580234236266, -86.51342583443241 39.161733000048734, -86.51237201563498 39.160777874365024, -86.51141688995126 39.15972405556759, -86.51056965576373 39.15858169250753, -86.50983847240074 39.15736178676559, -86.5092303815578 39.15607608670094, -86.50875123948214 39.15473697430804, -86.50840566057387 39.153357345971244, -86.50819697294678 39.15195048826565, -86.50812718637681 39.15052995))",17,6
902599061,2015-12-05,Weekday,10:00:00,2-Car,No injury/unknown,FAILURE TO YIELD RIGHT OF WAY,GATES,39.16803807,-86.57621853,"39.16803807,-86.57621853",5,Clear,1,POINT (-86.57621853 39.16803807),0.0,"POLYGON ((-86.56172577637682 39.16803807, -86.56179556294678 39.16661753173435, -86.56200425057388 39.165210674028756, -86.56234982948214 39.163831045691964, -86.5628289715578 39.16249193329906, -86.56343706240075 39.16120623323441, -86.56416824576374 39.15998632749247, -86.56501547995127 39.158843964432414, -86.56597060563499 39.157790145634976, -86.56702442443242 39.15683501995127, -86.56816678749247 39.155987785763735, -86.5693866932344 39.15525660240075, -86.57067239329906 39.15464851155781, -86.57201150569198 39.15416936948214, -86.57339113402875 39.15382379057387, -86.57479799173436 39.15361510294678, -86.57621853 39.153545316376814, -86.57763906826565 39.15361510294678, -86.57904592597126 39.15382379057387, -86.58042555430804 39.15416936948214, -86.58176466670095 39.15464851155781, -86.5830503667656 39.15525660240075, -86.58427027250754 39.155987785763735, -86.5854126355676 39.15683501995127, -86.58646645436502 39.157790145634976, -86.58742158004874 39.158843964432414, -86.58826881423627 39.15998632749247, -86.58899999759926 39.16120623323441, -86.5896080884422 39.16249193329906, -86.59008723051787 39.163831045691964, -86.59043280942613 39.165210674028756, -86.59064149705323 39.16661753173435, -86.5907112836232 39.16803807, -86.59064149705323 39.16945860826565, -86.59043280942613 39.17086546597125, -86.59008723051787 39.17224509430804, -86.5896080884422 39.173584206700944, -86.58899999759926 39.17486990676559, -86.58826881423627 39.176089812507534, -86.58742158004874 39.17723217556759, -86.58646645436502 39.17828599436503, -86.5854126355676 39.17924112004874, -86.58427027250754 39.18008835423627, -86.5830503667656 39.180819537599255, -86.58176466670095 39.181427628442194, -86.58042555430804 39.18190677051786, -86.57904592597126 39.182252349426136, -86.57763906826565 39.18246103705322, -86.57621853 39.18253082362319, -86.57479799173436 39.18246103705322, -86.57339113402875 39.182252349426136, -86.57201150569198 39.18190677051786, -86.57067239329906 39.181427628442194, -86.5693866932344 39.180819537599255, -86.56816678749247 39.18008835423627, -86.56702442443242 39.17924112004874, -86.56597060563499 39.17828599436503, -86.56501547995127 39.17723217556759, -86.56416824576374 39.176089812507534, -86.56343706240075 39.17486990676559, -86.5628289715578 39.173584206700944, -86.56234982948214 39.17224509430804, -86.56200425057388 39.17086546597125, -86.56179556294678 39.16945860826565, -86.56172577637682 39.16803807))",10,6
902384628,2015-01-07,Weekend,19:00:00,2-Car,No injury/unknown,FAILURE TO YIELD RIGHT OF WAY,EAST RHORER & SOUTH WALNUT STREET,39.12144,-86.526496,"39.12144,-86.526496",0,Overcast,1,POINT (-86.526496 39.12144),0.0,,19,6
902405042,2015-03-01,Weekday,22:00:00,3+ Cars,No injury/unknown,SPEED TOO FAST FOR WEATHER CONDITIONS,1ST & ROGERS,39.159504,-86.538592,"39.159504,-86.538592",41,Patchy moderate snow,1,POINT (-86.538592 39.159504),0.0,"POLYGON ((-86.5240992463768 39.159504, -86.52416903294677 39.15808346173435, -86.52437772057387 39.15667660402875, -86.52472329948213 39.15529697569196, -86.5252024415578 39.153957863299055, -86.52581053240074 39.152672163234406, -86.52654171576373 39.151452257492465, -86.52738894995126 39.15030989443241, -86.52834407563498 39.14925607563497, -86.5293978944324 39.14830094995126, -86.53054025749246 39.14745371576373, -86.5317601632344 39.146722532400744, -86.53304586329905 39.146114441557806, -86.53438497569196 39.14563529948214, -86.53576460402874 39.145289720573864, -86.53717146173435 39.14508103294678, -86.538592 39.14501124637681, -86.54001253826564 39.14508103294678, -86.54141939597125 39.145289720573864, -86.54279902430802 39.14563529948214, -86.54413813670094 39.146114441557806, -86.5454238367656 39.146722532400744, -86.54664374250753 39.14745371576373, -86.54778610556758 39.14830094995126, -86.54883992436501 39.14925607563497, -86.54979505004873 39.15030989443241, -86.55064228423626 39.151452257492465, -86.55137346759925 39.152672163234406, -86.5519815584422 39.153957863299055, -86.55246070051786 39.15529697569196, -86.55280627942612 39.15667660402875, -86.55301496705322 39.15808346173435, -86.55308475362318 39.159504, -86.55301496705322 39.16092453826565, -86.55280627942612 39.16233139597124, -86.55246070051786 39.163711024308036, -86.5519815584422 39.16505013670094, -86.55137346759925 39.16633583676559, -86.55064228423626 39.16755574250753, -86.54979505004873 39.168698105567586, -86.54883992436501 39.16975192436502, -86.54778610556758 39.17070705004873, -86.54664374250753 39.171554284236265, -86.5454238367656 39.17228546759925, -86.54413813670094 39.17289355844219, -86.54279902430802 39.17337270051786, -86.54141939597125 39.17371827942613, -86.54001253826564 39.17392696705322, -86.538592 39.173996753623186, -86.53717146173435 39.17392696705322, -86.53576460402874 39.17371827942613, -86.53438497569196 39.17337270051786, -86.53304586329905 39.17289355844219, -86.5317601632344 39.17228546759925, -86.53054025749246 39.171554284236265, -86.5293978944324 39.17070705004873, -86.52834407563498 39.16975192436502, -86.52738894995126 39.168698105567586, -86.52654171576373 39.16755574250753, -86.52581053240074 39.16633583676559, -86.5252024415578 39.16505013670094, -86.52472329948213 39.163711024308036, -86.52437772057387 39.16233139597124, -86.52416903294677 39.16092453826565, -86.5240992463768 39.159504))",22,1
902438510,2015-05-07,Weekend,15:00:00,2-Car,No injury/unknown,IMPROPER TURNING,STATE ROAD 46,39.207648,-86.573792,"39.207648,-86.573792",0,Clear,1,POINT (-86.573792 39.207648),0.0,,15,5
902427112,2015-04-06,Weekday,17:00:00,2-Car,No injury/unknown,FOLLOWING TOO CLOSELY,W THIRD,39.164752,-86.573104,"39.164752,-86.573104",5,Clear,1,POINT (-86.573104 39.164752),0.0,"POLYGON ((-86.55861124637681 39.164752, -86.55868103294678 39.16333146173435, -86.55888972057387 39.161924604028755, -86.55923529948214 39.16054497569196, -86.5597144415578 39.15920586329906, -86.56032253240075 39.15792016323441, -86.56105371576373 39.15670025749247, -86.56190094995127 39.15555789443241, -86.56285607563498 39.154504075634975, -86.56390989443241 39.153548949951265, -86.56505225749247 39.15270171576373, -86.5662721632344 39.151970532400746, -86.56755786329906 39.15136244155781, -86.56889697569197 39.15088329948214, -86.57027660402875 39.150537720573865, -86.57168346173435 39.15032903294678, -86.573104 39.15025924637681, -86.57452453826565 39.15032903294678, -86.57593139597125 39.150537720573865, -86.57731102430803 39.15088329948214, -86.57865013670094 39.15136244155781, -86.5799358367656 39.151970532400746, -86.58115574250753 39.15270171576373, -86.58229810556759 39.153548949951265, -86.58335192436502 39.154504075634975, -86.58430705004874 39.15555789443241, -86.58515428423627 39.15670025749247, -86.58588546759925 39.15792016323441, -86.5864935584422 39.15920586329906, -86.58697270051786 39.16054497569196, -86.58731827942613 39.161924604028755, -86.58752696705322 39.16333146173435, -86.58759675362319 39.164752, -86.58752696705322 39.16617253826565, -86.58731827942613 39.167579395971245, -86.58697270051786 39.16895902430804, -86.5864935584422 39.17029813670094, -86.58588546759925 39.17158383676559, -86.58515428423627 39.17280374250753, -86.58430705004874 39.17394610556759, -86.58335192436502 39.174999924365025, -86.58229810556759 39.175955050048735, -86.58115574250753 39.17680228423627, -86.5799358367656 39.177533467599254, -86.57865013670094 39.17814155844219, -86.57731102430803 39.17862070051786, -86.57593139597125 39.178966279426135, -86.57452453826565 39.17917496705322, -86.573104 39.17924475362319, -86.57168346173435 39.17917496705322, -86.57027660402875 39.178966279426135, -86.56889697569197 39.17862070051786, -86.56755786329906 39.17814155844219, -86.5662721632344 39.177533467599254, -86.56505225749247 39.17680228423627, -86.56390989443241 39.175955050048735, -86.56285607563498 39.174999924365025, -86.56190094995127 39.17394610556759, -86.56105371576373 39.17280374250753, -86.56032253240075 39.17158383676559, -86.5597144415578 39.17029813670094, -86.55923529948214 39.16895902430804, -86.55888972057387 39.167579395971245, -86.55868103294678 39.16617253826565, -86.55861124637681 39.164752))",17,6
902525847,2015-09-03,Weekday,20:00:00,Moped/Motorcycle,Incapacitating,UNSAFE SPEED,ROGERS & SARE,39.13584,-86.496288,"39.13584,-86.496288",0,Clear,2,POINT (-86.496288 39.13584),0.0,,20,6